construct_id	junction	tag_form	pareto_non_dominated_within_panel	support_layer_count	caution_layer_count	leave_out_direct_phenotype_effect	leave_out_PLM_effect	leave_out_structure_effect	C_terminal_bias_check	tag_family_bias_check	robustness_class
A89_2C_289_290_MAP8	289|290	MAP8	no	6	2	would_improve_rank_but_conflict_must_remain_visible	not_single_PLM_dependent	not_structure_only	C_terminal_cluster	MAP8	broad_consensus_with_explicit_conflict
A89_2C_289_290_G196_minimal	289|290	G196_minimal	no	6	2	would_improve_rank_but_conflict_must_remain_visible	not_single_PLM_dependent	not_structure_only	C_terminal_cluster	G196_minimal	broad_consensus_with_explicit_conflict
A89_2C_289_290_HA	289|290	HA	yes	6	2	would_improve_rank_but_conflict_must_remain_visible	not_single_PLM_dependent	not_structure_only	C_terminal_cluster	HA	broad_consensus_with_explicit_conflict
A89_2C_288_289_MAP8	288|289	MAP8	no	7	2	would_improve_rank_but_conflict_must_remain_visible	not_single_PLM_dependent	not_structure_only	C_terminal_cluster	MAP8	broad_consensus_with_explicit_conflict
A89_2C_288_289_G196_minimal	288|289	G196_minimal	no	7	2	would_improve_rank_but_conflict_must_remain_visible	not_single_PLM_dependent	not_structure_only	C_terminal_cluster	G196_minimal	broad_consensus_with_explicit_conflict
A89_2C_288_289_HA	288|289	HA	yes	7	2	would_improve_rank_but_conflict_must_remain_visible	not_single_PLM_dependent	not_structure_only	C_terminal_cluster	HA	broad_consensus_with_explicit_conflict
A89_2C_290_291_MAP8	290|291	MAP8	no	5	2	would_improve_rank_but_conflict_must_remain_visible	not_single_PLM_dependent	not_structure_only	C_terminal_cluster	MAP8	broad_consensus_with_explicit_conflict
A89_2C_290_291_G196_minimal	290|291	G196_minimal	no	5	2	would_improve_rank_but_conflict_must_remain_visible	not_single_PLM_dependent	not_structure_only	C_terminal_cluster	G196_minimal	broad_consensus_with_explicit_conflict
A89_2C_287_288_MAP8	287|288	MAP8	no	4	2	would_improve_rank_but_conflict_must_remain_visible	not_single_PLM_dependent	not_structure_only	C_terminal_cluster	MAP8	broad_consensus_with_explicit_conflict
A89_2C_287_288_G196_minimal	287|288	G196_minimal	no	6	2	would_improve_rank_but_conflict_must_remain_visible	not_single_PLM_dependent	not_structure_only	C_terminal_cluster	G196_minimal	broad_consensus_with_explicit_conflict
A89_2C_224_225_HA	224|225	HA	no	5	1	would_improve_rank_but_conflict_must_remain_visible	not_single_PLM_dependent	not_structure_only	non_C_terminal_or_control	HA	broad_consensus_with_explicit_conflict
A89_2C_224_225_MAP8	224|225	MAP8	no	4	1	would_improve_rank_but_conflict_must_remain_visible	not_single_PLM_dependent	not_structure_only	non_C_terminal_or_control	MAP8	broad_consensus_with_explicit_conflict
A89_2C_224_225_G196_minimal	224|225	G196_minimal	no	4	1	would_improve_rank_but_conflict_must_remain_visible	not_single_PLM_dependent	not_structure_only	non_C_terminal_or_control	G196_minimal	broad_consensus_with_explicit_conflict
A89_2C_248_249_MAP8	248|249	MAP8	yes	6	1	would_improve_rank_but_conflict_must_remain_visible	not_single_PLM_dependent	not_structure_only	non_C_terminal_or_control	MAP8	broad_consensus_with_explicit_conflict
A89_2C_248_249_HA	248|249	HA	no	4	2	would_improve_rank_but_conflict_must_remain_visible	not_single_PLM_dependent	not_structure_only	non_C_terminal_or_control	HA	broad_consensus_with_explicit_conflict
A89_2C_203_204_G196_minimal	203|204	G196_minimal	no	3	3	would_improve_rank_but_conflict_must_remain_visible	not_single_PLM_dependent	not_structure_only	non_C_terminal_or_control	G196_minimal	multi_layer_candidate
A89_2C_256_257_MAP8	256|257	MAP8	yes	2	3	would_improve_rank_but_conflict_must_remain_visible	not_single_PLM_dependent	not_structure_only	non_C_terminal_or_control	MAP8	oligomer_disfavored
A89_2C_155_156_MAP8	155|156	MAP8	yes	4	4	would_improve_rank_but_conflict_must_remain_visible	not_single_PLM_dependent	not_structure_only	non_C_terminal_or_control	MAP8	hard_negative_control
