system_id	construct_id	junction	tag_form	replica	slurm_array_index	row_type	local_dssp_H_fraction	local_dssp_E_fraction	local_dssp_C_fraction	replica_count	local_dssp_H_fraction_sd_across_replicas	local_dssp_H_fraction_bootstrap_ci95_low_n3	local_dssp_H_fraction_bootstrap_ci95_high_n3	local_dssp_E_fraction_sd_across_replicas	local_dssp_E_fraction_bootstrap_ci95_low_n3	local_dssp_E_fraction_bootstrap_ci95_high_n3	local_dssp_C_fraction_sd_across_replicas	local_dssp_C_fraction_bootstrap_ci95_low_n3	local_dssp_C_fraction_bootstrap_ci95_high_n3
WT_112_321	WT_112_321	WT	WT	1	0	replica	NA	NA	NA	NA	NA	NA	NA	NA	NA	NA	NA	NA	NA
WT_112_321	WT_112_321	WT	WT	2	1	replica	NA	NA	NA	NA	NA	NA	NA	NA	NA	NA	NA	NA	NA
WT_112_321	WT_112_321	WT	WT	3	2	replica	NA	NA	NA	NA	NA	NA	NA	NA	NA	NA	NA	NA	NA
A89_2C_289_290_MAP8_112_321	A89_2C_289_290_MAP8	289|290	MAP8	1	3	replica	0.1546434494195688	0.41708126036484244	0.42827529021558874	NA	NA	NA	NA	NA	NA	NA	NA	NA	NA
A89_2C_289_290_MAP8_112_321	A89_2C_289_290_MAP8	289|290	MAP8	2	4	replica	0.2898009950248756	0.4116915422885572	0.29850746268656714	NA	NA	NA	NA	NA	NA	NA	NA	NA	NA
A89_2C_289_290_MAP8_112_321	A89_2C_289_290_MAP8	289|290	MAP8	3	5	replica	0.09908789386401327	0.3167495854063018	0.5841625207296849	NA	NA	NA	NA	NA	NA	NA	NA	NA	NA
A89_2C_289_290_G196_minimal_112_321	A89_2C_289_290_G196_minimal	289|290	G196_minimal	1	6	replica	0.08996683250414594	0.28814262023217246	0.6218905472636815	NA	NA	NA	NA	NA	NA	NA	NA	NA	NA
A89_2C_289_290_G196_minimal_112_321	A89_2C_289_290_G196_minimal	289|290	G196_minimal	2	7	replica	0.1285240464344942	0.33665008291873966	0.5348258706467661	NA	NA	NA	NA	NA	NA	NA	NA	NA	NA
A89_2C_289_290_G196_minimal_112_321	A89_2C_289_290_G196_minimal	289|290	G196_minimal	3	8	replica	0.11691542288557213	0.34577114427860695	0.5373134328358209	NA	NA	NA	NA	NA	NA	NA	NA	NA	NA
A89_2C_288_289_HA_112_321	A89_2C_288_289_HA	288|289	HA	1	9	replica	0.0	0.46185737976782754	0.5381426202321725	NA	NA	NA	NA	NA	NA	NA	NA	NA	NA
A89_2C_288_289_HA_112_321	A89_2C_288_289_HA	288|289	HA	2	10	replica	0.0	0.4058872305140962	0.5941127694859039	NA	NA	NA	NA	NA	NA	NA	NA	NA	NA
A89_2C_288_289_HA_112_321	A89_2C_288_289_HA	288|289	HA	3	11	replica	0.0	0.41956882255389716	0.5804311774461028	NA	NA	NA	NA	NA	NA	NA	NA	NA	NA
A89_2C_288_289_MAP8_112_321	A89_2C_288_289_MAP8	288|289	MAP8	1	12	replica	0.0	0.3917910447761194	0.6082089552238806	NA	NA	NA	NA	NA	NA	NA	NA	NA	NA
A89_2C_288_289_MAP8_112_321	A89_2C_288_289_MAP8	288|289	MAP8	2	13	replica	0.0	0.5804311774461028	0.41956882255389716	NA	NA	NA	NA	NA	NA	NA	NA	NA	NA
A89_2C_288_289_MAP8_112_321	A89_2C_288_289_MAP8	288|289	MAP8	3	14	replica	0.0	0.601575456053068	0.398424543946932	NA	NA	NA	NA	NA	NA	NA	NA	NA	NA
A89_2C_290_291_MAP8_112_321	A89_2C_290_291_MAP8	290|291	MAP8	1	15	replica	0.16666666666666666	0.30472636815920395	0.5286069651741293	NA	NA	NA	NA	NA	NA	NA	NA	NA	NA
A89_2C_290_291_MAP8_112_321	A89_2C_290_291_MAP8	290|291	MAP8	2	16	replica	0.16666666666666666	0.3756218905472637	0.4577114427860697	NA	NA	NA	NA	NA	NA	NA	NA	NA	NA
A89_2C_290_291_MAP8_112_321	A89_2C_290_291_MAP8	290|291	MAP8	3	17	replica	0.16666666666666666	0.332089552238806	0.5012437810945274	NA	NA	NA	NA	NA	NA	NA	NA	NA	NA
A89_2C_224_225_HA_112_321	A89_2C_224_225_HA	224|225	HA	1	18	replica	0.4154228855721393	0.0	0.5845771144278606	NA	NA	NA	NA	NA	NA	NA	NA	NA	NA
A89_2C_224_225_HA_112_321	A89_2C_224_225_HA	224|225	HA	2	19	replica	0.4552238805970149	0.0	0.5447761194029851	NA	NA	NA	NA	NA	NA	NA	NA	NA	NA
A89_2C_224_225_HA_112_321	A89_2C_224_225_HA	224|225	HA	3	20	replica	0.41998341625207297	0.0	0.5800165837479271	NA	NA	NA	NA	NA	NA	NA	NA	NA	NA
A89_2C_224_225_MAP8_112_321	A89_2C_224_225_MAP8	224|225	MAP8	1	21	replica	0.41252072968490877	0.0	0.5874792703150912	NA	NA	NA	NA	NA	NA	NA	NA	NA	NA
A89_2C_224_225_MAP8_112_321	A89_2C_224_225_MAP8	224|225	MAP8	2	22	replica	0.41459369817578773	0.0	0.5854063018242123	NA	NA	NA	NA	NA	NA	NA	NA	NA	NA
A89_2C_224_225_MAP8_112_321	A89_2C_224_225_MAP8	224|225	MAP8	3	23	replica	0.3901326699834162	0.0	0.6098673300165838	NA	NA	NA	NA	NA	NA	NA	NA	NA	NA
A89_2C_248_249_MAP8_112_321	A89_2C_248_249_MAP8	248|249	MAP8	1	24	replica	0.20771144278606965	0.25	0.5422885572139303	NA	NA	NA	NA	NA	NA	NA	NA	NA	NA
A89_2C_248_249_MAP8_112_321	A89_2C_248_249_MAP8	248|249	MAP8	2	25	replica	0.19154228855721392	0.24917081260364843	0.5592868988391376	NA	NA	NA	NA	NA	NA	NA	NA	NA	NA
A89_2C_248_249_MAP8_112_321	A89_2C_248_249_MAP8	248|249	MAP8	3	26	replica	0.20149253731343283	0.24958540630182421	0.548922056384743	NA	NA	NA	NA	NA	NA	NA	NA	NA	NA
A89_2C_248_249_HA_112_321	A89_2C_248_249_HA	248|249	HA	1	27	replica	0.22388059701492538	0.25	0.5261194029850746	NA	NA	NA	NA	NA	NA	NA	NA	NA	NA
A89_2C_248_249_HA_112_321	A89_2C_248_249_HA	248|249	HA	2	28	replica	0.24212271973466004	0.25	0.50787728026534	NA	NA	NA	NA	NA	NA	NA	NA	NA	NA
A89_2C_248_249_HA_112_321	A89_2C_248_249_HA	248|249	HA	3	29	replica	0.2155887230514096	0.2470978441127695	0.5373134328358209	NA	NA	NA	NA	NA	NA	NA	NA	NA	NA
A89_2C_203_204_G196_minimal_112_321	A89_2C_203_204_G196_minimal	203|204	G196_minimal	1	30	replica	0.00538971807628524	0.14096185737976782	0.853648424543947	NA	NA	NA	NA	NA	NA	NA	NA	NA	NA
A89_2C_203_204_G196_minimal_112_321	A89_2C_203_204_G196_minimal	203|204	G196_minimal	2	31	replica	0.005804311774461028	0.006218905472636816	0.9879767827529021	NA	NA	NA	NA	NA	NA	NA	NA	NA	NA
A89_2C_203_204_G196_minimal_112_321	A89_2C_203_204_G196_minimal	203|204	G196_minimal	3	32	replica	0.03067993366500829	0.002902155887230514	0.9664179104477612	NA	NA	NA	NA	NA	NA	NA	NA	NA	NA
A89_2C_256_257_MAP8_112_321	A89_2C_256_257_MAP8	256|257	MAP8	1	33	replica	0.09825870646766169	0.1625207296849088	0.7392205638474295	NA	NA	NA	NA	NA	NA	NA	NA	NA	NA
A89_2C_256_257_MAP8_112_321	A89_2C_256_257_MAP8	256|257	MAP8	2	34	replica	0.13308457711442787	0.15422885572139303	0.7126865671641791	NA	NA	NA	NA	NA	NA	NA	NA	NA	NA
A89_2C_256_257_MAP8_112_321	A89_2C_256_257_MAP8	256|257	MAP8	3	35	replica	0.15049751243781095	0.16169154228855723	0.6878109452736318	NA	NA	NA	NA	NA	NA	NA	NA	NA	NA
A89_2C_155_156_MAP8_112_321	A89_2C_155_156_MAP8	155|156	MAP8	1	36	replica	0.0	0.13059701492537312	0.8694029850746269	NA	NA	NA	NA	NA	NA	NA	NA	NA	NA
A89_2C_155_156_MAP8_112_321	A89_2C_155_156_MAP8	155|156	MAP8	2	37	replica	0.0	0.02197346600331675	0.9780265339966833	NA	NA	NA	NA	NA	NA	NA	NA	NA	NA
A89_2C_155_156_MAP8_112_321	A89_2C_155_156_MAP8	155|156	MAP8	3	38	replica	0.0	0.11691542288557213	0.8830845771144279	NA	NA	NA	NA	NA	NA	NA	NA	NA	NA
WT_112_321	WT_112_321	WT	WT	summary	summary	construct_summary	NA	NA	NA	3.0	NA	NA	NA	NA	NA	NA	NA	NA	NA
A89_2C_289_290_MAP8_112_321	A89_2C_289_290_MAP8	289|290	MAP8	summary	summary	construct_summary	0.18117744610281925	0.38184079601990045	0.4369817578772803	3.0	0.098086245078443	0.09908789386401327	0.2898009950248756	0.05643502050671509	0.3167495854063018	0.41708126036484244	0.14302641357722112	0.29850746268656714	0.5841625207296849
A89_2C_289_290_G196_minimal_112_321	A89_2C_289_290_G196_minimal	289|290	G196_minimal	summary	summary	construct_summary	0.11180210060807076	0.32352128247650636	0.5646766169154228	3.0	0.019780653049200733	0.08996683250414594	0.1285240464344942	0.030976374008776564	0.28814262023217246	0.34577114427860695	0.04956432548550067	0.5348258706467661	0.6218905472636815
A89_2C_288_289_HA_112_321	A89_2C_288_289_HA	288|289	HA	summary	summary	construct_summary	0.0	0.4291044776119403	0.5708955223880597	3.0	0.0	0.0	0.0	0.029178090066190564	0.4058872305140962	0.46185737976782754	0.029178090066190553	0.5381426202321725	0.5941127694859039
A89_2C_288_289_MAP8_112_321	A89_2C_288_289_MAP8	288|289	MAP8	summary	summary	construct_summary	0.0	0.5245992260917635	0.4754007739082366	3.0	0.0	0.0	0.0	0.1155001294273256	0.3917910447761194	0.601575456053068	0.11550012942732565	0.398424543946932	0.6082089552238806
A89_2C_290_291_MAP8_112_321	A89_2C_290_291_MAP8	290|291	MAP8	summary	summary	construct_summary	0.16666666666666666	0.33747927031509123	0.49585406301824214	3.0	0.0	0.16666666666666666	0.16666666666666666	0.035753749025456714	0.30472636815920395	0.3756218905472637	0.03575374902545666	0.4577114427860696	0.5286069651741293
A89_2C_224_225_HA_112_321	A89_2C_224_225_HA	224|225	HA	summary	summary	construct_summary	0.43021006080707574	0.0	0.5697899391929243	3.0	0.021782286275396318	0.4154228855721393	0.45522388059701485	0.0	0.0	0.0	0.021782286275396315	0.5447761194029851	0.5845771144278606
A89_2C_224_225_MAP8_112_321	A89_2C_224_225_MAP8	224|225	MAP8	summary	summary	construct_summary	0.40574903261470424	0.0	0.5942509673852957	3.0	0.013563826376246521	0.3901326699834162	0.4145936981757877	0.0	0.0	0.0	0.013563826376246535	0.5854063018242123	0.6098673300165838
A89_2C_248_249_MAP8_112_321	A89_2C_248_249_MAP8	248|249	MAP8	summary	summary	construct_summary	0.20024875621890548	0.24958540630182421	0.5501658374792703	3.0	0.008156018065052244	0.19154228855721392	0.20771144278606965	0.00041459369817578584	0.2491708126036484	0.25	0.008567155190618498	0.5422885572139303	0.5592868988391376
A89_2C_248_249_HA_112_321	A89_2C_248_249_HA	248|249	HA	summary	summary	construct_summary	0.22719734660033167	0.2490326147042565	0.5237700386954118	3.0	0.013574382706256143	0.2155887230514096	0.24212271973466004	0.0016755604827227869	0.2470978441127695	0.25	0.01485804172703506	0.50787728026534	0.5373134328358209
A89_2C_203_204_G196_minimal_112_321	A89_2C_203_204_G196_minimal	203|204	G196_minimal	summary	summary	construct_summary	0.013957987838584852	0.05002763957987838	0.9360143725815367	3.0	0.01448311348260525	0.00538971807628524	0.03067993366500829	0.07876880208630427	0.0029021558872305135	0.14096185737976782	0.07214089194670073	0.853648424543947	0.9879767827529021
A89_2C_256_257_MAP8_112_321	A89_2C_256_257_MAP8	256|257	MAP8	summary	summary	construct_summary	0.12728026533996684	0.15948037589828634	0.7132393587617468	3.0	0.026598698063591115	0.0982587064676617	0.15049751243781095	0.004566808082326796	0.15422885572139303	0.1625207296849088	0.02570926689714424	0.687810945273632	0.7392205638474295
A89_2C_155_156_MAP8_112_321	A89_2C_155_156_MAP8	155|156	MAP8	summary	summary	construct_summary	0.0	0.089828634604754	0.910171365395246	3.0	0.0	0.0	0.0	0.05916113098676354	0.02197346600331675	0.13059701492537312	0.059161130986763545	0.8694029850746269	0.9780265339966833
