construct_id	junction	tag_form	metric	burnin_ns	truncation_ns	mean_across_replicas	sd_across_replicas	replica_count
A89_2C_155_156_MAP8	155|156	MAP8	self_drift_rmsd_mean_A	0	10	1.8424414557837636	0.1789149969478633	3
A89_2C_155_156_MAP8	155|156	MAP8	self_drift_rmsd_mean_A	0	15	1.8682907938933264	0.22199228834404577	3
A89_2C_155_156_MAP8	155|156	MAP8	self_drift_rmsd_mean_A	0	20	1.9546133735167406	0.20150568966656454	3
A89_2C_155_156_MAP8	155|156	MAP8	self_drift_rmsd_mean_A	2	10	1.9314439089232207	0.2238365592410479	3
A89_2C_155_156_MAP8	155|156	MAP8	self_drift_rmsd_mean_A	2	15	1.9272693089046797	0.25765338489860923	3
A89_2C_155_156_MAP8	155|156	MAP8	self_drift_rmsd_mean_A	2	20	2.006837887654617	0.22475751576596115	3
A89_2C_155_156_MAP8	155|156	MAP8	self_drift_rmsd_mean_A	5	10	2.02213001511526	0.2512282473808354	3
A89_2C_155_156_MAP8	155|156	MAP8	self_drift_rmsd_mean_A	5	15	1.9718213229169355	0.28383754150288854	3
A89_2C_155_156_MAP8	155|156	MAP8	self_drift_rmsd_mean_A	5	20	2.052445906050219	0.23499101047791876	3
A89_2C_155_156_MAP8	155|156	MAP8	tag_nonlocal_contact_count	0	10	3.003300330033003	1.5103580977718112	3
A89_2C_155_156_MAP8	155|156	MAP8	tag_nonlocal_contact_count	0	15	2.929359823399558	1.3982818112746973	3
A89_2C_155_156_MAP8	155|156	MAP8	tag_nonlocal_contact_count	0	20	3.0514096185737976	1.3869477289019239	3
A89_2C_155_156_MAP8	155|156	MAP8	tag_nonlocal_contact_count	2	10	3.0370370370370368	1.728527331799509	3
A89_2C_155_156_MAP8	155|156	MAP8	tag_nonlocal_contact_count	2	15	2.938931297709923	1.515166224260376	3
A89_2C_155_156_MAP8	155|156	MAP8	tag_nonlocal_contact_count	2	20	3.071823204419889	1.470288134827299	3
A89_2C_155_156_MAP8	155|156	MAP8	tag_nonlocal_contact_count	5	10	3.071895424836601	1.59612339549004	3
A89_2C_155_156_MAP8	155|156	MAP8	tag_nonlocal_contact_count	5	15	2.927392739273927	1.3737898787126017	3
A89_2C_155_156_MAP8	155|156	MAP8	tag_nonlocal_contact_count	5	20	3.0905077262693155	1.3665564652311084	3
A89_2C_155_156_MAP8	155|156	MAP8	tag_total_sasa_A2	0	10	722.0124100788985	47.005808303054856	3
A89_2C_155_156_MAP8	155|156	MAP8	tag_total_sasa_A2	0	15	730.381869621361	42.62024424000686	3
A89_2C_155_156_MAP8	155|156	MAP8	tag_total_sasa_A2	0	20	721.2565069752151	52.498789575021306	3
A89_2C_155_156_MAP8	155|156	MAP8	tag_total_sasa_A2	2	10	721.0732585137763	52.22397323100001	3
A89_2C_155_156_MAP8	155|156	MAP8	tag_total_sasa_A2	2	15	731.0789529349058	45.433075524855134	3
A89_2C_155_156_MAP8	155|156	MAP8	tag_total_sasa_A2	2	20	720.7526984732893	55.37829897292495	3
A89_2C_155_156_MAP8	155|156	MAP8	tag_total_sasa_A2	5	10	717.7309697967729	54.931328948643774	3
A89_2C_155_156_MAP8	155|156	MAP8	tag_total_sasa_A2	5	15	732.363251034576	44.496115970306285	3
A89_2C_155_156_MAP8	155|156	MAP8	tag_total_sasa_A2	5	20	719.5601585674495	56.99209414163701	3
A89_2C_155_156_MAP8	155|156	MAP8	wt_defined_contact_retention	0	10	0.9121090680496621	0.0025224318156781625	3
A89_2C_155_156_MAP8	155|156	MAP8	wt_defined_contact_retention	0	15	0.913234521181541	0.002800048728487834	3
A89_2C_155_156_MAP8	155|156	MAP8	wt_defined_contact_retention	0	20	0.9099699913132749	0.0026926734535195084	3
A89_2C_155_156_MAP8	155|156	MAP8	wt_defined_contact_retention	2	10	0.9116990005878897	0.0017237797661840367	3
A89_2C_155_156_MAP8	155|156	MAP8	wt_defined_contact_retention	2	15	0.9131527929237855	0.002342581624793849	3
A89_2C_155_156_MAP8	155|156	MAP8	wt_defined_contact_retention	2	20	0.9095501183898974	0.002334383775520415	3
A89_2C_155_156_MAP8	155|156	MAP8	wt_defined_contact_retention	5	10	0.9127450980392157	0.001211122480959256	3
A89_2C_155_156_MAP8	155|156	MAP8	wt_defined_contact_retention	5	15	0.9141128398554142	0.0024281380978374953	3
A89_2C_155_156_MAP8	155|156	MAP8	wt_defined_contact_retention	5	20	0.9094765058341219	0.0020073591334079962	3
A89_2C_155_156_MAP8	155|156	MAP8	wt_reference_ensemble_rmsd_mean_A	0	10	1.9004409554462527	0.2578344592222289	3
A89_2C_155_156_MAP8	155|156	MAP8	wt_reference_ensemble_rmsd_mean_A	0	15	1.9256495802325528	0.2506287923595029	3
A89_2C_155_156_MAP8	155|156	MAP8	wt_reference_ensemble_rmsd_mean_A	0	20	2.028323383480055	0.20978335274588122	3
A89_2C_155_156_MAP8	155|156	MAP8	wt_reference_ensemble_rmsd_mean_A	2	10	1.9482804825960442	0.2945108217000379	3
A89_2C_155_156_MAP8	155|156	MAP8	wt_reference_ensemble_rmsd_mean_A	2	15	1.9590783908803318	0.2770029929353468	3
A89_2C_155_156_MAP8	155|156	MAP8	wt_reference_ensemble_rmsd_mean_A	2	20	2.063862887677896	0.22421960703216934	3
A89_2C_155_156_MAP8	155|156	MAP8	wt_reference_ensemble_rmsd_mean_A	5	10	2.0157929405699204	0.2974245362579245	3
A89_2C_155_156_MAP8	155|156	MAP8	wt_reference_ensemble_rmsd_mean_A	5	15	1.9963761394466324	0.28352008089131553	3
A89_2C_155_156_MAP8	155|156	MAP8	wt_reference_ensemble_rmsd_mean_A	5	20	2.109628500321096	0.21733719144695576	3
A89_2C_203_204_G196_minimal	203|204	G196_minimal	self_drift_rmsd_mean_A	0	10	1.9588073015563712	0.38336409302801794	3
A89_2C_203_204_G196_minimal	203|204	G196_minimal	self_drift_rmsd_mean_A	0	15	2.0139760486299774	0.32272854364057557	3
A89_2C_203_204_G196_minimal	203|204	G196_minimal	self_drift_rmsd_mean_A	0	20	2.0512076885880552	0.280484117678407	3
A89_2C_203_204_G196_minimal	203|204	G196_minimal	self_drift_rmsd_mean_A	2	10	2.068250172356754	0.4553476600213603	3
A89_2C_203_204_G196_minimal	203|204	G196_minimal	self_drift_rmsd_mean_A	2	15	2.0900695408154975	0.3583557298001134	3
A89_2C_203_204_G196_minimal	203|204	G196_minimal	self_drift_rmsd_mean_A	2	20	2.1103948724304016	0.3040593051570935	3
A89_2C_203_204_G196_minimal	203|204	G196_minimal	self_drift_rmsd_mean_A	5	10	2.096151049598321	0.47166756972833934	3
A89_2C_203_204_G196_minimal	203|204	G196_minimal	self_drift_rmsd_mean_A	5	15	2.1106391031232423	0.3379481890067814	3
A89_2C_203_204_G196_minimal	203|204	G196_minimal	self_drift_rmsd_mean_A	5	20	2.1281914667451654	0.2850057752971475	3
A89_2C_203_204_G196_minimal	203|204	G196_minimal	tag_nonlocal_contact_count	0	10	9.749174917491748	2.4231008717865605	3
A89_2C_203_204_G196_minimal	203|204	G196_minimal	tag_nonlocal_contact_count	0	15	10.066225165562914	2.393863402957214	3
A89_2C_203_204_G196_minimal	203|204	G196_minimal	tag_nonlocal_contact_count	0	20	10.077943615257048	2.458317312742959	3
A89_2C_203_204_G196_minimal	203|204	G196_minimal	tag_nonlocal_contact_count	2	10	10.082304526748972	2.897879155881621	3
A89_2C_203_204_G196_minimal	203|204	G196_minimal	tag_nonlocal_contact_count	2	15	10.320610687022901	2.6910860154704612	3
A89_2C_203_204_G196_minimal	203|204	G196_minimal	tag_nonlocal_contact_count	2	20	10.263351749539595	2.685107503543746	3
A89_2C_203_204_G196_minimal	203|204	G196_minimal	tag_nonlocal_contact_count	5	10	10.261437908496733	3.177519394350536	3
A89_2C_203_204_G196_minimal	203|204	G196_minimal	tag_nonlocal_contact_count	5	15	10.481848184818482	2.8085381977966453	3
A89_2C_203_204_G196_minimal	203|204	G196_minimal	tag_nonlocal_contact_count	5	20	10.359823399558499	2.7828783291413086	3
A89_2C_203_204_G196_minimal	203|204	G196_minimal	tag_total_sasa_A2	0	10	569.2410484792375	46.95541625941824	3
A89_2C_203_204_G196_minimal	203|204	G196_minimal	tag_total_sasa_A2	0	15	564.1943212513365	51.90670444787728	3
A89_2C_203_204_G196_minimal	203|204	G196_minimal	tag_total_sasa_A2	0	20	559.4467597316153	51.855029220226946	3
A89_2C_203_204_G196_minimal	203|204	G196_minimal	tag_total_sasa_A2	2	10	557.4286382227768	56.80326778645317	3
A89_2C_203_204_G196_minimal	203|204	G196_minimal	tag_total_sasa_A2	2	15	556.1199718213263	58.767302121897345	3
A89_2C_203_204_G196_minimal	203|204	G196_minimal	tag_total_sasa_A2	2	20	553.0783011364455	56.79948364055109	3
A89_2C_203_204_G196_minimal	203|204	G196_minimal	tag_total_sasa_A2	5	10	548.7196595435049	61.44871472376535	3
A89_2C_203_204_G196_minimal	203|204	G196_minimal	tag_total_sasa_A2	5	15	551.3336559333424	61.723089723912466	3
A89_2C_203_204_G196_minimal	203|204	G196_minimal	tag_total_sasa_A2	5	20	549.2725526249698	58.280646010434715	3
A89_2C_203_204_G196_minimal	203|204	G196_minimal	wt_defined_contact_retention	0	10	0.9007072135785007	0.005405495334218463	3
A89_2C_203_204_G196_minimal	203|204	G196_minimal	wt_defined_contact_retention	0	15	0.9019814990013666	0.005077319822895343	3
A89_2C_203_204_G196_minimal	203|204	G196_minimal	wt_defined_contact_retention	0	20	0.9022506515043829	0.006173978351620306	3
A89_2C_203_204_G196_minimal	203|204	G196_minimal	wt_defined_contact_retention	2	10	0.899647266313933	0.006359268704690617	3
A89_2C_203_204_G196_minimal	203|204	G196_minimal	wt_defined_contact_retention	2	15	0.901520659154247	0.005654223493025165	3
A89_2C_203_204_G196_minimal	203|204	G196_minimal	wt_defined_contact_retention	2	20	0.9019468560905025	0.00677445638942837	3
A89_2C_203_204_G196_minimal	203|204	G196_minimal	wt_defined_contact_retention	5	10	0.9017273576097106	0.005440194507750295	3
A89_2C_203_204_G196_minimal	203|204	G196_minimal	wt_defined_contact_retention	5	15	0.9031274556027032	0.005754627850237804	3
A89_2C_203_204_G196_minimal	203|204	G196_minimal	wt_defined_contact_retention	5	20	0.903106275622832	0.007742807906090672	3
A89_2C_203_204_G196_minimal	203|204	G196_minimal	wt_reference_ensemble_rmsd_mean_A	0	10	2.4055234667536065	0.28408763042305646	3
A89_2C_203_204_G196_minimal	203|204	G196_minimal	wt_reference_ensemble_rmsd_mean_A	0	15	2.438574735893729	0.1979952901131153	3
A89_2C_203_204_G196_minimal	203|204	G196_minimal	wt_reference_ensemble_rmsd_mean_A	0	20	2.457432231094048	0.18610175951597965	3
A89_2C_203_204_G196_minimal	203|204	G196_minimal	wt_reference_ensemble_rmsd_mean_A	2	10	2.469708913030754	0.3024198941198129	3
A89_2C_203_204_G196_minimal	203|204	G196_minimal	wt_reference_ensemble_rmsd_mean_A	2	15	2.483307915521602	0.19764046303197294	3
A89_2C_203_204_G196_minimal	203|204	G196_minimal	wt_reference_ensemble_rmsd_mean_A	2	20	2.4918918799076275	0.187782030641233	3
A89_2C_203_204_G196_minimal	203|204	G196_minimal	wt_reference_ensemble_rmsd_mean_A	5	10	2.5386926513328514	0.2849955777563905	3
A89_2C_203_204_G196_minimal	203|204	G196_minimal	wt_reference_ensemble_rmsd_mean_A	5	15	2.522180595998161	0.1564862011076119	3
A89_2C_203_204_G196_minimal	203|204	G196_minimal	wt_reference_ensemble_rmsd_mean_A	5	20	2.519598235269967	0.1660357101131966	3
A89_2C_224_225_HA	224|225	HA	self_drift_rmsd_mean_A	0	10	1.6635590874066917	0.19806752030840646	3
A89_2C_224_225_HA	224|225	HA	self_drift_rmsd_mean_A	0	15	1.7135393568011328	0.2224333149690667	3
A89_2C_224_225_HA	224|225	HA	self_drift_rmsd_mean_A	0	20	1.7581481180778262	0.2265362171991355	3
A89_2C_224_225_HA	224|225	HA	self_drift_rmsd_mean_A	2	10	1.736002597431998	0.21650769731978395	3
A89_2C_224_225_HA	224|225	HA	self_drift_rmsd_mean_A	2	15	1.765963247640359	0.23730334091548727	3
A89_2C_224_225_HA	224|225	HA	self_drift_rmsd_mean_A	2	20	1.8010194160086137	0.23694722418940894	3
A89_2C_224_225_HA	224|225	HA	self_drift_rmsd_mean_A	5	10	1.8037606110479245	0.2533758553029639	3
A89_2C_224_225_HA	224|225	HA	self_drift_rmsd_mean_A	5	15	1.8090768931914785	0.2614040600699818	3
A89_2C_224_225_HA	224|225	HA	self_drift_rmsd_mean_A	5	20	1.836821821649082	0.2525874492903998	3
A89_2C_224_225_HA	224|225	HA	tag_nonlocal_contact_count	0	10	14.0	1.4993381541533417	3
A89_2C_224_225_HA	224|225	HA	tag_nonlocal_contact_count	0	15	13.856512141280353	2.526525507578947	3
A89_2C_224_225_HA	224|225	HA	tag_nonlocal_contact_count	0	20	13.796019900497512	2.7845722699662834	3
A89_2C_224_225_HA	224|225	HA	tag_nonlocal_contact_count	2	10	14.720164609053498	1.7751323481438825	3
A89_2C_224_225_HA	224|225	HA	tag_nonlocal_contact_count	2	15	14.279898218829516	2.8589221555438185	3
A89_2C_224_225_HA	224|225	HA	tag_nonlocal_contact_count	2	20	14.095764272559853	3.050526024137653	3
A89_2C_224_225_HA	224|225	HA	tag_nonlocal_contact_count	5	10	14.810457516339868	3.3880930737520356	3
A89_2C_224_225_HA	224|225	HA	tag_nonlocal_contact_count	5	15	14.194719471947195	4.008450212232161	3
A89_2C_224_225_HA	224|225	HA	tag_nonlocal_contact_count	5	20	14.002207505518763	3.8256503731710327	3
A89_2C_224_225_HA	224|225	HA	tag_total_sasa_A2	0	10	820.34484037393	42.30740828411655	3
A89_2C_224_225_HA	224|225	HA	tag_total_sasa_A2	0	15	821.416141467905	37.38274973714314	3
A89_2C_224_225_HA	224|225	HA	tag_total_sasa_A2	0	20	837.6237321287443	23.246541755372004	3
A89_2C_224_225_HA	224|225	HA	tag_total_sasa_A2	2	10	815.3084440506044	44.23683156550328	3
A89_2C_224_225_HA	224|225	HA	tag_total_sasa_A2	2	15	818.4655912365318	38.23923586702842	3
A89_2C_224_225_HA	224|225	HA	tag_total_sasa_A2	2	20	837.2791450177328	21.587489140658807	3
A89_2C_224_225_HA	224|225	HA	tag_total_sasa_A2	5	10	818.4909285003064	36.939698539073476	3
A89_2C_224_225_HA	224|225	HA	tag_total_sasa_A2	5	15	821.0103548257657	32.46086085237539	3
A89_2C_224_225_HA	224|225	HA	tag_total_sasa_A2	5	20	842.7190637988497	15.225979832353955	3
A89_2C_224_225_HA	224|225	HA	wt_defined_contact_retention	0	10	0.898931321703599	0.00968639760205565	3
A89_2C_224_225_HA	224|225	HA	wt_defined_contact_retention	0	15	0.8963155681698729	0.009708215078057286	3
A89_2C_224_225_HA	224|225	HA	wt_defined_contact_retention	0	20	0.8976506357103372	0.008620068865370967	3
A89_2C_224_225_HA	224|225	HA	wt_defined_contact_retention	2	10	0.8972271213011954	0.010317516147269114	3
A89_2C_224_225_HA	224|225	HA	wt_defined_contact_retention	2	15	0.8948624742517873	0.01043783017090574	3
A89_2C_224_225_HA	224|225	HA	wt_defined_contact_retention	2	20	0.8967464702271332	0.009026062913806355	3
A89_2C_224_225_HA	224|225	HA	wt_defined_contact_retention	5	10	0.8961406784936198	0.010988457237000298	3
A89_2C_224_225_HA	224|225	HA	wt_defined_contact_retention	5	15	0.8936115040075436	0.011332814105812728	3
A89_2C_224_225_HA	224|225	HA	wt_defined_contact_retention	5	20	0.8962840323767477	0.009310863924631325	3
A89_2C_224_225_HA	224|225	HA	wt_reference_ensemble_rmsd_mean_A	0	10	2.060636822221323	0.18818474433267163	3
A89_2C_224_225_HA	224|225	HA	wt_reference_ensemble_rmsd_mean_A	0	15	2.075695345714982	0.18552236887187956	3
A89_2C_224_225_HA	224|225	HA	wt_reference_ensemble_rmsd_mean_A	0	20	2.069560009248658	0.20423685830330027	3
A89_2C_224_225_HA	224|225	HA	wt_reference_ensemble_rmsd_mean_A	2	10	2.1024671911743553	0.20098039742930343	3
A89_2C_224_225_HA	224|225	HA	wt_reference_ensemble_rmsd_mean_A	2	15	2.1038589362116906	0.19327937257051295	3
A89_2C_224_225_HA	224|225	HA	wt_reference_ensemble_rmsd_mean_A	2	20	2.089265664639499	0.21168590176939667	3
A89_2C_224_225_HA	224|225	HA	wt_reference_ensemble_rmsd_mean_A	5	10	2.1619679963449197	0.2318727902330885	3
A89_2C_224_225_HA	224|225	HA	wt_reference_ensemble_rmsd_mean_A	5	15	2.134317286853461	0.2080237091955218	3
A89_2C_224_225_HA	224|225	HA	wt_reference_ensemble_rmsd_mean_A	5	20	2.1067391432332285	0.2232455442752148	3
A89_2C_224_225_MAP8	224|225	MAP8	self_drift_rmsd_mean_A	0	10	1.7018784393668749	0.22306941563740107	3
A89_2C_224_225_MAP8	224|225	MAP8	self_drift_rmsd_mean_A	0	15	1.7509994527933601	0.24807572459827548	3
A89_2C_224_225_MAP8	224|225	MAP8	self_drift_rmsd_mean_A	0	20	1.8043195567146038	0.3117049076354188	3
A89_2C_224_225_MAP8	224|225	MAP8	self_drift_rmsd_mean_A	2	10	1.7623689460564886	0.26137134564007125	3
A89_2C_224_225_MAP8	224|225	MAP8	self_drift_rmsd_mean_A	2	15	1.7959013711932716	0.2762804825312043	3
A89_2C_224_225_MAP8	224|225	MAP8	self_drift_rmsd_mean_A	2	20	1.842709354442854	0.33881526339794416	3
A89_2C_224_225_MAP8	224|225	MAP8	self_drift_rmsd_mean_A	5	10	1.8121837507429692	0.3075393499556046	3
A89_2C_224_225_MAP8	224|225	MAP8	self_drift_rmsd_mean_A	5	15	1.8310155077587567	0.3051969277509515	3
A89_2C_224_225_MAP8	224|225	MAP8	self_drift_rmsd_mean_A	5	20	1.875495892791208	0.3696267030380788	3
A89_2C_224_225_MAP8	224|225	MAP8	tag_nonlocal_contact_count	0	10	11.504950495049505	4.343455008587784	3
A89_2C_224_225_MAP8	224|225	MAP8	tag_nonlocal_contact_count	0	15	11.624724061810156	3.4681780511514324	3
A89_2C_224_225_MAP8	224|225	MAP8	tag_nonlocal_contact_count	0	20	11.32669983416252	1.9391521893391475	3
A89_2C_224_225_MAP8	224|225	MAP8	tag_nonlocal_contact_count	2	10	11.806584362139917	4.855264300125331	3
A89_2C_224_225_MAP8	224|225	MAP8	tag_nonlocal_contact_count	2	15	11.829516539440204	3.6317136527153715	3
A89_2C_224_225_MAP8	224|225	MAP8	tag_nonlocal_contact_count	2	20	11.441988950276242	1.8581614453927744	3
A89_2C_224_225_MAP8	224|225	MAP8	tag_nonlocal_contact_count	5	10	11.96732026143791	4.817680709393253	3
A89_2C_224_225_MAP8	224|225	MAP8	tag_nonlocal_contact_count	5	15	11.91749174917492	3.2600629327951722	3
A89_2C_224_225_MAP8	224|225	MAP8	tag_nonlocal_contact_count	5	20	11.42384105960265	1.3309940299155034	3
A89_2C_224_225_MAP8	224|225	MAP8	tag_total_sasa_A2	0	10	677.7001129251108	45.0166330759382	3
A89_2C_224_225_MAP8	224|225	MAP8	tag_total_sasa_A2	0	15	666.5177695840663	32.06242993051224	3
A89_2C_224_225_MAP8	224|225	MAP8	tag_total_sasa_A2	0	20	668.0435568333463	28.311099343790563	3
A89_2C_224_225_MAP8	224|225	MAP8	tag_total_sasa_A2	2	10	672.9240134910301	46.23371988527809	3
A89_2C_224_225_MAP8	224|225	MAP8	tag_total_sasa_A2	2	15	661.8573808742843	30.686695188836502	3
A89_2C_224_225_MAP8	224|225	MAP8	tag_total_sasa_A2	2	20	664.8391635958002	26.693706555129793	3
A89_2C_224_225_MAP8	224|225	MAP8	tag_total_sasa_A2	5	10	666.0402253593494	44.83856534927129	3
A89_2C_224_225_MAP8	224|225	MAP8	tag_total_sasa_A2	5	15	655.0942900503429	25.812015441471097	3
A89_2C_224_225_MAP8	224|225	MAP8	tag_total_sasa_A2	5	20	660.9079139827367	23.62465070762571	3
A89_2C_224_225_MAP8	224|225	MAP8	wt_defined_contact_retention	0	10	0.9144664466446644	0.004520781836337308	3
A89_2C_224_225_MAP8	224|225	MAP8	wt_defined_contact_retention	0	15	0.9121465363187219	0.009351576861497794	3
A89_2C_224_225_MAP8	224|225	MAP8	wt_defined_contact_retention	0	20	0.9087577983100371	0.011752360003668562	3
A89_2C_224_225_MAP8	224|225	MAP8	wt_defined_contact_retention	2	10	0.9149029982363316	0.004808220769035397	3
A89_2C_224_225_MAP8	224|225	MAP8	wt_defined_contact_retention	2	15	0.9120622803828912	0.01026782423764638	3
A89_2C_224_225_MAP8	224|225	MAP8	wt_defined_contact_retention	2	20	0.9083223713057967	0.012706667117399243	3
A89_2C_224_225_MAP8	224|225	MAP8	wt_defined_contact_retention	5	10	0.9146903205726735	0.006992418904033799	3
A89_2C_224_225_MAP8	224|225	MAP8	wt_defined_contact_retention	5	15	0.9111111111111111	0.012985119507830899	3
A89_2C_224_225_MAP8	224|225	MAP8	wt_defined_contact_retention	5	20	0.9069431304530643	0.015020809228317904	3
A89_2C_224_225_MAP8	224|225	MAP8	wt_reference_ensemble_rmsd_mean_A	0	10	1.8464417007928333	0.27274960152942224	3
A89_2C_224_225_MAP8	224|225	MAP8	wt_reference_ensemble_rmsd_mean_A	0	15	1.8582299917060414	0.28991684689650693	3
A89_2C_224_225_MAP8	224|225	MAP8	wt_reference_ensemble_rmsd_mean_A	0	20	1.8885710379146656	0.32556812295137966	3
A89_2C_224_225_MAP8	224|225	MAP8	wt_reference_ensemble_rmsd_mean_A	2	10	1.8594348156355078	0.3191393557924643	3
A89_2C_224_225_MAP8	224|225	MAP8	wt_reference_ensemble_rmsd_mean_A	2	15	1.8680636414810088	0.321302435317837	3
A89_2C_224_225_MAP8	224|225	MAP8	wt_reference_ensemble_rmsd_mean_A	2	20	1.8990408116422524	0.35204208007685933	3
A89_2C_224_225_MAP8	224|225	MAP8	wt_reference_ensemble_rmsd_mean_A	5	10	1.8718580711846282	0.3414518705060862	3
A89_2C_224_225_MAP8	224|225	MAP8	wt_reference_ensemble_rmsd_mean_A	5	15	1.8768997880985356	0.33228618148842975	3
A89_2C_224_225_MAP8	224|225	MAP8	wt_reference_ensemble_rmsd_mean_A	5	20	1.9111054865641564	0.3669059671845387	3
A89_2C_248_249_HA	248|249	HA	self_drift_rmsd_mean_A	0	10	1.4641820153125522	0.055811142498254925	3
A89_2C_248_249_HA	248|249	HA	self_drift_rmsd_mean_A	0	15	1.4834846637868582	0.04978529743369174	3
A89_2C_248_249_HA	248|249	HA	self_drift_rmsd_mean_A	0	20	1.504261175238348	0.025501878677306935	3
A89_2C_248_249_HA	248|249	HA	self_drift_rmsd_mean_A	2	10	1.4847548812956184	0.03545368136736701	3
A89_2C_248_249_HA	248|249	HA	self_drift_rmsd_mean_A	2	15	1.4991522600778087	0.04636812464564411	3
A89_2C_248_249_HA	248|249	HA	self_drift_rmsd_mean_A	2	20	1.5178964533772668	0.02089386480874859	3
A89_2C_248_249_HA	248|249	HA	self_drift_rmsd_mean_A	5	10	1.521411256850105	0.01743652244970519	3
A89_2C_248_249_HA	248|249	HA	self_drift_rmsd_mean_A	5	15	1.5219383642039919	0.03990263639281821	3
A89_2C_248_249_HA	248|249	HA	self_drift_rmsd_mean_A	5	20	1.5368615018257985	0.015349055944583346	3
A89_2C_248_249_HA	248|249	HA	tag_nonlocal_contact_count	0	10	0.9108910891089108	0.1287128712871287	3
A89_2C_248_249_HA	248|249	HA	tag_nonlocal_contact_count	0	15	0.814569536423841	0.19745763597186192	3
A89_2C_248_249_HA	248|249	HA	tag_nonlocal_contact_count	0	20	1.041459369817579	0.3080696215851277	3
A89_2C_248_249_HA	248|249	HA	tag_nonlocal_contact_count	2	10	0.897119341563786	0.10279832096129053	3
A89_2C_248_249_HA	248|249	HA	tag_nonlocal_contact_count	2	15	0.7913486005089059	0.20085670098591224	3
A89_2C_248_249_HA	248|249	HA	tag_nonlocal_contact_count	2	20	1.0497237569060773	0.3318138398032442	3
A89_2C_248_249_HA	248|249	HA	tag_nonlocal_contact_count	5	10	0.7124183006535948	0.4319663174342041	3
A89_2C_248_249_HA	248|249	HA	tag_nonlocal_contact_count	5	15	0.6666666666666666	0.35812763059753644	3
A89_2C_248_249_HA	248|249	HA	tag_nonlocal_contact_count	5	20	1.0176600441501102	0.46131583926192876	3
A89_2C_248_249_HA	248|249	HA	tag_total_sasa_A2	0	10	1003.461997658506	13.253621779085003	3
A89_2C_248_249_HA	248|249	HA	tag_total_sasa_A2	0	15	1011.2875849911183	14.577509158652703	3
A89_2C_248_249_HA	248|249	HA	tag_total_sasa_A2	0	20	1008.6942887693693	11.954909994108803	3
A89_2C_248_249_HA	248|249	HA	tag_total_sasa_A2	2	10	1005.5187443234794	12.357213830342102	3
A89_2C_248_249_HA	248|249	HA	tag_total_sasa_A2	2	15	1013.7540600026837	14.455321390292363	3
A89_2C_248_249_HA	248|249	HA	tag_total_sasa_A2	2	20	1010.1928650239555	11.363211207740578	3
A89_2C_248_249_HA	248|249	HA	tag_total_sasa_A2	5	10	1006.1519787358303	13.292898681239823	3
A89_2C_248_249_HA	248|249	HA	tag_total_sasa_A2	5	15	1016.5199454027434	15.577899584712494	3
A89_2C_248_249_HA	248|249	HA	tag_total_sasa_A2	5	20	1011.3353721500758	10.992272294690649	3
A89_2C_248_249_HA	248|249	HA	wt_defined_contact_retention	0	10	0.9164937922363664	0.005998420747390587	3
A89_2C_248_249_HA	248|249	HA	wt_defined_contact_retention	0	15	0.9137969094922737	0.006053229567975173	3
A89_2C_248_249_HA	248|249	HA	wt_defined_contact_retention	0	20	0.9130932638395325	0.0027190425506324993	3
A89_2C_248_249_HA	248|249	HA	wt_defined_contact_retention	2	10	0.9158632177150695	0.009200485963577601	3
A89_2C_248_249_HA	248|249	HA	wt_defined_contact_retention	2	15	0.9129952744456563	0.008043284686940782	3
A89_2C_248_249_HA	248|249	HA	wt_defined_contact_retention	2	20	0.912435324037534	0.0037957397103723515	3
A89_2C_248_249_HA	248|249	HA	wt_defined_contact_retention	5	10	0.9123716153127918	0.009637215901315022	3
A89_2C_248_249_HA	248|249	HA	wt_defined_contact_retention	5	15	0.9103803237466602	0.007918979403130326	3
A89_2C_248_249_HA	248|249	HA	wt_defined_contact_retention	5	20	0.9105750026279829	0.0028623980505790942	3
A89_2C_248_249_HA	248|249	HA	wt_reference_ensemble_rmsd_mean_A	0	10	1.4213014145262903	0.05898022696017852	3
A89_2C_248_249_HA	248|249	HA	wt_reference_ensemble_rmsd_mean_A	0	15	1.4640066858312408	0.08423941061175262	3
A89_2C_248_249_HA	248|249	HA	wt_reference_ensemble_rmsd_mean_A	0	20	1.4636216268190576	0.0801913623100603	3
A89_2C_248_249_HA	248|249	HA	wt_reference_ensemble_rmsd_mean_A	2	10	1.422394008956358	0.08799474672091534	3
A89_2C_248_249_HA	248|249	HA	wt_reference_ensemble_rmsd_mean_A	2	15	1.471202148235321	0.1090509381966471	3
A89_2C_248_249_HA	248|249	HA	wt_reference_ensemble_rmsd_mean_A	2	20	1.4687868444692829	0.09964211623500767	3
A89_2C_248_249_HA	248|249	HA	wt_reference_ensemble_rmsd_mean_A	5	10	1.4706928418456755	0.08965330228794462	3
A89_2C_248_249_HA	248|249	HA	wt_reference_ensemble_rmsd_mean_A	5	15	1.510088134925659	0.11763008620371869	3
A89_2C_248_249_HA	248|249	HA	wt_reference_ensemble_rmsd_mean_A	5	20	1.4943168149510244	0.10650826881369412	3
A89_2C_248_249_MAP8	248|249	MAP8	self_drift_rmsd_mean_A	0	10	1.5945128881334814	0.14704448431420528	3
A89_2C_248_249_MAP8	248|249	MAP8	self_drift_rmsd_mean_A	0	15	1.6920486582045247	0.16978374956895198	3
A89_2C_248_249_MAP8	248|249	MAP8	self_drift_rmsd_mean_A	0	20	1.7262402921662663	0.2449605179080085	3
A89_2C_248_249_MAP8	248|249	MAP8	self_drift_rmsd_mean_A	2	10	1.6479464866293567	0.1760920857055586	3
A89_2C_248_249_MAP8	248|249	MAP8	self_drift_rmsd_mean_A	2	15	1.7399787107204547	0.1931117006185336	3
A89_2C_248_249_MAP8	248|249	MAP8	self_drift_rmsd_mean_A	2	20	1.7647080797840655	0.27027070455462515	3
A89_2C_248_249_MAP8	248|249	MAP8	self_drift_rmsd_mean_A	5	10	1.6703489525197552	0.1455071529874232	3
A89_2C_248_249_MAP8	248|249	MAP8	self_drift_rmsd_mean_A	5	15	1.7786271511476157	0.18953951225566842	3
A89_2C_248_249_MAP8	248|249	MAP8	self_drift_rmsd_mean_A	5	20	1.7954721430625529	0.2819504385454052	3
A89_2C_248_249_MAP8	248|249	MAP8	tag_nonlocal_contact_count	0	10	3.3333333333333335	2.4497165146582427	3
A89_2C_248_249_MAP8	248|249	MAP8	tag_nonlocal_contact_count	0	15	4.271523178807947	1.6824711526269787	3
A89_2C_248_249_MAP8	248|249	MAP8	tag_nonlocal_contact_count	0	20	4.782752902155887	1.2125872732237104	3
A89_2C_248_249_MAP8	248|249	MAP8	tag_nonlocal_contact_count	2	10	4.139917695473251	3.0393530598309093	3
A89_2C_248_249_MAP8	248|249	MAP8	tag_nonlocal_contact_count	2	15	4.913486005089059	1.9287666082098887	3
A89_2C_248_249_MAP8	248|249	MAP8	tag_nonlocal_contact_count	2	20	5.303867403314917	1.3388303299604798	3
A89_2C_248_249_MAP8	248|249	MAP8	tag_nonlocal_contact_count	5	10	4.640522875816994	3.136785095542012	3
A89_2C_248_249_MAP8	248|249	MAP8	tag_nonlocal_contact_count	5	15	5.396039603960396	1.646424804180263	3
A89_2C_248_249_MAP8	248|249	MAP8	tag_nonlocal_contact_count	5	20	5.704194260485651	1.0354095142992268	3
A89_2C_248_249_MAP8	248|249	MAP8	tag_total_sasa_A2	0	10	793.2766479895059	16.817101106407808	3
A89_2C_248_249_MAP8	248|249	MAP8	tag_total_sasa_A2	0	15	790.787930318062	13.906067734276032	3
A89_2C_248_249_MAP8	248|249	MAP8	tag_total_sasa_A2	0	20	797.2960169651418	9.703472764281228	3
A89_2C_248_249_MAP8	248|249	MAP8	tag_total_sasa_A2	2	10	791.644575456533	20.98182736030087	3
A89_2C_248_249_MAP8	248|249	MAP8	tag_total_sasa_A2	2	15	789.3988293363849	16.028079077200807	3
A89_2C_248_249_MAP8	248|249	MAP8	tag_total_sasa_A2	2	20	797.0097711327766	10.774473220713341	3
A89_2C_248_249_MAP8	248|249	MAP8	tag_total_sasa_A2	5	10	791.114486395144	17.71618540521088	3
A89_2C_248_249_MAP8	248|249	MAP8	tag_total_sasa_A2	5	15	788.4641072994018	13.803677101149438	3
A89_2C_248_249_MAP8	248|249	MAP8	tag_total_sasa_A2	5	20	797.8966673457334	8.355302399497239	3
A89_2C_248_249_MAP8	248|249	MAP8	wt_defined_contact_retention	0	10	0.918874744617319	0.006681258997054517	3
A89_2C_248_249_MAP8	248|249	MAP8	wt_defined_contact_retention	0	15	0.9170398402186484	0.011496627744909577	3
A89_2C_248_249_MAP8	248|249	MAP8	wt_defined_contact_retention	0	20	0.915592671562821	0.015643607056055997	3
A89_2C_248_249_MAP8	248|249	MAP8	wt_defined_contact_retention	2	10	0.9164021164021166	0.008355634479824892	3
A89_2C_248_249_MAP8	248|249	MAP8	wt_defined_contact_retention	2	15	0.9152308251544894	0.013098866958426878	3
A89_2C_248_249_MAP8	248|249	MAP8	wt_defined_contact_retention	2	20	0.9141234762781725	0.017221204448676232	3
A89_2C_248_249_MAP8	248|249	MAP8	wt_defined_contact_retention	5	10	0.9117647058823529	0.00963992939982761	3
A89_2C_248_249_MAP8	248|249	MAP8	wt_defined_contact_retention	5	15	0.9125412541254126	0.015079467449114689	3
A89_2C_248_249_MAP8	248|249	MAP8	wt_defined_contact_retention	5	20	0.912104488594555	0.019380100516438268	3
A89_2C_248_249_MAP8	248|249	MAP8	wt_reference_ensemble_rmsd_mean_A	0	10	1.7540862894898896	0.07892548163925615	3
A89_2C_248_249_MAP8	248|249	MAP8	wt_reference_ensemble_rmsd_mean_A	0	15	1.8091771199526727	0.11537261081853326	3
A89_2C_248_249_MAP8	248|249	MAP8	wt_reference_ensemble_rmsd_mean_A	0	20	1.8289503957601176	0.190314907692422	3
A89_2C_248_249_MAP8	248|249	MAP8	wt_reference_ensemble_rmsd_mean_A	2	10	1.7725378476326206	0.08358463957332327	3
A89_2C_248_249_MAP8	248|249	MAP8	wt_reference_ensemble_rmsd_mean_A	2	15	1.8289969124627252	0.12649825454491764	3
A89_2C_248_249_MAP8	248|249	MAP8	wt_reference_ensemble_rmsd_mean_A	2	20	1.8454799998207019	0.20657860101112163	3
A89_2C_248_249_MAP8	248|249	MAP8	wt_reference_ensemble_rmsd_mean_A	5	10	1.7765287937885914	0.07314775610514182	3
A89_2C_248_249_MAP8	248|249	MAP8	wt_reference_ensemble_rmsd_mean_A	5	15	1.8477821619563652	0.1420682175403677	3
A89_2C_248_249_MAP8	248|249	MAP8	wt_reference_ensemble_rmsd_mean_A	5	20	1.8613197535928672	0.2314785083433993	3
A89_2C_256_257_MAP8	256|257	MAP8	self_drift_rmsd_mean_A	0	10	1.8154508419059903	0.0989429556864296	3
A89_2C_256_257_MAP8	256|257	MAP8	self_drift_rmsd_mean_A	0	15	1.8895566249339606	0.13931635558985445	3
A89_2C_256_257_MAP8	256|257	MAP8	self_drift_rmsd_mean_A	0	20	1.975755699029569	0.15892459364905606	3
A89_2C_256_257_MAP8	256|257	MAP8	self_drift_rmsd_mean_A	2	10	1.9082598177601549	0.1374271368129542	3
A89_2C_256_257_MAP8	256|257	MAP8	self_drift_rmsd_mean_A	2	15	1.9582561875656157	0.16969382275148814	3
A89_2C_256_257_MAP8	256|257	MAP8	self_drift_rmsd_mean_A	2	20	2.0350022414972977	0.1826814848991724	3
A89_2C_256_257_MAP8	256|257	MAP8	self_drift_rmsd_mean_A	5	10	1.9496999387255267	0.24108673444477446	3
A89_2C_256_257_MAP8	256|257	MAP8	self_drift_rmsd_mean_A	5	15	1.9940318040349005	0.23137074649405426	3
A89_2C_256_257_MAP8	256|257	MAP8	self_drift_rmsd_mean_A	5	20	2.074179187731392	0.22589763639839322	3
A89_2C_256_257_MAP8	256|257	MAP8	tag_nonlocal_contact_count	0	10	0.5973597359735974	0.9403508457485551	3
A89_2C_256_257_MAP8	256|257	MAP8	tag_nonlocal_contact_count	0	15	0.41059602649006616	0.6423499683699148	3
A89_2C_256_257_MAP8	256|257	MAP8	tag_nonlocal_contact_count	0	20	0.32338308457711445	0.4998205167820865	3
A89_2C_256_257_MAP8	256|257	MAP8	tag_nonlocal_contact_count	2	10	0.22633744855967075	0.3813862467192645	3
A89_2C_256_257_MAP8	256|257	MAP8	tag_nonlocal_contact_count	2	15	0.15267175572519084	0.25132942951380655	3
A89_2C_256_257_MAP8	256|257	MAP8	tag_nonlocal_contact_count	2	20	0.1270718232044199	0.20125973038770148	3
A89_2C_256_257_MAP8	256|257	MAP8	tag_nonlocal_contact_count	5	10	0.0	0.0	3
A89_2C_256_257_MAP8	256|257	MAP8	tag_nonlocal_contact_count	5	15	0.016501650165016504	0.02061055445015973	3
A89_2C_256_257_MAP8	256|257	MAP8	tag_nonlocal_contact_count	5	20	0.03090507726269316	0.037657223199187594	3
A89_2C_256_257_MAP8	256|257	MAP8	tag_total_sasa_A2	0	10	666.1936641479089	19.095541117519957	3
A89_2C_256_257_MAP8	256|257	MAP8	tag_total_sasa_A2	0	15	663.5162756374604	24.02344527395523	3
A89_2C_256_257_MAP8	256|257	MAP8	tag_total_sasa_A2	0	20	659.7615958699342	28.759276658563	3
A89_2C_256_257_MAP8	256|257	MAP8	tag_total_sasa_A2	2	10	672.4552810731739	20.688547781932584	3
A89_2C_256_257_MAP8	256|257	MAP8	tag_total_sasa_A2	2	15	666.9792008339297	25.813715361050562	3
A89_2C_256_257_MAP8	256|257	MAP8	tag_total_sasa_A2	2	20	661.85303015384	30.533237653028156	3
A89_2C_256_257_MAP8	256|257	MAP8	tag_total_sasa_A2	5	10	681.9284679936428	16.831748448734956	3
A89_2C_256_257_MAP8	256|257	MAP8	tag_total_sasa_A2	5	15	670.1361327722128	25.39318817719382	3
A89_2C_256_257_MAP8	256|257	MAP8	tag_total_sasa_A2	5	20	662.9461758847268	31.204541403748422	3
A89_2C_256_257_MAP8	256|257	MAP8	wt_defined_contact_retention	0	10	0.9088637435172089	0.009706475949394736	3
A89_2C_256_257_MAP8	256|257	MAP8	wt_defined_contact_retention	0	15	0.9070692736255651	0.008772426893489227	3
A89_2C_256_257_MAP8	256|257	MAP8	wt_defined_contact_retention	0	20	0.9054292031903972	0.007171875090384456	3
A89_2C_256_257_MAP8	256|257	MAP8	wt_defined_contact_retention	2	10	0.9074466000391928	0.010637970679892693	3
A89_2C_256_257_MAP8	256|257	MAP8	wt_defined_contact_retention	2	15	0.9059190597358536	0.009222809790827253	3
A89_2C_256_257_MAP8	256|257	MAP8	wt_defined_contact_retention	2	20	0.9044155046917478	0.007284995011683871	3
A89_2C_256_257_MAP8	256|257	MAP8	wt_defined_contact_retention	5	10	0.907796451914099	0.013020021790625563	3
A89_2C_256_257_MAP8	256|257	MAP8	wt_defined_contact_retention	5	15	0.9056419927707055	0.009954457385779256	3
A89_2C_256_257_MAP8	256|257	MAP8	wt_defined_contact_retention	5	20	0.903931462209608	0.007347134833355195	3
A89_2C_256_257_MAP8	256|257	MAP8	wt_reference_ensemble_rmsd_mean_A	0	10	1.6032008938654119	0.18834348835177775	3
A89_2C_256_257_MAP8	256|257	MAP8	wt_reference_ensemble_rmsd_mean_A	0	15	1.652902436085282	0.19743066936351944	3
A89_2C_256_257_MAP8	256|257	MAP8	wt_reference_ensemble_rmsd_mean_A	0	20	1.7340189742406302	0.16648766351242536	3
A89_2C_256_257_MAP8	256|257	MAP8	wt_reference_ensemble_rmsd_mean_A	2	10	1.6573829841455652	0.21460684548595502	3
A89_2C_256_257_MAP8	256|257	MAP8	wt_reference_ensemble_rmsd_mean_A	2	15	1.6939923609485632	0.213507414509757	3
A89_2C_256_257_MAP8	256|257	MAP8	wt_reference_ensemble_rmsd_mean_A	2	20	1.7727212445179603	0.17378050837762943	3
A89_2C_256_257_MAP8	256|257	MAP8	wt_reference_ensemble_rmsd_mean_A	5	10	1.6614291596282105	0.28161044500690213	3
A89_2C_256_257_MAP8	256|257	MAP8	wt_reference_ensemble_rmsd_mean_A	5	15	1.7069095515793045	0.2458244481512671	3
A89_2C_256_257_MAP8	256|257	MAP8	wt_reference_ensemble_rmsd_mean_A	5	20	1.797002719754959	0.1881556841376776	3
A89_2C_288_289_HA	288|289	HA	self_drift_rmsd_mean_A	0	10	1.875546566776955	0.33999097698537417	3
A89_2C_288_289_HA	288|289	HA	self_drift_rmsd_mean_A	0	15	1.9596563499364787	0.25421256258591385	3
A89_2C_288_289_HA	288|289	HA	self_drift_rmsd_mean_A	0	20	1.9611078172258043	0.289148055708462	3
A89_2C_288_289_HA	288|289	HA	self_drift_rmsd_mean_A	2	10	1.967868442891426	0.37567651460550755	3
A89_2C_288_289_HA	288|289	HA	self_drift_rmsd_mean_A	2	15	2.0295820570239798	0.26925000035182645	3
A89_2C_288_289_HA	288|289	HA	self_drift_rmsd_mean_A	2	20	2.0118774137686173	0.30251857453104	3
A89_2C_288_289_HA	288|289	HA	self_drift_rmsd_mean_A	5	10	1.9662562163032786	0.3489511433106405	3
A89_2C_288_289_HA	288|289	HA	self_drift_rmsd_mean_A	5	15	2.0470987388851785	0.24238427305133517	3
A89_2C_288_289_HA	288|289	HA	self_drift_rmsd_mean_A	5	20	2.0200763910555057	0.28462260429373215	3
A89_2C_288_289_HA	288|289	HA	tag_nonlocal_contact_count	0	10	0.036303630363036306	0.05453040145827824	3
A89_2C_288_289_HA	288|289	HA	tag_nonlocal_contact_count	0	15	0.02428256070640177	0.03647397713434505	3
A89_2C_288_289_HA	288|289	HA	tag_nonlocal_contact_count	0	20	0.09286898839137646	0.11315901896671297	3
A89_2C_288_289_HA	288|289	HA	tag_nonlocal_contact_count	2	10	0.03292181069958847	0.046739986385187435	3
A89_2C_288_289_HA	288|289	HA	tag_nonlocal_contact_count	2	15	0.02035623409669211	0.02890029692519223	3
A89_2C_288_289_HA	288|289	HA	tag_nonlocal_contact_count	2	20	0.09760589318600367	0.12842580752568059	3
A89_2C_288_289_HA	288|289	HA	tag_nonlocal_contact_count	5	10	0.05228758169934641	0.074234096023533	3
A89_2C_288_289_HA	288|289	HA	tag_nonlocal_contact_count	5	15	0.026402640264026403	0.037484543536635474	3
A89_2C_288_289_HA	288|289	HA	tag_nonlocal_contact_count	5	20	0.11699779249448124	0.15394086862349796	3
A89_2C_288_289_HA	288|289	HA	tag_total_sasa_A2	0	10	983.0326711321035	54.87573938228011	3
A89_2C_288_289_HA	288|289	HA	tag_total_sasa_A2	0	15	991.0716407220094	64.33829490539415	3
A89_2C_288_289_HA	288|289	HA	tag_total_sasa_A2	0	20	989.6595987348414	60.88479074627567	3
A89_2C_288_289_HA	288|289	HA	tag_total_sasa_A2	2	10	980.4498155381943	57.87938853492164	3
A89_2C_288_289_HA	288|289	HA	tag_total_sasa_A2	2	15	990.7019314753798	67.64843569665294	3
A89_2C_288_289_HA	288|289	HA	tag_total_sasa_A2	2	20	989.2359923754389	62.93702174862419	3
A89_2C_288_289_HA	288|289	HA	tag_total_sasa_A2	5	10	976.9559354096456	62.28133483628851	3
A89_2C_288_289_HA	288|289	HA	tag_total_sasa_A2	5	15	991.9828779264644	72.44951400508134	3
A89_2C_288_289_HA	288|289	HA	tag_total_sasa_A2	5	20	989.8015381937257	65.38571430508868	3
A89_2C_288_289_HA	288|289	HA	wt_defined_contact_retention	0	10	0.8975011786892976	0.014093082761570584	3
A89_2C_288_289_HA	288|289	HA	wt_defined_contact_retention	0	15	0.895563965100389	0.014771484106444766	3
A89_2C_288_289_HA	288|289	HA	wt_defined_contact_retention	0	20	0.896627971254837	0.015428754151336365	3
A89_2C_288_289_HA	288|289	HA	wt_defined_contact_retention	2	10	0.8947285910248874	0.01582821680496662	3
A89_2C_288_289_HA	288|289	HA	wt_defined_contact_retention	2	15	0.8935538592027141	0.0159484775089842	3
A89_2C_288_289_HA	288|289	HA	wt_defined_contact_retention	2	20	0.895290712970271	0.01635407132383749	3
A89_2C_288_289_HA	288|289	HA	wt_defined_contact_retention	5	10	0.8925459072517897	0.018931255880399796	3
A89_2C_288_289_HA	288|289	HA	wt_defined_contact_retention	5	15	0.8921027817067421	0.017621038378094093	3
A89_2C_288_289_HA	288|289	HA	wt_defined_contact_retention	5	20	0.894665194996321	0.017460212245759967	3
A89_2C_288_289_HA	288|289	HA	wt_reference_ensemble_rmsd_mean_A	0	10	1.8749901409178962	0.3129775667453573	3
A89_2C_288_289_HA	288|289	HA	wt_reference_ensemble_rmsd_mean_A	0	15	1.971106662210398	0.23184305023279037	3
A89_2C_288_289_HA	288|289	HA	wt_reference_ensemble_rmsd_mean_A	0	20	1.9814367019091368	0.27308279196208635	3
A89_2C_288_289_HA	288|289	HA	wt_reference_ensemble_rmsd_mean_A	2	10	1.9307979526123393	0.36808396750323646	3
A89_2C_288_289_HA	288|289	HA	wt_reference_ensemble_rmsd_mean_A	2	15	2.020288060478336	0.258287389649858	3
A89_2C_288_289_HA	288|289	HA	wt_reference_ensemble_rmsd_mean_A	2	20	2.0181735194067874	0.29661821944987427	3
A89_2C_288_289_HA	288|289	HA	wt_reference_ensemble_rmsd_mean_A	5	10	1.953990306559222	0.37409292340228545	3
A89_2C_288_289_HA	288|289	HA	wt_reference_ensemble_rmsd_mean_A	5	15	2.0585802712433945	0.2389530016015443	3
A89_2C_288_289_HA	288|289	HA	wt_reference_ensemble_rmsd_mean_A	5	20	2.043366082685757	0.28957516482628315	3
A89_2C_288_289_MAP8	288|289	MAP8	self_drift_rmsd_mean_A	0	10	1.7721888760420785	0.16659197273909546	3
A89_2C_288_289_MAP8	288|289	MAP8	self_drift_rmsd_mean_A	0	15	1.8952520243764628	0.07351900166710063	3
A89_2C_288_289_MAP8	288|289	MAP8	self_drift_rmsd_mean_A	0	20	1.9444867157636108	0.042979314304502136	3
A89_2C_288_289_MAP8	288|289	MAP8	self_drift_rmsd_mean_A	2	10	1.8751880343969802	0.17644687882528623	3
A89_2C_288_289_MAP8	288|289	MAP8	self_drift_rmsd_mean_A	2	15	1.9777267937919951	0.06706605653504091	3
A89_2C_288_289_MAP8	288|289	MAP8	self_drift_rmsd_mean_A	2	20	2.009618697096085	0.03712633223871526	3
A89_2C_288_289_MAP8	288|289	MAP8	self_drift_rmsd_mean_A	5	10	1.9126564639763117	0.21733774964636202	3
A89_2C_288_289_MAP8	288|289	MAP8	self_drift_rmsd_mean_A	5	15	2.0271035531028496	0.07896934418349127	3
A89_2C_288_289_MAP8	288|289	MAP8	self_drift_rmsd_mean_A	5	20	2.0489816758346215	0.05441384939684493	3
A89_2C_288_289_MAP8	288|289	MAP8	tag_nonlocal_contact_count	0	10	0.28052805280528054	0.39309964884429865	3
A89_2C_288_289_MAP8	288|289	MAP8	tag_nonlocal_contact_count	0	15	0.18984547461368653	0.2607567713910689	3
A89_2C_288_289_MAP8	288|289	MAP8	tag_nonlocal_contact_count	0	20	0.14925373134328357	0.1896429706720987	3
A89_2C_288_289_MAP8	288|289	MAP8	tag_nonlocal_contact_count	2	10	0.09465020576131687	0.06335310419070227	3
A89_2C_288_289_MAP8	288|289	MAP8	tag_nonlocal_contact_count	2	15	0.061068702290076333	0.03498149385462473	3
A89_2C_288_289_MAP8	288|289	MAP8	tag_nonlocal_contact_count	2	20	0.05156537753222836	0.013903930820019797	3
A89_2C_288_289_MAP8	288|289	MAP8	tag_nonlocal_contact_count	5	10	0.0849673202614379	0.040816980381688885	3
A89_2C_288_289_MAP8	288|289	MAP8	tag_nonlocal_contact_count	5	15	0.04620462046204621	0.015124012194573728	3
A89_2C_288_289_MAP8	288|289	MAP8	tag_nonlocal_contact_count	5	20	0.039735099337748346	0.00662251655629139	3
A89_2C_288_289_MAP8	288|289	MAP8	tag_total_sasa_A2	0	10	823.7271079891192	28.16688319086278	3
A89_2C_288_289_MAP8	288|289	MAP8	tag_total_sasa_A2	0	15	826.1017923586678	32.33751733372901	3
A89_2C_288_289_MAP8	288|289	MAP8	tag_total_sasa_A2	0	20	827.8789615156638	37.253403649347135	3
A89_2C_288_289_MAP8	288|289	MAP8	tag_total_sasa_A2	2	10	828.8674200866448	50.415509609864024	3
A89_2C_288_289_MAP8	288|289	MAP8	tag_total_sasa_A2	2	15	829.642700505924	46.35178818053431	3
A89_2C_288_289_MAP8	288|289	MAP8	tag_total_sasa_A2	2	20	830.638090523567	47.76498398863397	3
A89_2C_288_289_MAP8	288|289	MAP8	tag_total_sasa_A2	5	10	829.3709138359119	52.952462576577	3
A89_2C_288_289_MAP8	288|289	MAP8	tag_total_sasa_A2	5	15	830.1272212365279	46.69209318139672	3
A89_2C_288_289_MAP8	288|289	MAP8	tag_total_sasa_A2	5	20	831.1599335323107	48.43016669558852	3
A89_2C_288_289_MAP8	288|289	MAP8	wt_defined_contact_retention	0	10	0.906765676567657	0.005985931559189342	3
A89_2C_288_289_MAP8	288|289	MAP8	wt_defined_contact_retention	0	15	0.9021391779669926	0.0050747238514419375	3
A89_2C_288_289_MAP8	288|289	MAP8	wt_defined_contact_retention	0	20	0.8985074626865672	0.006921198772993409	3
A89_2C_288_289_MAP8	288|289	MAP8	wt_defined_contact_retention	2	10	0.9043797766019989	0.005010960368668484	3
A89_2C_288_289_MAP8	288|289	MAP8	wt_defined_contact_retention	2	15	0.8999575911789653	0.0042841991602126615	3
A89_2C_288_289_MAP8	288|289	MAP8	wt_defined_contact_retention	2	20	0.896527229676401	0.006536085546793828	3
A89_2C_288_289_MAP8	288|289	MAP8	wt_defined_contact_retention	5	10	0.9003734827264238	0.0015306812615083938	3
A89_2C_288_289_MAP8	288|289	MAP8	wt_defined_contact_retention	5	15	0.8966210906804967	0.001310484833083591	3
A89_2C_288_289_MAP8	288|289	MAP8	wt_defined_contact_retention	5	20	0.8936140018921476	0.004970790315331868	3
A89_2C_288_289_MAP8	288|289	MAP8	wt_reference_ensemble_rmsd_mean_A	0	10	1.758701103835585	0.1493152754218757	3
A89_2C_288_289_MAP8	288|289	MAP8	wt_reference_ensemble_rmsd_mean_A	0	15	1.8592171192000702	0.08708994526971713	3
A89_2C_288_289_MAP8	288|289	MAP8	wt_reference_ensemble_rmsd_mean_A	0	20	1.8957963150923722	0.08021440199728748	3
A89_2C_288_289_MAP8	288|289	MAP8	wt_reference_ensemble_rmsd_mean_A	2	10	1.8160659446360559	0.16324381386227305	3
A89_2C_288_289_MAP8	288|289	MAP8	wt_reference_ensemble_rmsd_mean_A	2	15	1.9100329391399775	0.08315879401485475	3
A89_2C_288_289_MAP8	288|289	MAP8	wt_reference_ensemble_rmsd_mean_A	2	20	1.9366165158104598	0.0763835419841563	3
A89_2C_288_289_MAP8	288|289	MAP8	wt_reference_ensemble_rmsd_mean_A	5	10	1.8290126557911932	0.1698080618654707	3
A89_2C_288_289_MAP8	288|289	MAP8	wt_reference_ensemble_rmsd_mean_A	5	15	1.9444813758135382	0.0558202508823034	3
A89_2C_288_289_MAP8	288|289	MAP8	wt_reference_ensemble_rmsd_mean_A	5	20	1.9649396906723415	0.05733709569191227	3
A89_2C_289_290_G196_minimal	289|290	G196_minimal	self_drift_rmsd_mean_A	0	10	1.8370676575531297	0.18238212771665202	3
A89_2C_289_290_G196_minimal	289|290	G196_minimal	self_drift_rmsd_mean_A	0	15	2.0131492674294336	0.21573784899108503	3
A89_2C_289_290_G196_minimal	289|290	G196_minimal	self_drift_rmsd_mean_A	0	20	2.130691548100773	0.20469833625952244	3
A89_2C_289_290_G196_minimal	289|290	G196_minimal	self_drift_rmsd_mean_A	2	10	1.9606121912598529	0.2195741695548833	3
A89_2C_289_290_G196_minimal	289|290	G196_minimal	self_drift_rmsd_mean_A	2	15	2.1164220874887514	0.24255575620392544	3
A89_2C_289_290_G196_minimal	289|290	G196_minimal	self_drift_rmsd_mean_A	2	20	2.218424062140538	0.2227009041116707	3
A89_2C_289_290_G196_minimal	289|290	G196_minimal	self_drift_rmsd_mean_A	5	10	2.1074703174033718	0.2865464695330174	3
A89_2C_289_290_G196_minimal	289|290	G196_minimal	self_drift_rmsd_mean_A	5	15	2.2368583381836666	0.28900685071391546	3
A89_2C_289_290_G196_minimal	289|290	G196_minimal	self_drift_rmsd_mean_A	5	20	2.319246052602392	0.25101540798705957	3
A89_2C_289_290_G196_minimal	289|290	G196_minimal	tag_nonlocal_contact_count	0	10	0.0594059405940594	0.05512637983000022	3
A89_2C_289_290_G196_minimal	289|290	G196_minimal	tag_nonlocal_contact_count	0	15	0.04194260485651214	0.037657223199187594	3
A89_2C_289_290_G196_minimal	289|290	G196_minimal	tag_nonlocal_contact_count	0	20	0.19402985074626866	0.19656463945411354	3
A89_2C_289_290_G196_minimal	289|290	G196_minimal	tag_nonlocal_contact_count	2	10	0.07407407407407407	0.06873783163987682	3
A89_2C_289_290_G196_minimal	289|290	G196_minimal	tag_nonlocal_contact_count	2	15	0.04834605597964376	0.043406417580742956	3
A89_2C_289_290_G196_minimal	289|290	G196_minimal	tag_nonlocal_contact_count	2	20	0.2154696132596685	0.2182844891175515	3
A89_2C_289_290_G196_minimal	289|290	G196_minimal	tag_nonlocal_contact_count	5	10	0.06535947712418301	0.06886048204478915	3
A89_2C_289_290_G196_minimal	289|290	G196_minimal	tag_nonlocal_contact_count	5	15	0.036303630363036306	0.03477113449786383	3
A89_2C_289_290_G196_minimal	289|290	G196_minimal	tag_nonlocal_contact_count	5	20	0.24061810154525387	0.24870466873568067	3
A89_2C_289_290_G196_minimal	289|290	G196_minimal	tag_total_sasa_A2	0	10	684.9565097317837	54.835993199352224	3
A89_2C_289_290_G196_minimal	289|290	G196_minimal	tag_total_sasa_A2	0	15	684.6949669035854	49.81345161580658	3
A89_2C_289_290_G196_minimal	289|290	G196_minimal	tag_total_sasa_A2	0	20	683.6938742768903	47.162154855735274	3
A89_2C_289_290_G196_minimal	289|290	G196_minimal	tag_total_sasa_A2	2	10	681.232600459346	57.87520734226334	3
A89_2C_289_290_G196_minimal	289|290	G196_minimal	tag_total_sasa_A2	2	15	682.3524668453305	50.942619370235356	3
A89_2C_289_290_G196_minimal	289|290	G196_minimal	tag_total_sasa_A2	2	20	681.8878557124409	47.59468699255863	3
A89_2C_289_290_G196_minimal	289|290	G196_minimal	tag_total_sasa_A2	5	10	676.5338601505056	61.49249460168234	3
A89_2C_289_290_G196_minimal	289|290	G196_minimal	tag_total_sasa_A2	5	15	680.3124691802676	50.64967235021057	3
A89_2C_289_290_G196_minimal	289|290	G196_minimal	tag_total_sasa_A2	5	20	680.431047115368	46.57762828092177	3
A89_2C_289_290_G196_minimal	289|290	G196_minimal	wt_defined_contact_retention	0	10	0.9074257425742575	0.007662785947596023	3
A89_2C_289_290_G196_minimal	289|290	G196_minimal	wt_defined_contact_retention	0	15	0.9037264795542942	0.009204054071374236	3
A89_2C_289_290_G196_minimal	289|290	G196_minimal	wt_defined_contact_retention	0	20	0.9009594882729212	0.010042142033382393	3
A89_2C_289_290_G196_minimal	289|290	G196_minimal	wt_defined_contact_retention	2	10	0.903909465020576	0.010519649353103944	3
A89_2C_289_290_G196_minimal	289|290	G196_minimal	wt_defined_contact_retention	2	15	0.9009875196898097	0.011253908803461029	3
A89_2C_289_290_G196_minimal	289|290	G196_minimal	wt_defined_contact_retention	2	20	0.8986714022625626	0.011608613879204931	3
A89_2C_289_290_G196_minimal	289|290	G196_minimal	wt_defined_contact_retention	5	10	0.8995175848117024	0.019232792837533347	3
A89_2C_289_290_G196_minimal	289|290	G196_minimal	wt_defined_contact_retention	5	15	0.897901933050448	0.01587128664551424	3
A89_2C_289_290_G196_minimal	289|290	G196_minimal	wt_defined_contact_retention	5	20	0.8961473772732053	0.014768218430159009	3
A89_2C_289_290_G196_minimal	289|290	G196_minimal	wt_reference_ensemble_rmsd_mean_A	0	10	1.745932779198147	0.12353712144376751	3
A89_2C_289_290_G196_minimal	289|290	G196_minimal	wt_reference_ensemble_rmsd_mean_A	0	15	1.8943488168675389	0.18835042145658856	3
A89_2C_289_290_G196_minimal	289|290	G196_minimal	wt_reference_ensemble_rmsd_mean_A	0	20	1.9856183796068436	0.18577476939490326	3
A89_2C_289_290_G196_minimal	289|290	G196_minimal	wt_reference_ensemble_rmsd_mean_A	2	10	1.8376954961392473	0.14846199004926672	3
A89_2C_289_290_G196_minimal	289|290	G196_minimal	wt_reference_ensemble_rmsd_mean_A	2	15	1.9737465330936228	0.21146647113769299	3
A89_2C_289_290_G196_minimal	289|290	G196_minimal	wt_reference_ensemble_rmsd_mean_A	2	20	2.053168059609071	0.2022523147240648	3
A89_2C_289_290_G196_minimal	289|290	G196_minimal	wt_reference_ensemble_rmsd_mean_A	5	10	1.9833710145603505	0.2660837362063257	3
A89_2C_289_290_G196_minimal	289|290	G196_minimal	wt_reference_ensemble_rmsd_mean_A	5	15	2.087716657332311	0.2875443203913794	3
A89_2C_289_290_G196_minimal	289|290	G196_minimal	wt_reference_ensemble_rmsd_mean_A	5	20	2.145178843341329	0.25120587917126513	3
A89_2C_289_290_MAP8	289|290	MAP8	self_drift_rmsd_mean_A	0	10	1.7146758363103336	0.18352639300305082	3
A89_2C_289_290_MAP8	289|290	MAP8	self_drift_rmsd_mean_A	0	15	1.9333337464606017	0.14362469847258474	3
A89_2C_289_290_MAP8	289|290	MAP8	self_drift_rmsd_mean_A	0	20	2.0741802760761727	0.16123637684395015	3
A89_2C_289_290_MAP8	289|290	MAP8	self_drift_rmsd_mean_A	2	10	1.8318411334058358	0.19213979366731326	3
A89_2C_289_290_MAP8	289|290	MAP8	self_drift_rmsd_mean_A	2	15	2.039162351557861	0.14886964646686124	3
A89_2C_289_290_MAP8	289|290	MAP8	self_drift_rmsd_mean_A	2	20	2.1663376123195563	0.1756523568025903	3
A89_2C_289_290_MAP8	289|290	MAP8	self_drift_rmsd_mean_A	5	10	2.0146555914563495	0.189838348894783	3
A89_2C_289_290_MAP8	289|290	MAP8	self_drift_rmsd_mean_A	5	15	2.1930551624998116	0.22772485646839674	3
A89_2C_289_290_MAP8	289|290	MAP8	self_drift_rmsd_mean_A	5	20	2.2945391469419927	0.2517762157358736	3
A89_2C_289_290_MAP8	289|290	MAP8	tag_nonlocal_contact_count	0	10	0.5247524752475248	0.8663790654389564	3
A89_2C_289_290_MAP8	289|290	MAP8	tag_nonlocal_contact_count	0	15	0.7748344370860926	1.1786405119574626	3
A89_2C_289_290_MAP8	289|290	MAP8	tag_nonlocal_contact_count	0	20	0.6318407960199005	0.8543318580563454	3
A89_2C_289_290_MAP8	289|290	MAP8	tag_nonlocal_contact_count	2	10	0.6090534979423868	1.0019287399911843	3
A89_2C_289_290_MAP8	289|290	MAP8	tag_nonlocal_contact_count	2	15	0.8651399491094147	1.3102299801403323	3
A89_2C_289_290_MAP8	289|290	MAP8	tag_nonlocal_contact_count	2	20	0.6813996316758747	0.9140655372542038	3
A89_2C_289_290_MAP8	289|290	MAP8	tag_nonlocal_contact_count	5	10	0.9084967320261437	1.5397255722637282	3
A89_2C_289_290_MAP8	289|290	MAP8	tag_nonlocal_contact_count	5	15	1.0924092409240924	1.6727204371179942	3
A89_2C_289_290_MAP8	289|290	MAP8	tag_nonlocal_contact_count	5	20	0.7969094922737306	1.0771382876090942	3
A89_2C_289_290_MAP8	289|290	MAP8	tag_total_sasa_A2	0	10	794.7548473597359	46.310736989804184	3
A89_2C_289_290_MAP8	289|290	MAP8	tag_total_sasa_A2	0	15	787.2422699580919	54.31866369806384	3
A89_2C_289_290_MAP8	289|290	MAP8	tag_total_sasa_A2	0	20	794.6774538966948	51.0382042293432	3
A89_2C_289_290_MAP8	289|290	MAP8	tag_total_sasa_A2	2	10	789.7469743642297	61.18848227817822	3
A89_2C_289_290_MAP8	289|290	MAP8	tag_total_sasa_A2	2	15	782.998840487337	64.73361984257828	3
A89_2C_289_290_MAP8	289|290	MAP8	tag_total_sasa_A2	2	20	792.4278097978173	58.17326426627213	3
A89_2C_289_290_MAP8	289|290	MAP8	tag_total_sasa_A2	5	10	781.3177091311785	89.46184600366168	3
A89_2C_289_290_MAP8	289|290	MAP8	tag_total_sasa_A2	5	15	776.7380826339471	80.00740801020584	3
A89_2C_289_290_MAP8	289|290	MAP8	tag_total_sasa_A2	5	20	790.1134557324003	67.03452260063455	3
A89_2C_289_290_MAP8	289|290	MAP8	wt_defined_contact_retention	0	10	0.9091309130913093	0.009990428455980216	3
A89_2C_289_290_MAP8	289|290	MAP8	wt_defined_contact_retention	0	15	0.9005255965520865	0.008571796558466361	3
A89_2C_289_290_MAP8	289|290	MAP8	wt_defined_contact_retention	0	20	0.8956132038221591	0.008920075303778172	3
A89_2C_289_290_MAP8	289|290	MAP8	wt_defined_contact_retention	2	10	0.9049578679208309	0.01028875169181691	3
A89_2C_289_290_MAP8	289|290	MAP8	wt_defined_contact_retention	2	15	0.896631527929238	0.009039080434947734	3
A89_2C_289_290_MAP8	289|290	MAP8	wt_defined_contact_retention	2	20	0.8922520389371217	0.009431902782542852	3
A89_2C_289_290_MAP8	289|290	MAP8	wt_defined_contact_retention	5	10	0.8962962962962963	0.010192526534643748	3
A89_2C_289_290_MAP8	289|290	MAP8	wt_defined_contact_retention	5	15	0.8897846927549898	0.010368187722330174	3
A89_2C_289_290_MAP8	289|290	MAP8	wt_defined_contact_retention	5	20	0.886802270577105	0.010624321650130856	3
A89_2C_289_290_MAP8	289|290	MAP8	wt_reference_ensemble_rmsd_mean_A	0	10	1.6698417043674703	0.16760613997163945	3
A89_2C_289_290_MAP8	289|290	MAP8	wt_reference_ensemble_rmsd_mean_A	0	15	1.8657976164871883	0.16652486518402917	3
A89_2C_289_290_MAP8	289|290	MAP8	wt_reference_ensemble_rmsd_mean_A	0	20	2.0073224158533747	0.1920024911149054	3
A89_2C_289_290_MAP8	289|290	MAP8	wt_reference_ensemble_rmsd_mean_A	2	10	1.7595612633467959	0.18338983094515227	3
A89_2C_289_290_MAP8	289|290	MAP8	wt_reference_ensemble_rmsd_mean_A	2	15	1.9511900021339041	0.1828767469264777	3
A89_2C_289_290_MAP8	289|290	MAP8	wt_reference_ensemble_rmsd_mean_A	2	20	2.084763844069084	0.2110307786495006	3
A89_2C_289_290_MAP8	289|290	MAP8	wt_reference_ensemble_rmsd_mean_A	5	10	1.9182964631428316	0.18986301953163373	3
A89_2C_289_290_MAP8	289|290	MAP8	wt_reference_ensemble_rmsd_mean_A	5	15	2.088262847215202	0.2517234091356584	3
A89_2C_289_290_MAP8	289|290	MAP8	wt_reference_ensemble_rmsd_mean_A	5	20	2.2029861792430347	0.2762786700861808	3
A89_2C_290_291_MAP8	290|291	MAP8	self_drift_rmsd_mean_A	0	10	1.7924471821565466	0.17325299471690855	3
A89_2C_290_291_MAP8	290|291	MAP8	self_drift_rmsd_mean_A	0	15	1.8399695954543633	0.11752764797403435	3
A89_2C_290_291_MAP8	290|291	MAP8	self_drift_rmsd_mean_A	0	20	1.890269416992864	0.17616481472641843	3
A89_2C_290_291_MAP8	290|291	MAP8	self_drift_rmsd_mean_A	2	10	1.8242508188573163	0.18382985022041065	3
A89_2C_290_291_MAP8	290|291	MAP8	self_drift_rmsd_mean_A	2	15	1.866889769795728	0.14270499722060004	3
A89_2C_290_291_MAP8	290|291	MAP8	self_drift_rmsd_mean_A	2	20	1.9153110704154532	0.2064835779047768	3
A89_2C_290_291_MAP8	290|291	MAP8	self_drift_rmsd_mean_A	5	10	1.8683629440314415	0.22879577903957657	3
A89_2C_290_291_MAP8	290|291	MAP8	self_drift_rmsd_mean_A	5	15	1.9018292441722895	0.17432385346222387	3
A89_2C_290_291_MAP8	290|291	MAP8	self_drift_rmsd_mean_A	5	20	1.9483013083666088	0.24126862305770044	3
A89_2C_290_291_MAP8	290|291	MAP8	tag_nonlocal_contact_count	0	10	1.9570957095709571	3.2099115771982505	3
A89_2C_290_291_MAP8	290|291	MAP8	tag_nonlocal_contact_count	0	15	1.9072847682119205	3.183157895683368	3
A89_2C_290_291_MAP8	290|291	MAP8	tag_nonlocal_contact_count	0	20	1.9038142620232172	3.1897971572098887	3
A89_2C_290_291_MAP8	290|291	MAP8	tag_nonlocal_contact_count	2	10	1.9506172839506173	3.3678822272371938	3
A89_2C_290_291_MAP8	290|291	MAP8	tag_nonlocal_contact_count	2	15	1.895674300254453	3.276795544589664	3
A89_2C_290_291_MAP8	290|291	MAP8	tag_nonlocal_contact_count	2	20	1.8950276243093922	3.2583900480074606	3
A89_2C_290_291_MAP8	290|291	MAP8	tag_nonlocal_contact_count	5	10	1.803921568627451	3.1075183847150116	3
A89_2C_290_291_MAP8	290|291	MAP8	tag_nonlocal_contact_count	5	15	1.8052805280528055	3.1182670172071907	3
A89_2C_290_291_MAP8	290|291	MAP8	tag_nonlocal_contact_count	5	20	1.8344370860927153	3.148705426365508	3
A89_2C_290_291_MAP8	290|291	MAP8	tag_total_sasa_A2	0	10	704.4681152746622	109.36948294298946	3
A89_2C_290_291_MAP8	290|291	MAP8	tag_total_sasa_A2	0	15	714.5916920508243	108.08817953827113	3
A89_2C_290_291_MAP8	290|291	MAP8	tag_total_sasa_A2	0	20	716.480603978804	106.90184274191967	3
A89_2C_290_291_MAP8	290|291	MAP8	tag_total_sasa_A2	2	10	712.1510692957498	117.33668742548114	3
A89_2C_290_291_MAP8	290|291	MAP8	tag_total_sasa_A2	2	15	720.8878051136589	112.71518000594178	3
A89_2C_290_291_MAP8	290|291	MAP8	tag_total_sasa_A2	2	20	721.2461788395273	110.11920912642654	3
A89_2C_290_291_MAP8	290|291	MAP8	tag_total_sasa_A2	5	10	714.0115514019735	119.45754555762521	3
A89_2C_290_291_MAP8	290|291	MAP8	tag_total_sasa_A2	5	15	724.4223265191509	112.29286321063064	3
A89_2C_290_291_MAP8	290|291	MAP8	tag_total_sasa_A2	5	20	723.6815289966844	109.31818135352681	3
A89_2C_290_291_MAP8	290|291	MAP8	wt_defined_contact_retention	0	10	0.9132956152758133	0.0042457036410206315	3
A89_2C_290_291_MAP8	290|291	MAP8	wt_defined_contact_retention	0	15	0.9117891306633029	0.00582081748896433	3
A89_2C_290_291_MAP8	290|291	MAP8	wt_defined_contact_retention	0	20	0.909693595514491	0.009273731997519382	3
A89_2C_290_291_MAP8	290|291	MAP8	wt_defined_contact_retention	2	10	0.9122183029590438	0.005229105328980688	3
A89_2C_290_291_MAP8	290|291	MAP8	wt_defined_contact_retention	2	15	0.9108930086029323	0.007262180667602494	3
A89_2C_290_291_MAP8	290|291	MAP8	wt_defined_contact_retention	2	20	0.9088134701394369	0.010711125842602344	3
A89_2C_290_291_MAP8	290|291	MAP8	wt_defined_contact_retention	5	10	0.9108776844070962	0.010841558489620463	3
A89_2C_290_291_MAP8	290|291	MAP8	wt_defined_contact_retention	5	15	0.9098224108125098	0.01068655473496948	3
A89_2C_290_291_MAP8	290|291	MAP8	wt_defined_contact_retention	5	20	0.9076842215915063	0.013684656957049107	3
A89_2C_290_291_MAP8	290|291	MAP8	wt_reference_ensemble_rmsd_mean_A	0	10	1.6411035950427868	0.0850093621696455	3
A89_2C_290_291_MAP8	290|291	MAP8	wt_reference_ensemble_rmsd_mean_A	0	15	1.6667947658508195	0.01367466911321831	3
A89_2C_290_291_MAP8	290|291	MAP8	wt_reference_ensemble_rmsd_mean_A	0	20	1.6915387708926561	0.0534635136770212	3
A89_2C_290_291_MAP8	290|291	MAP8	wt_reference_ensemble_rmsd_mean_A	2	10	1.6478075910858696	0.06873533981897742	3
A89_2C_290_291_MAP8	290|291	MAP8	wt_reference_ensemble_rmsd_mean_A	2	15	1.67486230093212	0.020816835386683715	3
A89_2C_290_291_MAP8	290|291	MAP8	wt_reference_ensemble_rmsd_mean_A	2	20	1.7001118493262866	0.0844094366719324	3
A89_2C_290_291_MAP8	290|291	MAP8	wt_reference_ensemble_rmsd_mean_A	5	10	1.6743531706395516	0.13839471427644992	3
A89_2C_290_291_MAP8	290|291	MAP8	wt_reference_ensemble_rmsd_mean_A	5	15	1.6963025568987071	0.06401306476952578	3
A89_2C_290_291_MAP8	290|291	MAP8	wt_reference_ensemble_rmsd_mean_A	5	20	1.7194691493557592	0.12575208524975906	3
WT_112_321	WT	WT	self_drift_rmsd_mean_A	0	10	1.5871373029682374	0.08285162286348981	3
WT_112_321	WT	WT	self_drift_rmsd_mean_A	0	15	1.6242452620075032	0.0804643696827755	3
WT_112_321	WT	WT	self_drift_rmsd_mean_A	0	20	1.6562493140510355	0.08761603307671012	3
WT_112_321	WT	WT	self_drift_rmsd_mean_A	2	10	1.6358194796479328	0.08052145040967303	3
WT_112_321	WT	WT	self_drift_rmsd_mean_A	2	15	1.6600117924795699	0.07815754804675468	3
WT_112_321	WT	WT	self_drift_rmsd_mean_A	2	20	1.6856719468284453	0.08681946558838391	3
WT_112_321	WT	WT	self_drift_rmsd_mean_A	5	10	1.656516063498078	0.09449733028239427	3
WT_112_321	WT	WT	self_drift_rmsd_mean_A	5	15	1.6776483782350793	0.08439919797893165	3
WT_112_321	WT	WT	self_drift_rmsd_mean_A	5	20	1.7025666474362122	0.09270059931278211	3
WT_112_321	WT	WT	tag_nonlocal_contact_count	0	10	NA	NA	0
WT_112_321	WT	WT	tag_nonlocal_contact_count	0	15	NA	NA	0
WT_112_321	WT	WT	tag_nonlocal_contact_count	0	20	NA	NA	0
WT_112_321	WT	WT	tag_nonlocal_contact_count	2	10	NA	NA	0
WT_112_321	WT	WT	tag_nonlocal_contact_count	2	15	NA	NA	0
WT_112_321	WT	WT	tag_nonlocal_contact_count	2	20	NA	NA	0
WT_112_321	WT	WT	tag_nonlocal_contact_count	5	10	NA	NA	0
WT_112_321	WT	WT	tag_nonlocal_contact_count	5	15	NA	NA	0
WT_112_321	WT	WT	tag_nonlocal_contact_count	5	20	NA	NA	0
WT_112_321	WT	WT	tag_total_sasa_A2	0	10	NA	NA	0
WT_112_321	WT	WT	tag_total_sasa_A2	0	15	NA	NA	0
WT_112_321	WT	WT	tag_total_sasa_A2	0	20	NA	NA	0
WT_112_321	WT	WT	tag_total_sasa_A2	2	10	NA	NA	0
WT_112_321	WT	WT	tag_total_sasa_A2	2	15	NA	NA	0
WT_112_321	WT	WT	tag_total_sasa_A2	2	20	NA	NA	0
WT_112_321	WT	WT	tag_total_sasa_A2	5	10	NA	NA	0
WT_112_321	WT	WT	tag_total_sasa_A2	5	15	NA	NA	0
WT_112_321	WT	WT	tag_total_sasa_A2	5	20	NA	NA	0
WT_112_321	WT	WT	wt_defined_contact_retention	0	10	0.9236602231651737	0.012247808831889813	3
WT_112_321	WT	WT	wt_defined_contact_retention	0	15	0.9251235151897405	0.013047601735213759	3
WT_112_321	WT	WT	wt_defined_contact_retention	0	20	0.9272091921345652	0.012756254465785426	3
WT_112_321	WT	WT	wt_defined_contact_retention	2	10	0.9248677248677248	0.011367265281426378	3
WT_112_321	WT	WT	wt_defined_contact_retention	2	15	0.9260935417423967	0.012629015352929414	3
WT_112_321	WT	WT	wt_defined_contact_retention	2	20	0.9281417170919933	0.012459472710963763	3
WT_112_321	WT	WT	wt_defined_contact_retention	5	10	0.9298786181139121	0.016338268562383275	3
WT_112_321	WT	WT	wt_defined_contact_retention	5	15	0.9289878987898789	0.016038117075290122	3
WT_112_321	WT	WT	wt_defined_contact_retention	5	20	0.930484600021024	0.014869798069921614	3
WT_112_321	WT	WT	wt_reference_ensemble_rmsd_mean_A	0	10	1.2961422908702127	0.12181648290898134	3
WT_112_321	WT	WT	wt_reference_ensemble_rmsd_mean_A	0	15	1.2744647846781831	0.14617058372446282	3
WT_112_321	WT	WT	wt_reference_ensemble_rmsd_mean_A	0	20	1.2948511732301065	0.16163243962370097	3
WT_112_321	WT	WT	wt_reference_ensemble_rmsd_mean_A	2	10	1.296532301665372	0.1365224790918699	3
WT_112_321	WT	WT	wt_reference_ensemble_rmsd_mean_A	2	15	1.2713963934611399	0.160785920763723	3
WT_112_321	WT	WT	wt_reference_ensemble_rmsd_mean_A	2	20	1.2948830435152212	0.176070277890737	3
WT_112_321	WT	WT	wt_reference_ensemble_rmsd_mean_A	5	10	1.2720275986313234	0.1816603918526808	3
WT_112_321	WT	WT	wt_reference_ensemble_rmsd_mean_A	5	15	1.2515566201852641	0.19183151239016139	3
WT_112_321	WT	WT	wt_reference_ensemble_rmsd_mean_A	5	20	1.2862789534540224	0.2027965407740152	3
