construct_id	junction	tag_form	tag_length	model_file	json_file	rank	model	seed	mean_ca_plddt_from_pdb	ptm	ranking_confidence	prediction_status
A89_2C_155_156_G196_minimal	155|156	G196_minimal	5	results/open_structure_007/tier1_shallow/A89_2C_155_156_G196_minimal_unrelaxed_rank_001_alphafold2_ptm_model_1_seed_011.pdb		001	1	011	83.40950920245403			completed
A89_2C_155_156_G196_practical_GS	155|156	G196_practical_GS	9	results/open_structure_007/tier1_shallow/A89_2C_155_156_G196_practical_GS_unrelaxed_rank_001_alphafold2_ptm_model_1_seed_011.pdb		001	1	011	83.31875757575756			completed
A89_2C_155_156_HA	155|156	HA	9	results/open_structure_007/tier1_shallow/A89_2C_155_156_HA_unrelaxed_rank_001_alphafold2_ptm_model_1_seed_011.pdb		001	1	011	83.24224242424245			completed
A89_2C_155_156_MAP8	155|156	MAP8	8	results/open_structure_007/tier1_shallow/A89_2C_155_156_MAP8_unrelaxed_rank_001_alphafold2_ptm_model_1_seed_011.pdb		001	1	011	83.77896656534956			completed
A89_2C_203_204_G196_minimal	203|204	G196_minimal	5	results/open_structure_007/tier1_shallow/A89_2C_203_204_G196_minimal_unrelaxed_rank_001_alphafold2_ptm_model_1_seed_011.pdb		001	1	011	82.64702453987725			completed
A89_2C_203_204_G196_practical_GS	203|204	G196_practical_GS	9	results/open_structure_007/tier1_shallow/A89_2C_203_204_G196_practical_GS_unrelaxed_rank_001_alphafold2_ptm_model_1_seed_011.pdb		001	1	011	84.10742424242423			completed
A89_2C_203_204_HA	203|204	HA	9	results/open_structure_007/tier1_shallow/A89_2C_203_204_HA_unrelaxed_rank_001_alphafold2_ptm_model_1_seed_011.pdb		001	1	011	82.7059393939394			completed
A89_2C_203_204_MAP8	203|204	MAP8	8	results/open_structure_007/tier1_shallow/A89_2C_203_204_MAP8_unrelaxed_rank_001_alphafold2_ptm_model_1_seed_011.pdb		001	1	011	84.3745896656535			completed
A89_2C_216_217_G196_minimal	216|217	G196_minimal	5	results/open_structure_007/tier1_shallow/A89_2C_216_217_G196_minimal_unrelaxed_rank_001_alphafold2_ptm_model_1_seed_011.pdb		001	1	011	78.37337423312884			completed
A89_2C_216_217_G196_practical_GS	216|217	G196_practical_GS	9	results/open_structure_007/tier1_shallow/A89_2C_216_217_G196_practical_GS_unrelaxed_rank_001_alphafold2_ptm_model_1_seed_011.pdb		001	1	011	80.43133333333333			completed
A89_2C_216_217_HA	216|217	HA	9	results/open_structure_007/tier1_shallow/A89_2C_216_217_HA_unrelaxed_rank_001_alphafold2_ptm_model_1_seed_011.pdb		001	1	011	82.95130303030302			completed
A89_2C_216_217_MAP8	216|217	MAP8	8	results/open_structure_007/tier1_shallow/A89_2C_216_217_MAP8_unrelaxed_rank_001_alphafold2_ptm_model_1_seed_011.pdb		001	1	011	81.46267477203648			completed
A89_2C_224_225_G196_minimal	224|225	G196_minimal	5	results/open_structure_007/tier1_shallow/A89_2C_224_225_G196_minimal_unrelaxed_rank_001_alphafold2_ptm_model_1_seed_011.pdb		001	1	011	76.61914110429448			completed
A89_2C_224_225_G196_practical_GS	224|225	G196_practical_GS	9	results/open_structure_007/tier1_shallow/A89_2C_224_225_G196_practical_GS_unrelaxed_rank_001_alphafold2_ptm_model_1_seed_011.pdb		001	1	011	80.81024242424247			completed
A89_2C_224_225_HA	224|225	HA	9	results/open_structure_007/tier1_shallow/A89_2C_224_225_HA_unrelaxed_rank_001_alphafold2_ptm_model_1_seed_011.pdb		001	1	011	82.46121212121201			completed
A89_2C_224_225_MAP8	224|225	MAP8	8	results/open_structure_007/tier1_shallow/A89_2C_224_225_MAP8_unrelaxed_rank_001_alphafold2_ptm_model_1_seed_011.pdb		001	1	011	81.15823708206685			completed
A89_2C_248_249_G196_minimal	248|249	G196_minimal	5	results/open_structure_007/tier1_shallow/A89_2C_248_249_G196_minimal_unrelaxed_rank_001_alphafold2_ptm_model_1_seed_011.pdb		001	1	011	86.1933435582822			completed
A89_2C_248_249_G196_practical_GS	248|249	G196_practical_GS	9	results/open_structure_007/tier1_shallow/A89_2C_248_249_G196_practical_GS_unrelaxed_rank_001_alphafold2_ptm_model_1_seed_011.pdb		001	1	011	84.69212121212125			completed
A89_2C_248_249_HA	248|249	HA	9	results/open_structure_007/tier1_shallow/A89_2C_248_249_HA_unrelaxed_rank_001_alphafold2_ptm_model_1_seed_011.pdb		001	1	011	86.90336363636361			completed
A89_2C_248_249_MAP8	248|249	MAP8	8	results/open_structure_007/tier1_shallow/A89_2C_248_249_MAP8_unrelaxed_rank_001_alphafold2_ptm_model_1_seed_011.pdb		001	1	011	84.15115501519757			completed
A89_2C_256_257_G196_minimal	256|257	G196_minimal	5	results/open_structure_007/tier1_shallow/A89_2C_256_257_G196_minimal_unrelaxed_rank_001_alphafold2_ptm_model_1_seed_011.pdb		001	1	011	82.25806748466253			completed
A89_2C_256_257_G196_practical_GS	256|257	G196_practical_GS	9	results/open_structure_007/tier1_shallow/A89_2C_256_257_G196_practical_GS_unrelaxed_rank_001_alphafold2_ptm_model_1_seed_011.pdb		001	1	011	82.46024242424245			completed
A89_2C_256_257_HA	256|257	HA	9	results/open_structure_007/tier1_shallow/A89_2C_256_257_HA_unrelaxed_rank_001_alphafold2_ptm_model_1_seed_011.pdb		001	1	011	85.53190909090912			completed
A89_2C_256_257_MAP8	256|257	MAP8	8	results/open_structure_007/tier1_shallow/A89_2C_256_257_MAP8_unrelaxed_rank_001_alphafold2_ptm_model_1_seed_011.pdb		001	1	011	86.14471124620057			completed
A89_2C_287_288_G196_minimal	287|288	G196_minimal	5	results/open_structure_007/tier1_shallow/A89_2C_287_288_G196_minimal_unrelaxed_rank_001_alphafold2_ptm_model_1_seed_011.pdb		001	1	011	83.6157975460123			completed
A89_2C_287_288_G196_practical_GS	287|288	G196_practical_GS	9	results/open_structure_007/tier1_shallow/A89_2C_287_288_G196_practical_GS_unrelaxed_rank_001_alphafold2_ptm_model_1_seed_011.pdb		001	1	011	83.87866666666669			completed
A89_2C_287_288_HA	287|288	HA	9	results/open_structure_007/tier1_shallow/A89_2C_287_288_HA_unrelaxed_rank_001_alphafold2_ptm_model_1_seed_011.pdb		001	1	011	85.08893939393938			completed
A89_2C_287_288_MAP8	287|288	MAP8	8	results/open_structure_007/tier1_shallow/A89_2C_287_288_MAP8_unrelaxed_rank_001_alphafold2_ptm_model_1_seed_011.pdb		001	1	011	84.26310030395138			completed
A89_2C_288_289_G196_minimal	288|289	G196_minimal	5	results/open_structure_007/tier1_shallow/A89_2C_288_289_G196_minimal_unrelaxed_rank_001_alphafold2_ptm_model_1_seed_011.pdb		001	1	011	85.54478527607363			completed
A89_2C_288_289_G196_practical_GS	288|289	G196_practical_GS	9	results/open_structure_007/tier1_shallow/A89_2C_288_289_G196_practical_GS_unrelaxed_rank_001_alphafold2_ptm_model_1_seed_011.pdb		001	1	011	83.61045454545454			completed
A89_2C_288_289_HA	288|289	HA	9	results/open_structure_007/tier1_shallow/A89_2C_288_289_HA_unrelaxed_rank_001_alphafold2_ptm_model_1_seed_011.pdb		001	1	011	84.84993939393938			completed
A89_2C_288_289_MAP8	288|289	MAP8	8	results/open_structure_007/tier1_shallow/A89_2C_288_289_MAP8_unrelaxed_rank_001_alphafold2_ptm_model_1_seed_011.pdb		001	1	011	84.436443768997			completed
A89_2C_289_290_G196_minimal	289|290	G196_minimal	5	results/open_structure_007/tier1_shallow/A89_2C_289_290_G196_minimal_unrelaxed_rank_001_alphafold2_ptm_model_1_seed_011.pdb		001	1	011	84.94687116564421			completed
A89_2C_289_290_G196_practical_GS	289|290	G196_practical_GS	9	results/open_structure_007/tier1_shallow/A89_2C_289_290_G196_practical_GS_unrelaxed_rank_001_alphafold2_ptm_model_1_seed_011.pdb		001	1	011	83.80893939393937			completed
A89_2C_289_290_HA	289|290	HA	9	results/open_structure_007/tier1_shallow/A89_2C_289_290_HA_unrelaxed_rank_001_alphafold2_ptm_model_1_seed_011.pdb		001	1	011	84.09496969696973			completed
A89_2C_289_290_MAP8	289|290	MAP8	8	results/open_structure_007/tier1_shallow/A89_2C_289_290_MAP8_unrelaxed_rank_001_alphafold2_ptm_model_1_seed_011.pdb		001	1	011	83.89668693009111			completed
A89_2C_290_291_G196_minimal	290|291	G196_minimal	5	results/open_structure_007/tier1_shallow/A89_2C_290_291_G196_minimal_unrelaxed_rank_001_alphafold2_ptm_model_1_seed_011.pdb		001	1	011	86.54953987730055			completed
A89_2C_290_291_G196_practical_GS	290|291	G196_practical_GS	9	results/open_structure_007/tier1_shallow/A89_2C_290_291_G196_practical_GS_unrelaxed_rank_001_alphafold2_ptm_model_1_seed_011.pdb		001	1	011	83.24145454545454			completed
A89_2C_290_291_HA	290|291	HA	9	results/open_structure_007/tier1_shallow/A89_2C_290_291_HA_unrelaxed_rank_001_alphafold2_ptm_model_1_seed_011.pdb		001	1	011	83.89433333333338			completed
A89_2C_290_291_MAP8	290|291	MAP8	8	results/open_structure_007/tier1_shallow/A89_2C_290_291_MAP8_unrelaxed_rank_001_alphafold2_ptm_model_1_seed_011.pdb		001	1	011	85.25492401215806			completed
