construct_id	junction	tag_form	tag_sequence	tag_length	model_file	model_rank	model_seed	model_sha256	model_unique_sha_index	hexamer_structure	hexamer_source_path	hexamer_sha256	antibody_present	chain_fit_rmsd_A_mean	chain_fit_rmsd_A_max	alignment_residue_count_min	tag_ab_min_A	tag_ab_clashes_lt_2p0A	tag_ab_clashes_lt_2p5A	tag_ab_contacts_4p5A	tag_ab_contacts_5p0A	closest_tag_ab_pair	tag_other_protomer_min_A	tag_adjacent_protomer_min_A	tag_nonadjacent_protomer_min_A	tag_other_protomer_clashes_lt_2p0A	tag_other_protomer_clashes_lt_2p5A	tag_other_protomer_contacts_4p5A	worst_tag_chain_for_protomer_contact	tag_tag_min_A	tag_tag_clashes_lt_2p0A	tag_tag_clashes_lt_2p5A	tag_tag_contacts_4p5A	tag_overlaps_sequence_defined_9a5_epitope	analysis_note	hexamer_9a5_class	248_249_HA_robustness_class	248_249_HA_robustness_note	tag_identity_comparison_class
A89_2C_248_249_HA	248|249	HA	YPYDVPDYA	9	results/open_structure_007/tier1_shallow/A89_2C_248_249_HA_unrelaxed_rank_001_alphafold2_ptm_model_1_seed_011.pdb	1	11	c9aedd61dd46b3ae99f9027cf7011fae82dec33f3f83da6b1f2a9f470deb8610	2	1x9A5_100ps_showcase	HRV_A89_2C_HEXAMER/results_summary/SHOWCASE_1x_9A5_D_chain_after_npt_100ps_pbc_fixed.pdb	3d3f3f4956152103153d5c8a5135701ae3f7f3638eed42a1d528ef600b96bbc7	yes	2.205766356386967	2.2653029731585903	321	14.931683062877964	0	0	0	0	E:TYR256:OH--L:ARG82:NH1	0.2190377315135234	0.7296460397414611	0.2190377315135234	84	174	1074	B	28.52648703106359	0	0	0	no	six_tagged_protomer_proxy_from_existing_tagged_monomer;endpoint_duplicates_removed_in_011a	HEXAMER_CONTEXT_SENSITIVE	ROBUST_HEXAMER_CROWDING	3/3_unique_HA_conformations_show_lt2p5_protomer_crowding	same_junction_tag_identity_dependence_audited
A89_2C_248_249_HA	248|249	HA	YPYDVPDYA	9	results/open_structure_007/tier1_shallow/A89_2C_248_249_HA_unrelaxed_rank_001_alphafold2_ptm_model_1_seed_011.pdb	1	11	c9aedd61dd46b3ae99f9027cf7011fae82dec33f3f83da6b1f2a9f470deb8610	2	1x9A5_1ns_rep1_reexported	results/9a5_context_011a_qc/reexported_1x9A5_endpoints/rep1_endpoint_last_frame_reexported.pdb	d0478a7a51689bb667669872868335018b6685e1e7218a351f1d7dc791f46d26	yes	2.244671862132369	2.281869386833391	321	15.252205301669894	0	0	0	0	E:TYR256:OH--L:ARG82:NH1	0.5224297023224841	0.672990573311705	0.5224297023224841	85	176	1122	B	28.518896971743214	0	0	0	no	six_tagged_protomer_proxy_from_existing_tagged_monomer;endpoint_duplicates_removed_in_011a	HEXAMER_CONTEXT_SENSITIVE	ROBUST_HEXAMER_CROWDING	3/3_unique_HA_conformations_show_lt2p5_protomer_crowding	same_junction_tag_identity_dependence_audited
A89_2C_248_249_HA	248|249	HA	YPYDVPDYA	9	results/open_structure_007/tier1_shallow/A89_2C_248_249_HA_unrelaxed_rank_001_alphafold2_ptm_model_1_seed_011.pdb	1	11	c9aedd61dd46b3ae99f9027cf7011fae82dec33f3f83da6b1f2a9f470deb8610	2	1x9A5_1ns_rep2_reexported	results/9a5_context_011a_qc/reexported_1x9A5_endpoints/rep2_endpoint_last_frame_reexported.pdb	935684cc8c8088161467a728447c8fc821cd0c99d5175f2dc0ddfefc129df8c5	yes	2.2648143177341162	2.3446185170645526	321	15.165619920444698	0	0	0	0	E:TYR256:OH--L:ARG82:NH1	0.42159928909013433	1.114492028747521	0.42159928909013433	86	162	1068	B	28.604168545444292	0	0	0	no	six_tagged_protomer_proxy_from_existing_tagged_monomer;endpoint_duplicates_removed_in_011a	HEXAMER_CONTEXT_SENSITIVE	ROBUST_HEXAMER_CROWDING	3/3_unique_HA_conformations_show_lt2p5_protomer_crowding	same_junction_tag_identity_dependence_audited
A89_2C_248_249_HA	248|249	HA	YPYDVPDYA	9	results/open_structure_007/tier1_shallow/A89_2C_248_249_HA_unrelaxed_rank_001_alphafold2_ptm_model_1_seed_011.pdb	1	11	c9aedd61dd46b3ae99f9027cf7011fae82dec33f3f83da6b1f2a9f470deb8610	2	1x9A5_1ns_rep3_reexported	results/9a5_context_011a_qc/reexported_1x9A5_endpoints/rep3_endpoint_last_frame_reexported.pdb	5188d4f8df2e77f3c6bfbf01fcf4135cfde42c1c4ea56ec642c16cb6cd2370c1	yes	2.27193478405165	2.322268594011642	321	15.35640693010635	0	0	0	0	E:TYR256:OH--L:ARG82:NH1	0.06104369687043758	1.0876165425524178	0.06104369687043758	80	163	1060	B	28.614423147323077	0	0	0	no	six_tagged_protomer_proxy_from_existing_tagged_monomer;endpoint_duplicates_removed_in_011a	HEXAMER_CONTEXT_SENSITIVE	ROBUST_HEXAMER_CROWDING	3/3_unique_HA_conformations_show_lt2p5_protomer_crowding	same_junction_tag_identity_dependence_audited
A89_2C_248_249_HA	248|249	HA	YPYDVPDYA	9	results/open_structure_007/tier1_shallow/A89_2C_248_249_HA_unrelaxed_rank_001_alphafold2_ptm_model_1_seed_011.pdb	1	11	c9aedd61dd46b3ae99f9027cf7011fae82dec33f3f83da6b1f2a9f470deb8610	2	free_hexamer_2ns_lead	HRV_A89_2C_HEXAMER/results_summary/selected_hexamer_01_md_representative.pdb	d6daf2cd8aa7db784561e85c5169e006a4c04b98ff68aebcdc63c6e34cfdc292	no	2.178569703006688	2.232998907430362	321		0	0	0	0	NA	0.3512558195563009	1.004088146689932	0.3512558195563009	78	166	1036	B	28.489728747960516	0	0	0	no	six_tagged_protomer_proxy_from_existing_tagged_monomer;endpoint_duplicates_removed_in_011a	HEXAMER_CONTEXT_SENSITIVE	ROBUST_HEXAMER_CROWDING	3/3_unique_HA_conformations_show_lt2p5_protomer_crowding	same_junction_tag_identity_dependence_audited
A89_2C_248_249_HA	248|249	HA	YPYDVPDYA	9	results/open_structure_007/tier1_shallow/A89_2C_248_249_HA_unrelaxed_rank_001_alphafold2_ptm_model_1_seed_011.pdb	1	11	c9aedd61dd46b3ae99f9027cf7011fae82dec33f3f83da6b1f2a9f470deb8610	2	free_hexamer_5ns_rep1	HRV_A89_2C_HEXAMER/results_summary/selected_hexamer_01_md_representative_5ns_rep1.pdb	2d4aa74795dd8fe100b63a25dc0065797cfad63972ced0e500b22a789fbdaaf8	no	2.1755446705088555	2.21181567435064	321		0	0	0	0	NA	0.22367751952082407	0.6549088818717178	0.22367751952082407	80	161	1014	E	28.361975881404376	0	0	0	no	six_tagged_protomer_proxy_from_existing_tagged_monomer;endpoint_duplicates_removed_in_011a	HEXAMER_CONTEXT_SENSITIVE	ROBUST_HEXAMER_CROWDING	3/3_unique_HA_conformations_show_lt2p5_protomer_crowding	same_junction_tag_identity_dependence_audited
A89_2C_248_249_HA	248|249	HA	YPYDVPDYA	9	results/open_structure_007/tier1_shallow/A89_2C_248_249_HA_unrelaxed_rank_001_alphafold2_ptm_model_1_seed_011.pdb	1	11	c9aedd61dd46b3ae99f9027cf7011fae82dec33f3f83da6b1f2a9f470deb8610	2	free_hexamer_5ns_rep2	HRV_A89_2C_HEXAMER/results_summary/selected_hexamer_01_md_representative_5ns_rep2.pdb	220bdfa9b1c09f29f933ae6e76e3f693a52185cb7acdfaa5926c15c56d8debc8	no	2.1677051497989153	2.2220445034943315	321		0	0	0	0	NA	0.3419816518365456	0.5302228827322458	0.3419816518365456	86	171	1000	C	28.36759894842737	0	0	0	no	six_tagged_protomer_proxy_from_existing_tagged_monomer;endpoint_duplicates_removed_in_011a	HEXAMER_CONTEXT_SENSITIVE	ROBUST_HEXAMER_CROWDING	3/3_unique_HA_conformations_show_lt2p5_protomer_crowding	same_junction_tag_identity_dependence_audited
A89_2C_248_249_HA	248|249	HA	YPYDVPDYA	9	results/open_structure_007/tier1_shallow/A89_2C_248_249_HA_unrelaxed_rank_001_alphafold2_ptm_model_1_seed_011.pdb	1	11	c9aedd61dd46b3ae99f9027cf7011fae82dec33f3f83da6b1f2a9f470deb8610	2	free_hexamer_5ns_rep3	HRV_A89_2C_HEXAMER/results_summary/selected_hexamer_01_md_representative_5ns_rep3.pdb	29e334a2081e858d4a1911f6f6ecac0e46e210946f8800f2634326944ebda336	no	2.1615382747843257	2.235265858978245	321		0	0	0	0	NA	0.394360561973138	0.6214184748904696	0.394360561973138	65	145	932	F	28.52764374912601	0	0	0	no	six_tagged_protomer_proxy_from_existing_tagged_monomer;endpoint_duplicates_removed_in_011a	HEXAMER_CONTEXT_SENSITIVE	ROBUST_HEXAMER_CROWDING	3/3_unique_HA_conformations_show_lt2p5_protomer_crowding	same_junction_tag_identity_dependence_audited
A89_2C_248_249_HA	248|249	HA	YPYDVPDYA	9	results/open_structure_007/tier1_shallow/A89_2C_248_249_HA_unrelaxed_rank_001_alphafold2_ptm_model_1_seed_011.pdb	1	11	c9aedd61dd46b3ae99f9027cf7011fae82dec33f3f83da6b1f2a9f470deb8610	2	free_hexamer_control_model1	HRV_A89_2C_HEXAMER/results_summary/selected_hexamer_02_md_representative.pdb	be28894e60a05269dbf6ad02c070e56fad7f51fc8b1e8cc20b98406821fb5a78	no	2.2646178562646764	2.28214733010769	321		0	0	0	0	NA	0.4143141802715512	0.4143141802715512	0.5328629773151906	127	211	1326	A	28.198019057424172	0	0	0	no	six_tagged_protomer_proxy_from_existing_tagged_monomer;endpoint_duplicates_removed_in_011a	HEXAMER_CONTEXT_SENSITIVE	ROBUST_HEXAMER_CROWDING	3/3_unique_HA_conformations_show_lt2p5_protomer_crowding	same_junction_tag_identity_dependence_audited
A89_2C_248_249_HA	248|249	HA	YPYDVPDYA	9	results/candidate_panel_008/expanded_colabfold/A89_2C_248_249_HA_unrelaxed_rank_001_alphafold2_ptm_model_1_seed_032.pdb	1	32	db1c19ccadcdf3711584b5a705b8e2daf0f61b545e06ca8874cec838ce67a204	3	1x9A5_100ps_showcase	HRV_A89_2C_HEXAMER/results_summary/SHOWCASE_1x_9A5_D_chain_after_npt_100ps_pbc_fixed.pdb	3d3f3f4956152103153d5c8a5135701ae3f7f3638eed42a1d528ef600b96bbc7	yes	3.492637128568785	3.5582694420023127	321	16.514017399565354	0	0	0	0	E:TYR256:OH--L:ARG82:NH1	0.37554608054385485	0.752505155454585	0.37554608054385485	66	132	1380	C	29.070104195725992	0	0	0	no	six_tagged_protomer_proxy_from_existing_tagged_monomer;endpoint_duplicates_removed_in_011a	HEXAMER_CONTEXT_SENSITIVE	ROBUST_HEXAMER_CROWDING	3/3_unique_HA_conformations_show_lt2p5_protomer_crowding	same_junction_tag_identity_dependence_audited
A89_2C_248_249_HA	248|249	HA	YPYDVPDYA	9	results/candidate_panel_008/expanded_colabfold/A89_2C_248_249_HA_unrelaxed_rank_001_alphafold2_ptm_model_1_seed_032.pdb	1	32	db1c19ccadcdf3711584b5a705b8e2daf0f61b545e06ca8874cec838ce67a204	3	1x9A5_1ns_rep1_reexported	results/9a5_context_011a_qc/reexported_1x9A5_endpoints/rep1_endpoint_last_frame_reexported.pdb	d0478a7a51689bb667669872868335018b6685e1e7218a351f1d7dc791f46d26	yes	3.5268768381663818	3.559353230651806	321	16.82978081943836	0	0	0	0	E:TYR256:OH--L:ARG82:NH1	0.23855340826823374	0.23855340826823374	0.3165864415489019	67	134	1343	A	29.05439144156654	0	0	0	no	six_tagged_protomer_proxy_from_existing_tagged_monomer;endpoint_duplicates_removed_in_011a	HEXAMER_CONTEXT_SENSITIVE	ROBUST_HEXAMER_CROWDING	3/3_unique_HA_conformations_show_lt2p5_protomer_crowding	same_junction_tag_identity_dependence_audited
A89_2C_248_249_HA	248|249	HA	YPYDVPDYA	9	results/candidate_panel_008/expanded_colabfold/A89_2C_248_249_HA_unrelaxed_rank_001_alphafold2_ptm_model_1_seed_032.pdb	1	32	db1c19ccadcdf3711584b5a705b8e2daf0f61b545e06ca8874cec838ce67a204	3	1x9A5_1ns_rep2_reexported	results/9a5_context_011a_qc/reexported_1x9A5_endpoints/rep2_endpoint_last_frame_reexported.pdb	935684cc8c8088161467a728447c8fc821cd0c99d5175f2dc0ddfefc129df8c5	yes	3.5558610428741284	3.636855833124391	321	16.750317911487937	0	0	0	0	E:TYR256:OH--L:ARG82:NH1	0.39941110810818947	0.6482059806086843	0.39941110810818947	59	123	1316	C	29.151613663281754	0	0	0	no	six_tagged_protomer_proxy_from_existing_tagged_monomer;endpoint_duplicates_removed_in_011a	HEXAMER_CONTEXT_SENSITIVE	ROBUST_HEXAMER_CROWDING	3/3_unique_HA_conformations_show_lt2p5_protomer_crowding	same_junction_tag_identity_dependence_audited
A89_2C_248_249_HA	248|249	HA	YPYDVPDYA	9	results/candidate_panel_008/expanded_colabfold/A89_2C_248_249_HA_unrelaxed_rank_001_alphafold2_ptm_model_1_seed_032.pdb	1	32	db1c19ccadcdf3711584b5a705b8e2daf0f61b545e06ca8874cec838ce67a204	3	1x9A5_1ns_rep3_reexported	results/9a5_context_011a_qc/reexported_1x9A5_endpoints/rep3_endpoint_last_frame_reexported.pdb	5188d4f8df2e77f3c6bfbf01fcf4135cfde42c1c4ea56ec642c16cb6cd2370c1	yes	3.5606734201022254	3.61418398794699	321	16.904153674373013	0	0	0	0	E:TYR256:OH--L:ARG82:NH1	0.39022345583407003	0.6903497137362881	0.39022345583407003	75	131	1322	B	29.155028727806894	0	0	0	no	six_tagged_protomer_proxy_from_existing_tagged_monomer;endpoint_duplicates_removed_in_011a	HEXAMER_CONTEXT_SENSITIVE	ROBUST_HEXAMER_CROWDING	3/3_unique_HA_conformations_show_lt2p5_protomer_crowding	same_junction_tag_identity_dependence_audited
A89_2C_248_249_HA	248|249	HA	YPYDVPDYA	9	results/candidate_panel_008/expanded_colabfold/A89_2C_248_249_HA_unrelaxed_rank_001_alphafold2_ptm_model_1_seed_032.pdb	1	32	db1c19ccadcdf3711584b5a705b8e2daf0f61b545e06ca8874cec838ce67a204	3	free_hexamer_2ns_lead	HRV_A89_2C_HEXAMER/results_summary/selected_hexamer_01_md_representative.pdb	d6daf2cd8aa7db784561e85c5169e006a4c04b98ff68aebcdc63c6e34cfdc292	no	3.467567577052744	3.529517211633049	321		0	0	0	0	NA	0.2850696193615588	0.5787382860561691	0.2850696193615588	64	139	1382	C	29.03111263387792	0	0	0	no	six_tagged_protomer_proxy_from_existing_tagged_monomer;endpoint_duplicates_removed_in_011a	HEXAMER_CONTEXT_SENSITIVE	ROBUST_HEXAMER_CROWDING	3/3_unique_HA_conformations_show_lt2p5_protomer_crowding	same_junction_tag_identity_dependence_audited
A89_2C_248_249_HA	248|249	HA	YPYDVPDYA	9	results/candidate_panel_008/expanded_colabfold/A89_2C_248_249_HA_unrelaxed_rank_001_alphafold2_ptm_model_1_seed_032.pdb	1	32	db1c19ccadcdf3711584b5a705b8e2daf0f61b545e06ca8874cec838ce67a204	3	free_hexamer_5ns_rep1	HRV_A89_2C_HEXAMER/results_summary/selected_hexamer_01_md_representative_5ns_rep1.pdb	2d4aa74795dd8fe100b63a25dc0065797cfad63972ced0e500b22a789fbdaaf8	no	3.465781646359344	3.4991466912704885	321		0	0	0	0	NA	0.2892796186981655	0.5552613184738681	0.2892796186981655	62	122	1376	C	28.914149321764796	0	0	0	no	six_tagged_protomer_proxy_from_existing_tagged_monomer;endpoint_duplicates_removed_in_011a	HEXAMER_CONTEXT_SENSITIVE	ROBUST_HEXAMER_CROWDING	3/3_unique_HA_conformations_show_lt2p5_protomer_crowding	same_junction_tag_identity_dependence_audited
A89_2C_248_249_HA	248|249	HA	YPYDVPDYA	9	results/candidate_panel_008/expanded_colabfold/A89_2C_248_249_HA_unrelaxed_rank_001_alphafold2_ptm_model_1_seed_032.pdb	1	32	db1c19ccadcdf3711584b5a705b8e2daf0f61b545e06ca8874cec838ce67a204	3	free_hexamer_5ns_rep2	HRV_A89_2C_HEXAMER/results_summary/selected_hexamer_01_md_representative_5ns_rep2.pdb	220bdfa9b1c09f29f933ae6e76e3f693a52185cb7acdfaa5926c15c56d8debc8	no	3.45289744543117	3.5059820083882247	321		0	0	0	0	NA	0.339372669337186	0.5263054084551149	0.339372669337186	72	135	1394	C	28.910412181334387	0	0	0	no	six_tagged_protomer_proxy_from_existing_tagged_monomer;endpoint_duplicates_removed_in_011a	HEXAMER_CONTEXT_SENSITIVE	ROBUST_HEXAMER_CROWDING	3/3_unique_HA_conformations_show_lt2p5_protomer_crowding	same_junction_tag_identity_dependence_audited
A89_2C_248_249_HA	248|249	HA	YPYDVPDYA	9	results/candidate_panel_008/expanded_colabfold/A89_2C_248_249_HA_unrelaxed_rank_001_alphafold2_ptm_model_1_seed_032.pdb	1	32	db1c19ccadcdf3711584b5a705b8e2daf0f61b545e06ca8874cec838ce67a204	3	free_hexamer_5ns_rep3	HRV_A89_2C_HEXAMER/results_summary/selected_hexamer_01_md_representative_5ns_rep3.pdb	29e334a2081e858d4a1911f6f6ecac0e46e210946f8800f2634326944ebda336	no	3.450270008975288	3.518414443893893	321		0	0	0	0	NA	0.2019538891174875	0.4740061752761838	0.2019538891174875	58	119	1251	C	29.065914475764657	0	0	0	no	six_tagged_protomer_proxy_from_existing_tagged_monomer;endpoint_duplicates_removed_in_011a	HEXAMER_CONTEXT_SENSITIVE	ROBUST_HEXAMER_CROWDING	3/3_unique_HA_conformations_show_lt2p5_protomer_crowding	same_junction_tag_identity_dependence_audited
A89_2C_248_249_HA	248|249	HA	YPYDVPDYA	9	results/candidate_panel_008/expanded_colabfold/A89_2C_248_249_HA_unrelaxed_rank_001_alphafold2_ptm_model_1_seed_032.pdb	1	32	db1c19ccadcdf3711584b5a705b8e2daf0f61b545e06ca8874cec838ce67a204	3	free_hexamer_control_model1	HRV_A89_2C_HEXAMER/results_summary/selected_hexamer_02_md_representative.pdb	be28894e60a05269dbf6ad02c070e56fad7f51fc8b1e8cc20b98406821fb5a78	no	3.5583821074260396	3.5692904263924725	321		0	0	0	0	NA	0.2762379724568715	0.4571798448624394	0.2762379724568715	111	214	1614	E	28.595089869636986	0	0	0	no	six_tagged_protomer_proxy_from_existing_tagged_monomer;endpoint_duplicates_removed_in_011a	HEXAMER_CONTEXT_SENSITIVE	ROBUST_HEXAMER_CROWDING	3/3_unique_HA_conformations_show_lt2p5_protomer_crowding	same_junction_tag_identity_dependence_audited
A89_2C_248_249_HA	248|249	HA	YPYDVPDYA	9	results/candidate_panel_008/expanded_colabfold/A89_2C_248_249_HA_unrelaxed_rank_002_alphafold2_ptm_model_1_seed_031.pdb	2	31	6971c42204b94f8107a810cd1be5ac9e1afc297b2d4954cec421667f4b0ed324	1	1x9A5_100ps_showcase	HRV_A89_2C_HEXAMER/results_summary/SHOWCASE_1x_9A5_D_chain_after_npt_100ps_pbc_fixed.pdb	3d3f3f4956152103153d5c8a5135701ae3f7f3638eed42a1d528ef600b96bbc7	yes	3.579098049220512	3.63767069892874	321	16.826731141787167	0	0	0	0	E:TYR256:OH--L:ARG82:NH1	0.19051764486396755	0.5736922193975896	0.19051764486396755	80	147	1470	C	28.887900519645918	0	0	0	no	six_tagged_protomer_proxy_from_existing_tagged_monomer;endpoint_duplicates_removed_in_011a	HEXAMER_CONTEXT_SENSITIVE	ROBUST_HEXAMER_CROWDING	3/3_unique_HA_conformations_show_lt2p5_protomer_crowding	same_junction_tag_identity_dependence_audited
A89_2C_248_249_HA	248|249	HA	YPYDVPDYA	9	results/candidate_panel_008/expanded_colabfold/A89_2C_248_249_HA_unrelaxed_rank_002_alphafold2_ptm_model_1_seed_031.pdb	2	31	6971c42204b94f8107a810cd1be5ac9e1afc297b2d4954cec421667f4b0ed324	1	1x9A5_1ns_rep1_reexported	results/9a5_context_011a_qc/reexported_1x9A5_endpoints/rep1_endpoint_last_frame_reexported.pdb	d0478a7a51689bb667669872868335018b6685e1e7218a351f1d7dc791f46d26	yes	3.608382627052187	3.6457575926492676	321	17.156578312414528	0	0	0	0	E:TYR256:OH--L:ARG82:NH1	0.43367252832141345	0.5308066905859418	0.43367252832141345	78	155	1403	E	28.872217266800547	0	0	0	no	six_tagged_protomer_proxy_from_existing_tagged_monomer;endpoint_duplicates_removed_in_011a	HEXAMER_CONTEXT_SENSITIVE	ROBUST_HEXAMER_CROWDING	3/3_unique_HA_conformations_show_lt2p5_protomer_crowding	same_junction_tag_identity_dependence_audited
A89_2C_248_249_HA	248|249	HA	YPYDVPDYA	9	results/candidate_panel_008/expanded_colabfold/A89_2C_248_249_HA_unrelaxed_rank_002_alphafold2_ptm_model_1_seed_031.pdb	2	31	6971c42204b94f8107a810cd1be5ac9e1afc297b2d4954cec421667f4b0ed324	1	1x9A5_1ns_rep2_reexported	results/9a5_context_011a_qc/reexported_1x9A5_endpoints/rep2_endpoint_last_frame_reexported.pdb	935684cc8c8088161467a728447c8fc821cd0c99d5175f2dc0ddfefc129df8c5	yes	3.6365337946072165	3.718064199930919	321	17.086006570745603	0	0	0	0	E:TYR256:OH--L:ARG82:NH1	0.3893470336914468	0.40399510645153963	0.3893470336914468	72	145	1392	F	28.96961738001922	0	0	0	no	six_tagged_protomer_proxy_from_existing_tagged_monomer;endpoint_duplicates_removed_in_011a	HEXAMER_CONTEXT_SENSITIVE	ROBUST_HEXAMER_CROWDING	3/3_unique_HA_conformations_show_lt2p5_protomer_crowding	same_junction_tag_identity_dependence_audited
A89_2C_248_249_HA	248|249	HA	YPYDVPDYA	9	results/candidate_panel_008/expanded_colabfold/A89_2C_248_249_HA_unrelaxed_rank_002_alphafold2_ptm_model_1_seed_031.pdb	2	31	6971c42204b94f8107a810cd1be5ac9e1afc297b2d4954cec421667f4b0ed324	1	1x9A5_1ns_rep3_reexported	results/9a5_context_011a_qc/reexported_1x9A5_endpoints/rep3_endpoint_last_frame_reexported.pdb	5188d4f8df2e77f3c6bfbf01fcf4135cfde42c1c4ea56ec642c16cb6cd2370c1	yes	3.642747301780947	3.689928044486506	321	17.215280031839423	0	0	0	0	E:TYR256:OH--L:ARG82:NH1	0.3537550873865539	0.5799403540383865	0.3537550873865539	85	170	1402	B	28.97058737022483	0	0	0	no	six_tagged_protomer_proxy_from_existing_tagged_monomer;endpoint_duplicates_removed_in_011a	HEXAMER_CONTEXT_SENSITIVE	ROBUST_HEXAMER_CROWDING	3/3_unique_HA_conformations_show_lt2p5_protomer_crowding	same_junction_tag_identity_dependence_audited
A89_2C_248_249_HA	248|249	HA	YPYDVPDYA	9	results/candidate_panel_008/expanded_colabfold/A89_2C_248_249_HA_unrelaxed_rank_002_alphafold2_ptm_model_1_seed_031.pdb	2	31	6971c42204b94f8107a810cd1be5ac9e1afc297b2d4954cec421667f4b0ed324	1	free_hexamer_2ns_lead	HRV_A89_2C_HEXAMER/results_summary/selected_hexamer_01_md_representative.pdb	d6daf2cd8aa7db784561e85c5169e006a4c04b98ff68aebcdc63c6e34cfdc292	no	3.5541878564402367	3.6096259607392365	321		0	0	0	0	NA	0.22347405027395237	0.2346786389919624	0.22347405027395237	74	167	1505	F	28.851421026094332	0	0	0	no	six_tagged_protomer_proxy_from_existing_tagged_monomer;endpoint_duplicates_removed_in_011a	HEXAMER_CONTEXT_SENSITIVE	ROBUST_HEXAMER_CROWDING	3/3_unique_HA_conformations_show_lt2p5_protomer_crowding	same_junction_tag_identity_dependence_audited
A89_2C_248_249_HA	248|249	HA	YPYDVPDYA	9	results/candidate_panel_008/expanded_colabfold/A89_2C_248_249_HA_unrelaxed_rank_002_alphafold2_ptm_model_1_seed_031.pdb	2	31	6971c42204b94f8107a810cd1be5ac9e1afc297b2d4954cec421667f4b0ed324	1	free_hexamer_5ns_rep1	HRV_A89_2C_HEXAMER/results_summary/selected_hexamer_01_md_representative_5ns_rep1.pdb	2d4aa74795dd8fe100b63a25dc0065797cfad63972ced0e500b22a789fbdaaf8	no	3.5515926575928654	3.5848952776992102	321		0	0	0	0	NA	0.31656604586210313	0.47465709951442653	0.31656604586210313	70	157	1491	B	28.736639043774222	0	0	0	no	six_tagged_protomer_proxy_from_existing_tagged_monomer;endpoint_duplicates_removed_in_011a	HEXAMER_CONTEXT_SENSITIVE	ROBUST_HEXAMER_CROWDING	3/3_unique_HA_conformations_show_lt2p5_protomer_crowding	same_junction_tag_identity_dependence_audited
A89_2C_248_249_HA	248|249	HA	YPYDVPDYA	9	results/candidate_panel_008/expanded_colabfold/A89_2C_248_249_HA_unrelaxed_rank_002_alphafold2_ptm_model_1_seed_031.pdb	2	31	6971c42204b94f8107a810cd1be5ac9e1afc297b2d4954cec421667f4b0ed324	1	free_hexamer_5ns_rep2	HRV_A89_2C_HEXAMER/results_summary/selected_hexamer_01_md_representative_5ns_rep2.pdb	220bdfa9b1c09f29f933ae6e76e3f693a52185cb7acdfaa5926c15c56d8debc8	no	3.5410078676691485	3.6021569863066167	321		0	0	0	0	NA	0.24899159992149492	0.7366931571822506	0.24899159992149492	79	161	1508	E	28.734127437587954	0	0	0	no	six_tagged_protomer_proxy_from_existing_tagged_monomer;endpoint_duplicates_removed_in_011a	HEXAMER_CONTEXT_SENSITIVE	ROBUST_HEXAMER_CROWDING	3/3_unique_HA_conformations_show_lt2p5_protomer_crowding	same_junction_tag_identity_dependence_audited
A89_2C_248_249_HA	248|249	HA	YPYDVPDYA	9	results/candidate_panel_008/expanded_colabfold/A89_2C_248_249_HA_unrelaxed_rank_002_alphafold2_ptm_model_1_seed_031.pdb	2	31	6971c42204b94f8107a810cd1be5ac9e1afc297b2d4954cec421667f4b0ed324	1	free_hexamer_5ns_rep3	HRV_A89_2C_HEXAMER/results_summary/selected_hexamer_01_md_representative_5ns_rep3.pdb	29e334a2081e858d4a1911f6f6ecac0e46e210946f8800f2634326944ebda336	no	3.5353191479508097	3.5978378225617953	321		0	0	0	0	NA	0.43386333518586434	0.4438805269748964	0.43386333518586434	73	143	1355	E	28.88561470619311	0	0	0	no	six_tagged_protomer_proxy_from_existing_tagged_monomer;endpoint_duplicates_removed_in_011a	HEXAMER_CONTEXT_SENSITIVE	ROBUST_HEXAMER_CROWDING	3/3_unique_HA_conformations_show_lt2p5_protomer_crowding	same_junction_tag_identity_dependence_audited
A89_2C_248_249_HA	248|249	HA	YPYDVPDYA	9	results/candidate_panel_008/expanded_colabfold/A89_2C_248_249_HA_unrelaxed_rank_002_alphafold2_ptm_model_1_seed_031.pdb	2	31	6971c42204b94f8107a810cd1be5ac9e1afc297b2d4954cec421667f4b0ed324	1	free_hexamer_control_model1	HRV_A89_2C_HEXAMER/results_summary/selected_hexamer_02_md_representative.pdb	be28894e60a05269dbf6ad02c070e56fad7f51fc8b1e8cc20b98406821fb5a78	no	3.5164736720761933	3.530114702784669	321		0	0	0	0	NA	0.5203116974302711	0.6588465772665375	0.5203116974302711	100	213	1707	E	28.349298580468314	0	0	0	no	six_tagged_protomer_proxy_from_existing_tagged_monomer;endpoint_duplicates_removed_in_011a	HEXAMER_CONTEXT_SENSITIVE	ROBUST_HEXAMER_CROWDING	3/3_unique_HA_conformations_show_lt2p5_protomer_crowding	same_junction_tag_identity_dependence_audited
A89_2C_248_249_MAP8	248|249	MAP8	GDGMVPPG	8	results/open_structure_007/tier1_shallow/A89_2C_248_249_MAP8_unrelaxed_rank_001_alphafold2_ptm_model_1_seed_011.pdb	1	11	8bf0a4380789ace1cbdca62c6f82a26366e6f6807ee82b6106c513c1b9932d0a	1	1x9A5_100ps_showcase	HRV_A89_2C_HEXAMER/results_summary/SHOWCASE_1x_9A5_D_chain_after_npt_100ps_pbc_fixed.pdb	3d3f3f4956152103153d5c8a5135701ae3f7f3638eed42a1d528ef600b96bbc7	yes	3.2534405321734017	3.336374767877057	321	12.771432197016651	0	0	0	0	B:GLY256:O--H:ILE57:CG2	2.9626035772748	3.5566296978328142	2.9626035772748	0	0	43	E	31.90640875688178	0	0	0	no	six_tagged_protomer_proxy_from_existing_tagged_monomer;endpoint_duplicates_removed_in_011a	ROBUST_9A5_CONTEXT			same_junction_tag_identity_dependence_audited
A89_2C_248_249_MAP8	248|249	MAP8	GDGMVPPG	8	results/open_structure_007/tier1_shallow/A89_2C_248_249_MAP8_unrelaxed_rank_001_alphafold2_ptm_model_1_seed_011.pdb	1	11	8bf0a4380789ace1cbdca62c6f82a26366e6f6807ee82b6106c513c1b9932d0a	1	1x9A5_1ns_rep1_reexported	results/9a5_context_011a_qc/reexported_1x9A5_endpoints/rep1_endpoint_last_frame_reexported.pdb	d0478a7a51689bb667669872868335018b6685e1e7218a351f1d7dc791f46d26	yes	3.3077583710659084	3.339456791528137	321	12.443831262307366	0	0	0	0	B:GLY256:O--H:ILE57:CG2	2.262650004216978	2.8656314661966995	2.262650004216978	0	1	58	E	31.876638688332957	0	0	0	no	six_tagged_protomer_proxy_from_existing_tagged_monomer;endpoint_duplicates_removed_in_011a	HEXAMER_CONTEXT_SENSITIVE			same_junction_tag_identity_dependence_audited
A89_2C_248_249_MAP8	248|249	MAP8	GDGMVPPG	8	results/open_structure_007/tier1_shallow/A89_2C_248_249_MAP8_unrelaxed_rank_001_alphafold2_ptm_model_1_seed_011.pdb	1	11	8bf0a4380789ace1cbdca62c6f82a26366e6f6807ee82b6106c513c1b9932d0a	1	1x9A5_1ns_rep2_reexported	results/9a5_context_011a_qc/reexported_1x9A5_endpoints/rep2_endpoint_last_frame_reexported.pdb	935684cc8c8088161467a728447c8fc821cd0c99d5175f2dc0ddfefc129df8c5	yes	3.3306222057354216	3.403994058211504	321	12.60808227343001	0	0	0	0	B:GLY256:O--H:ILE57:CG2	2.0051498568232633	3.104709340405899	2.0051498568232633	0	1	47	E	32.02618022878145	0	0	0	no	six_tagged_protomer_proxy_from_existing_tagged_monomer;endpoint_duplicates_removed_in_011a	HEXAMER_CONTEXT_SENSITIVE			same_junction_tag_identity_dependence_audited
A89_2C_248_249_MAP8	248|249	MAP8	GDGMVPPG	8	results/open_structure_007/tier1_shallow/A89_2C_248_249_MAP8_unrelaxed_rank_001_alphafold2_ptm_model_1_seed_011.pdb	1	11	8bf0a4380789ace1cbdca62c6f82a26366e6f6807ee82b6106c513c1b9932d0a	1	1x9A5_1ns_rep3_reexported	results/9a5_context_011a_qc/reexported_1x9A5_endpoints/rep3_endpoint_last_frame_reexported.pdb	5188d4f8df2e77f3c6bfbf01fcf4135cfde42c1c4ea56ec642c16cb6cd2370c1	yes	3.3308387048161276	3.4054974112311918	321	12.793692116886946	0	0	0	0	B:GLY256:O--H:ILE57:CG2	2.3023613784602253	3.2677727161861623	2.3023613784602253	0	1	58	E	31.96290284490852	0	0	0	no	six_tagged_protomer_proxy_from_existing_tagged_monomer;endpoint_duplicates_removed_in_011a	HEXAMER_CONTEXT_SENSITIVE			same_junction_tag_identity_dependence_audited
A89_2C_248_249_MAP8	248|249	MAP8	GDGMVPPG	8	results/open_structure_007/tier1_shallow/A89_2C_248_249_MAP8_unrelaxed_rank_001_alphafold2_ptm_model_1_seed_011.pdb	1	11	8bf0a4380789ace1cbdca62c6f82a26366e6f6807ee82b6106c513c1b9932d0a	1	free_hexamer_2ns_lead	HRV_A89_2C_HEXAMER/results_summary/selected_hexamer_01_md_representative.pdb	d6daf2cd8aa7db784561e85c5169e006a4c04b98ff68aebcdc63c6e34cfdc292	no	3.2289350423321364	3.309760858717657	321		0	0	0	0	NA	3.780830125817961	3.780830125817961	3.909555004161455	0	0	24	A	31.871954182297134	0	0	0	no	six_tagged_protomer_proxy_from_existing_tagged_monomer;endpoint_duplicates_removed_in_011a	ROBUST_9A5_CONTEXT			same_junction_tag_identity_dependence_audited
A89_2C_248_249_MAP8	248|249	MAP8	GDGMVPPG	8	results/open_structure_007/tier1_shallow/A89_2C_248_249_MAP8_unrelaxed_rank_001_alphafold2_ptm_model_1_seed_011.pdb	1	11	8bf0a4380789ace1cbdca62c6f82a26366e6f6807ee82b6106c513c1b9932d0a	1	free_hexamer_5ns_rep1	HRV_A89_2C_HEXAMER/results_summary/selected_hexamer_01_md_representative_5ns_rep1.pdb	2d4aa74795dd8fe100b63a25dc0065797cfad63972ced0e500b22a789fbdaaf8	no	3.2320066400341965	3.2829849626583187	321		0	0	0	0	NA	3.362786530226305	4.4216524996907545	3.362786530226305	0	0	20	F	31.691203485823753	0	0	0	no	six_tagged_protomer_proxy_from_existing_tagged_monomer;endpoint_duplicates_removed_in_011a	ROBUST_9A5_CONTEXT			same_junction_tag_identity_dependence_audited
A89_2C_248_249_MAP8	248|249	MAP8	GDGMVPPG	8	results/open_structure_007/tier1_shallow/A89_2C_248_249_MAP8_unrelaxed_rank_001_alphafold2_ptm_model_1_seed_011.pdb	1	11	8bf0a4380789ace1cbdca62c6f82a26366e6f6807ee82b6106c513c1b9932d0a	1	free_hexamer_5ns_rep2	HRV_A89_2C_HEXAMER/results_summary/selected_hexamer_01_md_representative_5ns_rep2.pdb	220bdfa9b1c09f29f933ae6e76e3f693a52185cb7acdfaa5926c15c56d8debc8	no	3.205657830891438	3.270289172646268	321		0	0	0	0	NA	3.156430256202034	4.541055320187221	3.156430256202034	0	0	12	F	31.641108878477795	0	0	0	no	six_tagged_protomer_proxy_from_existing_tagged_monomer;endpoint_duplicates_removed_in_011a	ROBUST_9A5_CONTEXT			same_junction_tag_identity_dependence_audited
A89_2C_248_249_MAP8	248|249	MAP8	GDGMVPPG	8	results/open_structure_007/tier1_shallow/A89_2C_248_249_MAP8_unrelaxed_rank_001_alphafold2_ptm_model_1_seed_011.pdb	1	11	8bf0a4380789ace1cbdca62c6f82a26366e6f6807ee82b6106c513c1b9932d0a	1	free_hexamer_5ns_rep3	HRV_A89_2C_HEXAMER/results_summary/selected_hexamer_01_md_representative_5ns_rep3.pdb	29e334a2081e858d4a1911f6f6ecac0e46e210946f8800f2634326944ebda336	no	3.21726210970061	3.3159347850608007	321		0	0	0	0	NA	2.9415635907023745	3.4578801684923772	2.9415635907023745	0	0	16	E	31.83853055514036	0	0	0	no	six_tagged_protomer_proxy_from_existing_tagged_monomer;endpoint_duplicates_removed_in_011a	ROBUST_9A5_CONTEXT			same_junction_tag_identity_dependence_audited
A89_2C_248_249_MAP8	248|249	MAP8	GDGMVPPG	8	results/open_structure_007/tier1_shallow/A89_2C_248_249_MAP8_unrelaxed_rank_001_alphafold2_ptm_model_1_seed_011.pdb	1	11	8bf0a4380789ace1cbdca62c6f82a26366e6f6807ee82b6106c513c1b9932d0a	1	free_hexamer_control_model1	HRV_A89_2C_HEXAMER/results_summary/selected_hexamer_02_md_representative.pdb	be28894e60a05269dbf6ad02c070e56fad7f51fc8b1e8cc20b98406821fb5a78	no	3.746300278429448	3.763652106108128	321		0	0	0	0	NA	3.7919943106333536	3.7919943106333536	3.884134935254962	0	0	13	A	30.869816112532448	0	0	0	no	six_tagged_protomer_proxy_from_existing_tagged_monomer;endpoint_duplicates_removed_in_011a	ROBUST_9A5_CONTEXT			same_junction_tag_identity_dependence_audited
A89_2C_248_249_MAP8	248|249	MAP8	GDGMVPPG	8	results/candidate_panel_008/expanded_colabfold/A89_2C_248_249_MAP8_unrelaxed_rank_001_alphafold2_ptm_model_1_seed_032.pdb	1	32	df858a2641e23f411416c4a7c3182b041602bb015d399ba7649fa7b7eb159298	3	1x9A5_100ps_showcase	HRV_A89_2C_HEXAMER/results_summary/SHOWCASE_1x_9A5_D_chain_after_npt_100ps_pbc_fixed.pdb	3d3f3f4956152103153d5c8a5135701ae3f7f3638eed42a1d528ef600b96bbc7	yes	1.5877392989114525	1.6473449147393358	321	10.490506173708052	0	0	0	0	B:GLY256:O--H:ILE57:CG2	4.14418163438363	4.3416885103779155	4.14418163438363	0	0	4	C	30.83237725574562	0	0	0	no	six_tagged_protomer_proxy_from_existing_tagged_monomer;endpoint_duplicates_removed_in_011a	ROBUST_9A5_CONTEXT			same_junction_tag_identity_dependence_audited
A89_2C_248_249_MAP8	248|249	MAP8	GDGMVPPG	8	results/candidate_panel_008/expanded_colabfold/A89_2C_248_249_MAP8_unrelaxed_rank_001_alphafold2_ptm_model_1_seed_032.pdb	1	32	df858a2641e23f411416c4a7c3182b041602bb015d399ba7649fa7b7eb159298	3	1x9A5_1ns_rep1_reexported	results/9a5_context_011a_qc/reexported_1x9A5_endpoints/rep1_endpoint_last_frame_reexported.pdb	d0478a7a51689bb667669872868335018b6685e1e7218a351f1d7dc791f46d26	yes	1.636393053247834	1.6894521314785549	321	10.010106372233059	0	0	0	0	B:GLY256:O--H:ILE57:CG2	3.72478122089091	3.72478122089091	4.162064210402754	0	0	8	A	30.811787227101387	0	0	0	no	six_tagged_protomer_proxy_from_existing_tagged_monomer;endpoint_duplicates_removed_in_011a	ROBUST_9A5_CONTEXT			same_junction_tag_identity_dependence_audited
A89_2C_248_249_MAP8	248|249	MAP8	GDGMVPPG	8	results/candidate_panel_008/expanded_colabfold/A89_2C_248_249_MAP8_unrelaxed_rank_001_alphafold2_ptm_model_1_seed_032.pdb	1	32	df858a2641e23f411416c4a7c3182b041602bb015d399ba7649fa7b7eb159298	3	1x9A5_1ns_rep2_reexported	results/9a5_context_011a_qc/reexported_1x9A5_endpoints/rep2_endpoint_last_frame_reexported.pdb	935684cc8c8088161467a728447c8fc821cd0c99d5175f2dc0ddfefc129df8c5	yes	1.647940583003452	1.767201856348556	321	10.326901609283961	0	0	0	0	B:GLY256:O--H:ILE57:CG2	3.9474560101963854	4.523966652206426	3.9474560101963854	0	0	4	E	30.949700209084323	0	0	0	no	six_tagged_protomer_proxy_from_existing_tagged_monomer;endpoint_duplicates_removed_in_011a	ROBUST_9A5_CONTEXT			same_junction_tag_identity_dependence_audited
A89_2C_248_249_MAP8	248|249	MAP8	GDGMVPPG	8	results/candidate_panel_008/expanded_colabfold/A89_2C_248_249_MAP8_unrelaxed_rank_001_alphafold2_ptm_model_1_seed_032.pdb	1	32	df858a2641e23f411416c4a7c3182b041602bb015d399ba7649fa7b7eb159298	3	1x9A5_1ns_rep3_reexported	results/9a5_context_011a_qc/reexported_1x9A5_endpoints/rep3_endpoint_last_frame_reexported.pdb	5188d4f8df2e77f3c6bfbf01fcf4135cfde42c1c4ea56ec642c16cb6cd2370c1	yes	1.6486193337708013	1.6973297963744112	321	10.310077271114315	0	0	0	0	B:GLY256:O--H:ILE57:CG2	3.9466603048975326	4.437689514238157	3.9466603048975326	0	0	10	E	30.893253942126986	0	0	0	no	six_tagged_protomer_proxy_from_existing_tagged_monomer;endpoint_duplicates_removed_in_011a	ROBUST_9A5_CONTEXT			same_junction_tag_identity_dependence_audited
A89_2C_248_249_MAP8	248|249	MAP8	GDGMVPPG	8	results/candidate_panel_008/expanded_colabfold/A89_2C_248_249_MAP8_unrelaxed_rank_001_alphafold2_ptm_model_1_seed_032.pdb	1	32	df858a2641e23f411416c4a7c3182b041602bb015d399ba7649fa7b7eb159298	3	free_hexamer_2ns_lead	HRV_A89_2C_HEXAMER/results_summary/selected_hexamer_01_md_representative.pdb	d6daf2cd8aa7db784561e85c5169e006a4c04b98ff68aebcdc63c6e34cfdc292	no	1.5643178168393268	1.6201023112542847	321		0	0	0	0	NA	4.671773728457204	4.676028980911438	4.671773728457204	0	0	0	C	30.80360693685494	0	0	0	no	six_tagged_protomer_proxy_from_existing_tagged_monomer;endpoint_duplicates_removed_in_011a	ROBUST_9A5_CONTEXT			same_junction_tag_identity_dependence_audited
A89_2C_248_249_MAP8	248|249	MAP8	GDGMVPPG	8	results/candidate_panel_008/expanded_colabfold/A89_2C_248_249_MAP8_unrelaxed_rank_001_alphafold2_ptm_model_1_seed_032.pdb	1	32	df858a2641e23f411416c4a7c3182b041602bb015d399ba7649fa7b7eb159298	3	free_hexamer_5ns_rep1	HRV_A89_2C_HEXAMER/results_summary/selected_hexamer_01_md_representative_5ns_rep1.pdb	2d4aa74795dd8fe100b63a25dc0065797cfad63972ced0e500b22a789fbdaaf8	no	1.5664253263028294	1.6248392306185249	321		0	0	0	0	NA	4.1672932875287785	4.784959119830188	4.1672932875287785	0	0	2	E	30.61001386630141	0	0	0	no	six_tagged_protomer_proxy_from_existing_tagged_monomer;endpoint_duplicates_removed_in_011a	ROBUST_9A5_CONTEXT			same_junction_tag_identity_dependence_audited
A89_2C_248_249_MAP8	248|249	MAP8	GDGMVPPG	8	results/candidate_panel_008/expanded_colabfold/A89_2C_248_249_MAP8_unrelaxed_rank_001_alphafold2_ptm_model_1_seed_032.pdb	1	32	df858a2641e23f411416c4a7c3182b041602bb015d399ba7649fa7b7eb159298	3	free_hexamer_5ns_rep2	HRV_A89_2C_HEXAMER/results_summary/selected_hexamer_01_md_representative_5ns_rep2.pdb	220bdfa9b1c09f29f933ae6e76e3f693a52185cb7acdfaa5926c15c56d8debc8	no	1.5544246851908778	1.5830523853182805	321		0	0	0	0	NA	4.257488167559881	4.802593277934575	4.257488167559881	0	0	4	B	30.56886501423491	0	0	0	no	six_tagged_protomer_proxy_from_existing_tagged_monomer;endpoint_duplicates_removed_in_011a	ROBUST_9A5_CONTEXT			same_junction_tag_identity_dependence_audited
A89_2C_248_249_MAP8	248|249	MAP8	GDGMVPPG	8	results/candidate_panel_008/expanded_colabfold/A89_2C_248_249_MAP8_unrelaxed_rank_001_alphafold2_ptm_model_1_seed_032.pdb	1	32	df858a2641e23f411416c4a7c3182b041602bb015d399ba7649fa7b7eb159298	3	free_hexamer_5ns_rep3	HRV_A89_2C_HEXAMER/results_summary/selected_hexamer_01_md_representative_5ns_rep3.pdb	29e334a2081e858d4a1911f6f6ecac0e46e210946f8800f2634326944ebda336	no	1.557169319581691	1.6107876392365201	321		0	0	0	0	NA	4.121918155803773	4.121918155803773	4.345524969002431	0	0	3	A	30.778468011262802	0	0	0	no	six_tagged_protomer_proxy_from_existing_tagged_monomer;endpoint_duplicates_removed_in_011a	ROBUST_9A5_CONTEXT			same_junction_tag_identity_dependence_audited
A89_2C_248_249_MAP8	248|249	MAP8	GDGMVPPG	8	results/candidate_panel_008/expanded_colabfold/A89_2C_248_249_MAP8_unrelaxed_rank_001_alphafold2_ptm_model_1_seed_032.pdb	1	32	df858a2641e23f411416c4a7c3182b041602bb015d399ba7649fa7b7eb159298	3	free_hexamer_control_model1	HRV_A89_2C_HEXAMER/results_summary/selected_hexamer_02_md_representative.pdb	be28894e60a05269dbf6ad02c070e56fad7f51fc8b1e8cc20b98406821fb5a78	no	2.191739194773354	2.231743057266918	321		0	0	0	0	NA	4.3913629992195	4.3913629992195	4.448392722250749	0	0	2	D	30.077942971130195	0	0	0	no	six_tagged_protomer_proxy_from_existing_tagged_monomer;endpoint_duplicates_removed_in_011a	ROBUST_9A5_CONTEXT			same_junction_tag_identity_dependence_audited
A89_2C_248_249_MAP8	248|249	MAP8	GDGMVPPG	8	results/candidate_panel_008/expanded_colabfold/A89_2C_248_249_MAP8_unrelaxed_rank_002_alphafold2_ptm_model_1_seed_031.pdb	2	31	c321bd76bade9de18d50bd2957007c9162b08eea847733b4199b278fcbd55b22	2	1x9A5_100ps_showcase	HRV_A89_2C_HEXAMER/results_summary/SHOWCASE_1x_9A5_D_chain_after_npt_100ps_pbc_fixed.pdb	3d3f3f4956152103153d5c8a5135701ae3f7f3638eed42a1d528ef600b96bbc7	yes	2.31642942828195	2.3678647738686536	321	19.62412131506403	0	0	0	0	E:GLY256:O--L:GLN17:OE1	0.47903525711656153	0.836550255998812	0.47903525711656153	48	105	668	C	33.59903367910114	0	0	0	no	six_tagged_protomer_proxy_from_existing_tagged_monomer;endpoint_duplicates_removed_in_011a	HEXAMER_CONTEXT_SENSITIVE			same_junction_tag_identity_dependence_audited
A89_2C_248_249_MAP8	248|249	MAP8	GDGMVPPG	8	results/candidate_panel_008/expanded_colabfold/A89_2C_248_249_MAP8_unrelaxed_rank_002_alphafold2_ptm_model_1_seed_031.pdb	2	31	c321bd76bade9de18d50bd2957007c9162b08eea847733b4199b278fcbd55b22	2	1x9A5_1ns_rep1_reexported	results/9a5_context_011a_qc/reexported_1x9A5_endpoints/rep1_endpoint_last_frame_reexported.pdb	d0478a7a51689bb667669872868335018b6685e1e7218a351f1d7dc791f46d26	yes	2.3523298828307704	2.394959100048246	321	18.980727247184465	0	0	0	0	E:GLY256:O--L:GLN17:NE2	0.3369207429533486	1.3250889051016843	0.3369207429533486	43	89	653	E	33.555890354059	0	0	0	no	six_tagged_protomer_proxy_from_existing_tagged_monomer;endpoint_duplicates_removed_in_011a	HEXAMER_CONTEXT_SENSITIVE			same_junction_tag_identity_dependence_audited
A89_2C_248_249_MAP8	248|249	MAP8	GDGMVPPG	8	results/candidate_panel_008/expanded_colabfold/A89_2C_248_249_MAP8_unrelaxed_rank_002_alphafold2_ptm_model_1_seed_031.pdb	2	31	c321bd76bade9de18d50bd2957007c9162b08eea847733b4199b278fcbd55b22	2	1x9A5_1ns_rep2_reexported	results/9a5_context_011a_qc/reexported_1x9A5_endpoints/rep2_endpoint_last_frame_reexported.pdb	935684cc8c8088161467a728447c8fc821cd0c99d5175f2dc0ddfefc129df8c5	yes	2.3790271540214665	2.4694455151169707	321	19.397789820978424	0	0	0	0	E:GLY256:O--L:GLN17:OE1	0.4262198438064555	1.0313131217767622	0.4262198438064555	43	92	627	C	33.70950996927535	0	0	0	no	six_tagged_protomer_proxy_from_existing_tagged_monomer;endpoint_duplicates_removed_in_011a	HEXAMER_CONTEXT_SENSITIVE			same_junction_tag_identity_dependence_audited
A89_2C_248_249_MAP8	248|249	MAP8	GDGMVPPG	8	results/candidate_panel_008/expanded_colabfold/A89_2C_248_249_MAP8_unrelaxed_rank_002_alphafold2_ptm_model_1_seed_031.pdb	2	31	c321bd76bade9de18d50bd2957007c9162b08eea847733b4199b278fcbd55b22	2	1x9A5_1ns_rep3_reexported	results/9a5_context_011a_qc/reexported_1x9A5_endpoints/rep3_endpoint_last_frame_reexported.pdb	5188d4f8df2e77f3c6bfbf01fcf4135cfde42c1c4ea56ec642c16cb6cd2370c1	yes	2.3849847126031016	2.4262492019622606	321	19.12709405344064	0	0	0	0	E:GLY256:O--L:GLN17:OE1	0.36020784486319335	1.125871782477367	0.36020784486319335	47	94	683	C	33.683821935057196	0	0	0	no	six_tagged_protomer_proxy_from_existing_tagged_monomer;endpoint_duplicates_removed_in_011a	HEXAMER_CONTEXT_SENSITIVE			same_junction_tag_identity_dependence_audited
A89_2C_248_249_MAP8	248|249	MAP8	GDGMVPPG	8	results/candidate_panel_008/expanded_colabfold/A89_2C_248_249_MAP8_unrelaxed_rank_002_alphafold2_ptm_model_1_seed_031.pdb	2	31	c321bd76bade9de18d50bd2957007c9162b08eea847733b4199b278fcbd55b22	2	free_hexamer_2ns_lead	HRV_A89_2C_HEXAMER/results_summary/selected_hexamer_01_md_representative.pdb	d6daf2cd8aa7db784561e85c5169e006a4c04b98ff68aebcdc63c6e34cfdc292	no	2.2892528057520027	2.340545195605985	321		0	0	0	0	NA	0.4533118960909101	0.8843865963543642	0.4533118960909101	52	98	666	E	33.5622769450459	0	0	0	no	six_tagged_protomer_proxy_from_existing_tagged_monomer;endpoint_duplicates_removed_in_011a	HEXAMER_CONTEXT_SENSITIVE			same_junction_tag_identity_dependence_audited
A89_2C_248_249_MAP8	248|249	MAP8	GDGMVPPG	8	results/candidate_panel_008/expanded_colabfold/A89_2C_248_249_MAP8_unrelaxed_rank_002_alphafold2_ptm_model_1_seed_031.pdb	2	31	c321bd76bade9de18d50bd2957007c9162b08eea847733b4199b278fcbd55b22	2	free_hexamer_5ns_rep1	HRV_A89_2C_HEXAMER/results_summary/selected_hexamer_01_md_representative_5ns_rep1.pdb	2d4aa74795dd8fe100b63a25dc0065797cfad63972ced0e500b22a789fbdaaf8	no	2.2893486392728435	2.3193404982381294	321		0	0	0	0	NA	0.1992260231391988	0.6783350485627584	0.1992260231391988	47	92	673	F	33.416840339167145	0	0	0	no	six_tagged_protomer_proxy_from_existing_tagged_monomer;endpoint_duplicates_removed_in_011a	HEXAMER_CONTEXT_SENSITIVE			same_junction_tag_identity_dependence_audited
A89_2C_248_249_MAP8	248|249	MAP8	GDGMVPPG	8	results/candidate_panel_008/expanded_colabfold/A89_2C_248_249_MAP8_unrelaxed_rank_002_alphafold2_ptm_model_1_seed_031.pdb	2	31	c321bd76bade9de18d50bd2957007c9162b08eea847733b4199b278fcbd55b22	2	free_hexamer_5ns_rep2	HRV_A89_2C_HEXAMER/results_summary/selected_hexamer_01_md_representative_5ns_rep2.pdb	220bdfa9b1c09f29f933ae6e76e3f693a52185cb7acdfaa5926c15c56d8debc8	no	2.279321007316337	2.327377646993474	321		0	0	0	0	NA	0.42091250993224527	0.5340226050687423	0.42091250993224527	47	100	680	E	33.379554407338645	0	0	0	no	six_tagged_protomer_proxy_from_existing_tagged_monomer;endpoint_duplicates_removed_in_011a	HEXAMER_CONTEXT_SENSITIVE			same_junction_tag_identity_dependence_audited
A89_2C_248_249_MAP8	248|249	MAP8	GDGMVPPG	8	results/candidate_panel_008/expanded_colabfold/A89_2C_248_249_MAP8_unrelaxed_rank_002_alphafold2_ptm_model_1_seed_031.pdb	2	31	c321bd76bade9de18d50bd2957007c9162b08eea847733b4199b278fcbd55b22	2	free_hexamer_5ns_rep3	HRV_A89_2C_HEXAMER/results_summary/selected_hexamer_01_md_representative_5ns_rep3.pdb	29e334a2081e858d4a1911f6f6ecac0e46e210946f8800f2634326944ebda336	no	2.2734524174791773	2.334909143480381	321		0	0	0	0	NA	0.6731229318534793	1.0746744176576928	0.6731229318534793	41	76	618	E	33.520044371418095	0	0	0	no	six_tagged_protomer_proxy_from_existing_tagged_monomer;endpoint_duplicates_removed_in_011a	HEXAMER_CONTEXT_SENSITIVE			same_junction_tag_identity_dependence_audited
A89_2C_248_249_MAP8	248|249	MAP8	GDGMVPPG	8	results/candidate_panel_008/expanded_colabfold/A89_2C_248_249_MAP8_unrelaxed_rank_002_alphafold2_ptm_model_1_seed_031.pdb	2	31	c321bd76bade9de18d50bd2957007c9162b08eea847733b4199b278fcbd55b22	2	free_hexamer_control_model1	HRV_A89_2C_HEXAMER/results_summary/selected_hexamer_02_md_representative.pdb	be28894e60a05269dbf6ad02c070e56fad7f51fc8b1e8cc20b98406821fb5a78	no	2.4733482661020036	2.4963033618924473	321		0	0	0	0	NA	0.3885884876681319	0.45322815973483144	0.3885884876681319	39	81	705	C	32.64534465276255	0	0	0	no	six_tagged_protomer_proxy_from_existing_tagged_monomer;endpoint_duplicates_removed_in_011a	HEXAMER_CONTEXT_SENSITIVE			same_junction_tag_identity_dependence_audited
