construct_id	junction	tag_form	tag_sequence	tag_length	model_file	model_rank	model_seed	hexamer_structure	hexamer_source_path	antibody_present	chain_fit_rmsd_A_mean	chain_fit_rmsd_A_max	alignment_residue_count_min	tag_ab_min_A	tag_ab_clashes_lt_2p0A	tag_ab_clashes_lt_2p5A	tag_ab_contacts_4p5A	tag_ab_contacts_5p0A	closest_tag_ab_pair	tag_other_protomer_min_A	tag_adjacent_protomer_min_A	tag_nonadjacent_protomer_min_A	tag_other_protomer_clashes_lt_2p0A	tag_other_protomer_contacts_4p5A	worst_tag_chain_for_protomer_contact	tag_tag_min_A	tag_tag_clashes_lt_2p0A	tag_tag_contacts_4p5A	tag_overlaps_sequence_defined_9a5_epitope	analysis_note	hexamer_9a5_class
A89_2C_289_290_MAP8	289|290	MAP8	GDGMVPPG	8	results/open_structure_007/deep_subset/A89_2C_289_290_MAP8_unrelaxed_rank_001_alphafold2_ptm_model_1_seed_022.pdb	1	22	1x9A5_100ps_showcase	/public/home/yukang/HRV_Oligomers/HRV_A89_2C_HEXAMER/results_summary/SHOWCASE_1x_9A5_D_chain_after_npt_100ps_pbc_fixed.pdb	yes	3.1292263004414	3.18040995035675	321	18.512723864250145	0	0	0	0	B:ASP291:OD2--H:SER31:OG	3.8817198950136613	3.8817198950136613	3.9049779053307874	0	7	F	36.35249616780112	0	0	no	six_tagged_protomer_proxy_from_existing_tagged_monomer	ROBUST_9A5_CONTEXT
A89_2C_289_290_MAP8	289|290	MAP8	GDGMVPPG	8	results/open_structure_007/deep_subset/A89_2C_289_290_MAP8_unrelaxed_rank_001_alphafold2_ptm_model_1_seed_022.pdb	1	22	1x9A5_1ns_rep1	/public/home/yukang/HRV_Oligomers/HRV_A89_2C_HEXAMER/results_summary/selected_1x_9A5_weakposres_1ns_rep1_endpoint.pdb	yes	3.129272128163686	3.1810065185203795	321	18.50761103790809	0	0	0	0	B:ASP291:OD2--H:SER31:OG	3.8802648002493605	3.8802648002493605	3.903835198106654	0	7	F	36.352387465251915	0	0	no	six_tagged_protomer_proxy_from_existing_tagged_monomer	ROBUST_9A5_CONTEXT
A89_2C_289_290_MAP8	289|290	MAP8	GDGMVPPG	8	results/open_structure_007/deep_subset/A89_2C_289_290_MAP8_unrelaxed_rank_001_alphafold2_ptm_model_1_seed_022.pdb	1	22	1x9A5_1ns_rep2	/public/home/yukang/HRV_Oligomers/HRV_A89_2C_HEXAMER/results_summary/selected_1x_9A5_weakposres_1ns_rep2_endpoint.pdb	yes	3.129272128163686	3.1810065185203795	321	18.50761103790809	0	0	0	0	B:ASP291:OD2--H:SER31:OG	3.8802648002493605	3.8802648002493605	3.903835198106654	0	7	F	36.352387465251915	0	0	no	six_tagged_protomer_proxy_from_existing_tagged_monomer	ROBUST_9A5_CONTEXT
A89_2C_289_290_MAP8	289|290	MAP8	GDGMVPPG	8	results/open_structure_007/deep_subset/A89_2C_289_290_MAP8_unrelaxed_rank_001_alphafold2_ptm_model_1_seed_022.pdb	1	22	1x9A5_1ns_rep3	/public/home/yukang/HRV_Oligomers/HRV_A89_2C_HEXAMER/results_summary/selected_1x_9A5_weakposres_1ns_rep3_endpoint.pdb	yes	3.129272128163686	3.1810065185203795	321	18.50761103790809	0	0	0	0	B:ASP291:OD2--H:SER31:OG	3.8802648002493605	3.8802648002493605	3.903835198106654	0	7	F	36.352387465251915	0	0	no	six_tagged_protomer_proxy_from_existing_tagged_monomer	ROBUST_9A5_CONTEXT
A89_2C_289_290_MAP8	289|290	MAP8	GDGMVPPG	8	results/open_structure_007/deep_subset/A89_2C_289_290_MAP8_unrelaxed_rank_001_alphafold2_ptm_model_1_seed_022.pdb	1	22	free_hexamer_2ns_lead	/public/home/yukang/HRV_Oligomers/HRV_A89_2C_HEXAMER/results_summary/selected_hexamer_01_md_representative.pdb	no	3.105253777790689	3.151650376161415	321	nan	0	0	0	0	NA	3.7099568389392994	3.7452928880797196	3.7099568389392994	0	9	B	36.43310383528502	0	0	no	six_tagged_protomer_proxy_from_existing_tagged_monomer	ROBUST_9A5_CONTEXT
A89_2C_289_290_MAP8	289|290	MAP8	GDGMVPPG	8	results/open_structure_007/deep_subset/A89_2C_289_290_MAP8_unrelaxed_rank_001_alphafold2_ptm_model_1_seed_022.pdb	1	22	free_hexamer_5ns_rep1	/public/home/yukang/HRV_Oligomers/HRV_A89_2C_HEXAMER/results_summary/selected_hexamer_01_md_representative_5ns_rep1.pdb	no	3.1031525149775434	3.131182432678134	321	nan	0	0	0	0	NA	3.8528413094176406	4.107876315479328	3.8528413094176406	0	7	A	36.41635018186954	0	0	no	six_tagged_protomer_proxy_from_existing_tagged_monomer	ROBUST_9A5_CONTEXT
A89_2C_289_290_MAP8	289|290	MAP8	GDGMVPPG	8	results/open_structure_007/deep_subset/A89_2C_289_290_MAP8_unrelaxed_rank_001_alphafold2_ptm_model_1_seed_022.pdb	1	22	free_hexamer_5ns_rep2	/public/home/yukang/HRV_Oligomers/HRV_A89_2C_HEXAMER/results_summary/selected_hexamer_01_md_representative_5ns_rep2.pdb	no	3.093414933440197	3.154252551850466	321	nan	0	0	0	0	NA	3.6024037337301866	3.6024037337301866	4.06101984768289	0	5	F	36.43995958320069	0	0	no	six_tagged_protomer_proxy_from_existing_tagged_monomer	ROBUST_9A5_CONTEXT
A89_2C_289_290_MAP8	289|290	MAP8	GDGMVPPG	8	results/open_structure_007/deep_subset/A89_2C_289_290_MAP8_unrelaxed_rank_001_alphafold2_ptm_model_1_seed_022.pdb	1	22	free_hexamer_5ns_rep3	/public/home/yukang/HRV_Oligomers/HRV_A89_2C_HEXAMER/results_summary/selected_hexamer_01_md_representative_5ns_rep3.pdb	no	3.084960061383255	3.1373376736976257	321	nan	0	0	0	0	NA	3.3222125066884556	3.463995300230523	3.3222125066884556	0	12	A	36.34928381661775	0	0	no	six_tagged_protomer_proxy_from_existing_tagged_monomer	ROBUST_9A5_CONTEXT
A89_2C_289_290_MAP8	289|290	MAP8	GDGMVPPG	8	results/open_structure_007/deep_subset/A89_2C_289_290_MAP8_unrelaxed_rank_001_alphafold2_ptm_model_1_seed_022.pdb	1	22	free_hexamer_control_model1	/public/home/yukang/HRV_Oligomers/HRV_A89_2C_HEXAMER/results_summary/selected_hexamer_02_md_representative.pdb	no	3.139563040586724	3.154708150451925	321	nan	0	0	0	0	NA	5.322539402744795	5.322539402744795	5.4736554999171965	0	0	F	37.65898108972626	0	0	no	six_tagged_protomer_proxy_from_existing_tagged_monomer	ROBUST_9A5_CONTEXT
A89_2C_289_290_MAP8	289|290	MAP8	GDGMVPPG	8	results/open_structure_007/deep_subset/A89_2C_289_290_MAP8_unrelaxed_rank_002_alphafold2_ptm_model_1_seed_021.pdb	2	21	1x9A5_100ps_showcase	/public/home/yukang/HRV_Oligomers/HRV_A89_2C_HEXAMER/results_summary/SHOWCASE_1x_9A5_D_chain_after_npt_100ps_pbc_fixed.pdb	yes	2.276434673881987	2.3244796076352463	321	16.91561248342323	0	0	0	0	B:ASP291:OD2--H:SER31:OG	3.2377137102122764	3.2377137102122764	3.853065935588287	0	11	F	35.61729646674463	0	0	no	six_tagged_protomer_proxy_from_existing_tagged_monomer	ROBUST_9A5_CONTEXT
A89_2C_289_290_MAP8	289|290	MAP8	GDGMVPPG	8	results/open_structure_007/deep_subset/A89_2C_289_290_MAP8_unrelaxed_rank_002_alphafold2_ptm_model_1_seed_021.pdb	2	21	1x9A5_1ns_rep1	/public/home/yukang/HRV_Oligomers/HRV_A89_2C_HEXAMER/results_summary/selected_1x_9A5_weakposres_1ns_rep1_endpoint.pdb	yes	2.2765428290481506	2.3241012747720724	321	16.91022511272266	0	0	0	0	B:ASP291:OD2--H:SER31:OG	3.236400861576447	3.236400861576447	3.852752004919361	0	11	F	35.61711823491238	0	0	no	six_tagged_protomer_proxy_from_existing_tagged_monomer	ROBUST_9A5_CONTEXT
A89_2C_289_290_MAP8	289|290	MAP8	GDGMVPPG	8	results/open_structure_007/deep_subset/A89_2C_289_290_MAP8_unrelaxed_rank_002_alphafold2_ptm_model_1_seed_021.pdb	2	21	1x9A5_1ns_rep2	/public/home/yukang/HRV_Oligomers/HRV_A89_2C_HEXAMER/results_summary/selected_1x_9A5_weakposres_1ns_rep2_endpoint.pdb	yes	2.2765428290481506	2.3241012747720724	321	16.91022511272266	0	0	0	0	B:ASP291:OD2--H:SER31:OG	3.236400861576447	3.236400861576447	3.852752004919361	0	11	F	35.61711823491238	0	0	no	six_tagged_protomer_proxy_from_existing_tagged_monomer	ROBUST_9A5_CONTEXT
A89_2C_289_290_MAP8	289|290	MAP8	GDGMVPPG	8	results/open_structure_007/deep_subset/A89_2C_289_290_MAP8_unrelaxed_rank_002_alphafold2_ptm_model_1_seed_021.pdb	2	21	1x9A5_1ns_rep3	/public/home/yukang/HRV_Oligomers/HRV_A89_2C_HEXAMER/results_summary/selected_1x_9A5_weakposres_1ns_rep3_endpoint.pdb	yes	2.2765428290481506	2.3241012747720724	321	16.91022511272266	0	0	0	0	B:ASP291:OD2--H:SER31:OG	3.236400861576447	3.236400861576447	3.852752004919361	0	11	F	35.61711823491238	0	0	no	six_tagged_protomer_proxy_from_existing_tagged_monomer	ROBUST_9A5_CONTEXT
A89_2C_289_290_MAP8	289|290	MAP8	GDGMVPPG	8	results/open_structure_007/deep_subset/A89_2C_289_290_MAP8_unrelaxed_rank_002_alphafold2_ptm_model_1_seed_021.pdb	2	21	free_hexamer_2ns_lead	/public/home/yukang/HRV_Oligomers/HRV_A89_2C_HEXAMER/results_summary/selected_hexamer_01_md_representative.pdb	no	2.2504337195044855	2.297456784446257	321	nan	0	0	0	0	NA	3.625494132646823	3.625494132646823	3.7969898741375836	0	11	F	35.69533498668765	0	0	no	six_tagged_protomer_proxy_from_existing_tagged_monomer	ROBUST_9A5_CONTEXT
A89_2C_289_290_MAP8	289|290	MAP8	GDGMVPPG	8	results/open_structure_007/deep_subset/A89_2C_289_290_MAP8_unrelaxed_rank_002_alphafold2_ptm_model_1_seed_021.pdb	2	21	free_hexamer_5ns_rep1	/public/home/yukang/HRV_Oligomers/HRV_A89_2C_HEXAMER/results_summary/selected_hexamer_01_md_representative_5ns_rep1.pdb	no	2.248924136068907	2.2750875264653247	321	nan	0	0	0	0	NA	3.465517198134672	3.8787828304989085	3.465517198134672	0	8	A	35.708243532454965	0	0	no	six_tagged_protomer_proxy_from_existing_tagged_monomer	ROBUST_9A5_CONTEXT
A89_2C_289_290_MAP8	289|290	MAP8	GDGMVPPG	8	results/open_structure_007/deep_subset/A89_2C_289_290_MAP8_unrelaxed_rank_002_alphafold2_ptm_model_1_seed_021.pdb	2	21	free_hexamer_5ns_rep2	/public/home/yukang/HRV_Oligomers/HRV_A89_2C_HEXAMER/results_summary/selected_hexamer_01_md_representative_5ns_rep2.pdb	no	2.244059935251844	2.310953621250492	321	nan	0	0	0	0	NA	3.5214366012897735	3.5214366012897735	3.631378553874996	0	11	F	35.73583030647538	0	0	no	six_tagged_protomer_proxy_from_existing_tagged_monomer	ROBUST_9A5_CONTEXT
A89_2C_289_290_MAP8	289|290	MAP8	GDGMVPPG	8	results/open_structure_007/deep_subset/A89_2C_289_290_MAP8_unrelaxed_rank_002_alphafold2_ptm_model_1_seed_021.pdb	2	21	free_hexamer_5ns_rep3	/public/home/yukang/HRV_Oligomers/HRV_A89_2C_HEXAMER/results_summary/selected_hexamer_01_md_representative_5ns_rep3.pdb	no	2.2296033625493177	2.267458806229825	321	nan	0	0	0	0	NA	3.3048658923755654	3.3048658923755654	3.3964199062930436	0	13	F	35.618164473515215	0	0	no	six_tagged_protomer_proxy_from_existing_tagged_monomer	ROBUST_9A5_CONTEXT
A89_2C_289_290_MAP8	289|290	MAP8	GDGMVPPG	8	results/open_structure_007/deep_subset/A89_2C_289_290_MAP8_unrelaxed_rank_002_alphafold2_ptm_model_1_seed_021.pdb	2	21	free_hexamer_control_model1	/public/home/yukang/HRV_Oligomers/HRV_A89_2C_HEXAMER/results_summary/selected_hexamer_02_md_representative.pdb	no	2.2506435642753373	2.2745716520048025	321	nan	0	0	0	0	NA	4.841402258064355	4.928088074327791	4.841402258064355	0	0	A	36.87238316076885	0	0	no	six_tagged_protomer_proxy_from_existing_tagged_monomer	ROBUST_9A5_CONTEXT
A89_2C_289_290_MAP8	289|290	MAP8	GDGMVPPG	8	results/open_structure_007/tier1_shallow/A89_2C_289_290_MAP8_unrelaxed_rank_001_alphafold2_ptm_model_1_seed_011.pdb	1	11	1x9A5_100ps_showcase	/public/home/yukang/HRV_Oligomers/HRV_A89_2C_HEXAMER/results_summary/SHOWCASE_1x_9A5_D_chain_after_npt_100ps_pbc_fixed.pdb	yes	2.7717946848036057	2.8528665186029745	321	19.478290562344675	0	0	0	0	B:ASP291:OD2--H:SER31:OG	4.934204273123286	5.093440686364775	4.934204273123286	0	0	B	37.04032234538663	0	0	no	six_tagged_protomer_proxy_from_existing_tagged_monomer	ROBUST_9A5_CONTEXT
A89_2C_289_290_MAP8	289|290	MAP8	GDGMVPPG	8	results/open_structure_007/tier1_shallow/A89_2C_289_290_MAP8_unrelaxed_rank_001_alphafold2_ptm_model_1_seed_011.pdb	1	11	1x9A5_1ns_rep1	/public/home/yukang/HRV_Oligomers/HRV_A89_2C_HEXAMER/results_summary/selected_1x_9A5_weakposres_1ns_rep1_endpoint.pdb	yes	2.7718292820336607	2.8537079651638546	321	19.473209748234733	0	0	0	0	B:ASP291:OD2--H:SER31:OG	4.932946668689107	5.0945593509975255	4.932946668689107	0	0	B	37.04086421524237	0	0	no	six_tagged_protomer_proxy_from_existing_tagged_monomer	ROBUST_9A5_CONTEXT
A89_2C_289_290_MAP8	289|290	MAP8	GDGMVPPG	8	results/open_structure_007/tier1_shallow/A89_2C_289_290_MAP8_unrelaxed_rank_001_alphafold2_ptm_model_1_seed_011.pdb	1	11	1x9A5_1ns_rep2	/public/home/yukang/HRV_Oligomers/HRV_A89_2C_HEXAMER/results_summary/selected_1x_9A5_weakposres_1ns_rep2_endpoint.pdb	yes	2.7718292820336607	2.8537079651638546	321	19.473209748234733	0	0	0	0	B:ASP291:OD2--H:SER31:OG	4.932946668689107	5.0945593509975255	4.932946668689107	0	0	B	37.04086421524237	0	0	no	six_tagged_protomer_proxy_from_existing_tagged_monomer	ROBUST_9A5_CONTEXT
A89_2C_289_290_MAP8	289|290	MAP8	GDGMVPPG	8	results/open_structure_007/tier1_shallow/A89_2C_289_290_MAP8_unrelaxed_rank_001_alphafold2_ptm_model_1_seed_011.pdb	1	11	1x9A5_1ns_rep3	/public/home/yukang/HRV_Oligomers/HRV_A89_2C_HEXAMER/results_summary/selected_1x_9A5_weakposres_1ns_rep3_endpoint.pdb	yes	2.7718292820336607	2.8537079651638546	321	19.473209748234733	0	0	0	0	B:ASP291:OD2--H:SER31:OG	4.932946668689107	5.0945593509975255	4.932946668689107	0	0	B	37.04086421524237	0	0	no	six_tagged_protomer_proxy_from_existing_tagged_monomer	ROBUST_9A5_CONTEXT
A89_2C_289_290_MAP8	289|290	MAP8	GDGMVPPG	8	results/open_structure_007/tier1_shallow/A89_2C_289_290_MAP8_unrelaxed_rank_001_alphafold2_ptm_model_1_seed_011.pdb	1	11	free_hexamer_2ns_lead	/public/home/yukang/HRV_Oligomers/HRV_A89_2C_HEXAMER/results_summary/selected_hexamer_01_md_representative.pdb	no	2.7449115354029567	2.813436143614845	321	nan	0	0	0	0	NA	4.3325602816816025	4.796724425430645	4.3325602816816025	0	1	B	37.01320408291294	0	0	no	six_tagged_protomer_proxy_from_existing_tagged_monomer	ROBUST_9A5_CONTEXT
A89_2C_289_290_MAP8	289|290	MAP8	GDGMVPPG	8	results/open_structure_007/tier1_shallow/A89_2C_289_290_MAP8_unrelaxed_rank_001_alphafold2_ptm_model_1_seed_011.pdb	1	11	free_hexamer_5ns_rep1	/public/home/yukang/HRV_Oligomers/HRV_A89_2C_HEXAMER/results_summary/selected_hexamer_01_md_representative_5ns_rep1.pdb	no	2.7459904992223847	2.782372361971416	321	nan	0	0	0	0	NA	4.6090989801545215	4.630352637286314	4.6090989801545215	0	0	A	36.89577197016754	0	0	no	six_tagged_protomer_proxy_from_existing_tagged_monomer	ROBUST_9A5_CONTEXT
A89_2C_289_290_MAP8	289|290	MAP8	GDGMVPPG	8	results/open_structure_007/tier1_shallow/A89_2C_289_290_MAP8_unrelaxed_rank_001_alphafold2_ptm_model_1_seed_011.pdb	1	11	free_hexamer_5ns_rep2	/public/home/yukang/HRV_Oligomers/HRV_A89_2C_HEXAMER/results_summary/selected_hexamer_01_md_representative_5ns_rep2.pdb	no	2.727548505515681	2.7779138300829405	321	nan	0	0	0	0	NA	4.851107998668215	4.86494247325063	4.851107998668215	0	0	D	36.90318074899602	0	0	no	six_tagged_protomer_proxy_from_existing_tagged_monomer	ROBUST_9A5_CONTEXT
A89_2C_289_290_MAP8	289|290	MAP8	GDGMVPPG	8	results/open_structure_007/tier1_shallow/A89_2C_289_290_MAP8_unrelaxed_rank_001_alphafold2_ptm_model_1_seed_011.pdb	1	11	free_hexamer_5ns_rep3	/public/home/yukang/HRV_Oligomers/HRV_A89_2C_HEXAMER/results_summary/selected_hexamer_01_md_representative_5ns_rep3.pdb	no	2.7314555776799136	2.821404543196933	321	nan	0	0	0	0	NA	4.301784158426794	4.949198264204725	4.301784158426794	0	1	A	37.01950224051058	0	0	no	six_tagged_protomer_proxy_from_existing_tagged_monomer	ROBUST_9A5_CONTEXT
A89_2C_289_290_MAP8	289|290	MAP8	GDGMVPPG	8	results/open_structure_007/tier1_shallow/A89_2C_289_290_MAP8_unrelaxed_rank_001_alphafold2_ptm_model_1_seed_011.pdb	1	11	free_hexamer_control_model1	/public/home/yukang/HRV_Oligomers/HRV_A89_2C_HEXAMER/results_summary/selected_hexamer_02_md_representative.pdb	no	3.2070347011482445	3.225977132133233	321	nan	0	0	0	0	NA	5.9454855227811585	5.9454855227811585	6.007201704217542	0	0	F	37.17137868538709	0	0	no	six_tagged_protomer_proxy_from_existing_tagged_monomer	ROBUST_9A5_CONTEXT
A89_2C_289_290_G196_minimal	289|290	G196_minimal	DLVPR	5	results/open_structure_007/deep_subset/A89_2C_289_290_G196_minimal_unrelaxed_rank_001_alphafold2_ptm_model_1_seed_022.pdb	1	22	1x9A5_100ps_showcase	/public/home/yukang/HRV_Oligomers/HRV_A89_2C_HEXAMER/results_summary/SHOWCASE_1x_9A5_D_chain_after_npt_100ps_pbc_fixed.pdb	yes	3.124247650837633	3.1723347998341835	321	17.861636473455004	0	0	0	0	B:ASP290:OD2--H:ILE57:CD	8.656288146630803	8.656288146630803	9.915463965804076	0	0	F	37.460414303326374	0	0	no	six_tagged_protomer_proxy_from_existing_tagged_monomer	ROBUST_9A5_CONTEXT
A89_2C_289_290_G196_minimal	289|290	G196_minimal	DLVPR	5	results/open_structure_007/deep_subset/A89_2C_289_290_G196_minimal_unrelaxed_rank_001_alphafold2_ptm_model_1_seed_022.pdb	1	22	1x9A5_1ns_rep1	/public/home/yukang/HRV_Oligomers/HRV_A89_2C_HEXAMER/results_summary/selected_1x_9A5_weakposres_1ns_rep1_endpoint.pdb	yes	3.1242968422371207	3.1728575795566782	321	17.85606954924124	0	0	0	0	B:ASP290:OD2--H:ILE57:CD	8.655572630646391	8.655572630646391	9.914591143784822	0	0	F	37.46039244069723	0	0	no	six_tagged_protomer_proxy_from_existing_tagged_monomer	ROBUST_9A5_CONTEXT
A89_2C_289_290_G196_minimal	289|290	G196_minimal	DLVPR	5	results/open_structure_007/deep_subset/A89_2C_289_290_G196_minimal_unrelaxed_rank_001_alphafold2_ptm_model_1_seed_022.pdb	1	22	1x9A5_1ns_rep2	/public/home/yukang/HRV_Oligomers/HRV_A89_2C_HEXAMER/results_summary/selected_1x_9A5_weakposres_1ns_rep2_endpoint.pdb	yes	3.1242968422371207	3.1728575795566782	321	17.85606954924124	0	0	0	0	B:ASP290:OD2--H:ILE57:CD	8.655572630646391	8.655572630646391	9.914591143784822	0	0	F	37.46039244069723	0	0	no	six_tagged_protomer_proxy_from_existing_tagged_monomer	ROBUST_9A5_CONTEXT
A89_2C_289_290_G196_minimal	289|290	G196_minimal	DLVPR	5	results/open_structure_007/deep_subset/A89_2C_289_290_G196_minimal_unrelaxed_rank_001_alphafold2_ptm_model_1_seed_022.pdb	1	22	1x9A5_1ns_rep3	/public/home/yukang/HRV_Oligomers/HRV_A89_2C_HEXAMER/results_summary/selected_1x_9A5_weakposres_1ns_rep3_endpoint.pdb	yes	3.1242968422371207	3.1728575795566782	321	17.85606954924124	0	0	0	0	B:ASP290:OD2--H:ILE57:CD	8.655572630646391	8.655572630646391	9.914591143784822	0	0	F	37.46039244069723	0	0	no	six_tagged_protomer_proxy_from_existing_tagged_monomer	ROBUST_9A5_CONTEXT
A89_2C_289_290_G196_minimal	289|290	G196_minimal	DLVPR	5	results/open_structure_007/deep_subset/A89_2C_289_290_G196_minimal_unrelaxed_rank_001_alphafold2_ptm_model_1_seed_022.pdb	1	22	free_hexamer_2ns_lead	/public/home/yukang/HRV_Oligomers/HRV_A89_2C_HEXAMER/results_summary/selected_hexamer_01_md_representative.pdb	no	3.099298967793462	3.1418899564973275	321	nan	0	0	0	0	NA	9.313183791758037	9.313183791758037	9.754842795593316	0	0	F	37.54343193448658	0	0	no	six_tagged_protomer_proxy_from_existing_tagged_monomer	ROBUST_9A5_CONTEXT
A89_2C_289_290_G196_minimal	289|290	G196_minimal	DLVPR	5	results/open_structure_007/deep_subset/A89_2C_289_290_G196_minimal_unrelaxed_rank_001_alphafold2_ptm_model_1_seed_022.pdb	1	22	free_hexamer_5ns_rep1	/public/home/yukang/HRV_Oligomers/HRV_A89_2C_HEXAMER/results_summary/selected_hexamer_01_md_representative_5ns_rep1.pdb	no	3.0972873836357655	3.130022688769066	321	nan	0	0	0	0	NA	9.007651289537364	9.496593903042147	9.007651289537364	0	0	A	37.51787927166528	0	0	no	six_tagged_protomer_proxy_from_existing_tagged_monomer	ROBUST_9A5_CONTEXT
A89_2C_289_290_G196_minimal	289|290	G196_minimal	DLVPR	5	results/open_structure_007/deep_subset/A89_2C_289_290_G196_minimal_unrelaxed_rank_001_alphafold2_ptm_model_1_seed_022.pdb	1	22	free_hexamer_5ns_rep2	/public/home/yukang/HRV_Oligomers/HRV_A89_2C_HEXAMER/results_summary/selected_hexamer_01_md_representative_5ns_rep2.pdb	no	3.0894335592899798	3.152171697114195	321	nan	0	0	0	0	NA	9.396878372661948	9.842771085188254	9.396878372661948	0	0	A	37.54569399119027	0	0	no	six_tagged_protomer_proxy_from_existing_tagged_monomer	ROBUST_9A5_CONTEXT
A89_2C_289_290_G196_minimal	289|290	G196_minimal	DLVPR	5	results/open_structure_007/deep_subset/A89_2C_289_290_G196_minimal_unrelaxed_rank_001_alphafold2_ptm_model_1_seed_022.pdb	1	22	free_hexamer_5ns_rep3	/public/home/yukang/HRV_Oligomers/HRV_A89_2C_HEXAMER/results_summary/selected_hexamer_01_md_representative_5ns_rep3.pdb	no	3.080284720461973	3.132354520703444	321	nan	0	0	0	0	NA	9.437818414598558	9.88395933580136	9.437818414598558	0	0	A	37.45627582902813	0	0	no	six_tagged_protomer_proxy_from_existing_tagged_monomer	ROBUST_9A5_CONTEXT
A89_2C_289_290_G196_minimal	289|290	G196_minimal	DLVPR	5	results/open_structure_007/deep_subset/A89_2C_289_290_G196_minimal_unrelaxed_rank_001_alphafold2_ptm_model_1_seed_022.pdb	1	22	free_hexamer_control_model1	/public/home/yukang/HRV_Oligomers/HRV_A89_2C_HEXAMER/results_summary/selected_hexamer_02_md_representative.pdb	no	3.096695589902513	3.1128409353764046	321	nan	0	0	0	0	NA	9.872558045433564	9.872558045433564	9.885109417763918	0	0	F	38.90666675616327	0	0	no	six_tagged_protomer_proxy_from_existing_tagged_monomer	ROBUST_9A5_CONTEXT
A89_2C_289_290_G196_minimal	289|290	G196_minimal	DLVPR	5	results/open_structure_007/deep_subset/A89_2C_289_290_G196_minimal_unrelaxed_rank_002_alphafold2_ptm_model_1_seed_021.pdb	2	21	1x9A5_100ps_showcase	/public/home/yukang/HRV_Oligomers/HRV_A89_2C_HEXAMER/results_summary/SHOWCASE_1x_9A5_D_chain_after_npt_100ps_pbc_fixed.pdb	yes	2.75376444785492	2.7934616126396286	321	17.223065175658075	0	0	0	0	B:ASP290:OD2--H:ILE57:CD	8.186400987836034	8.186400987836034	9.433522860598474	0	0	F	36.75295871250972	0	0	no	six_tagged_protomer_proxy_from_existing_tagged_monomer	ROBUST_9A5_CONTEXT
A89_2C_289_290_G196_minimal	289|290	G196_minimal	DLVPR	5	results/open_structure_007/deep_subset/A89_2C_289_290_G196_minimal_unrelaxed_rank_002_alphafold2_ptm_model_1_seed_021.pdb	2	21	1x9A5_1ns_rep1	/public/home/yukang/HRV_Oligomers/HRV_A89_2C_HEXAMER/results_summary/selected_1x_9A5_weakposres_1ns_rep1_endpoint.pdb	yes	2.7538481315181476	2.7929459873199636	321	17.21724720812112	0	0	0	0	B:ASP290:OD2--H:ILE57:CD	8.185826947160077	8.185826947160077	9.432706219356676	0	0	F	36.752881181029146	0	0	no	six_tagged_protomer_proxy_from_existing_tagged_monomer	ROBUST_9A5_CONTEXT
A89_2C_289_290_G196_minimal	289|290	G196_minimal	DLVPR	5	results/open_structure_007/deep_subset/A89_2C_289_290_G196_minimal_unrelaxed_rank_002_alphafold2_ptm_model_1_seed_021.pdb	2	21	1x9A5_1ns_rep2	/public/home/yukang/HRV_Oligomers/HRV_A89_2C_HEXAMER/results_summary/selected_1x_9A5_weakposres_1ns_rep2_endpoint.pdb	yes	2.7538481315181476	2.7929459873199636	321	17.21724720812112	0	0	0	0	B:ASP290:OD2--H:ILE57:CD	8.185826947160077	8.185826947160077	9.432706219356676	0	0	F	36.752881181029146	0	0	no	six_tagged_protomer_proxy_from_existing_tagged_monomer	ROBUST_9A5_CONTEXT
A89_2C_289_290_G196_minimal	289|290	G196_minimal	DLVPR	5	results/open_structure_007/deep_subset/A89_2C_289_290_G196_minimal_unrelaxed_rank_002_alphafold2_ptm_model_1_seed_021.pdb	2	21	1x9A5_1ns_rep3	/public/home/yukang/HRV_Oligomers/HRV_A89_2C_HEXAMER/results_summary/selected_1x_9A5_weakposres_1ns_rep3_endpoint.pdb	yes	2.7538481315181476	2.7929459873199636	321	17.21724720812112	0	0	0	0	B:ASP290:OD2--H:ILE57:CD	8.185826947160077	8.185826947160077	9.432706219356676	0	0	F	36.752881181029146	0	0	no	six_tagged_protomer_proxy_from_existing_tagged_monomer	ROBUST_9A5_CONTEXT
A89_2C_289_290_G196_minimal	289|290	G196_minimal	DLVPR	5	results/open_structure_007/deep_subset/A89_2C_289_290_G196_minimal_unrelaxed_rank_002_alphafold2_ptm_model_1_seed_021.pdb	2	21	free_hexamer_2ns_lead	/public/home/yukang/HRV_Oligomers/HRV_A89_2C_HEXAMER/results_summary/selected_hexamer_01_md_representative.pdb	no	2.729128198617908	2.764192082069227	321	nan	0	0	0	0	NA	8.937931930990777	8.937931930990777	9.106389938024392	0	0	F	36.83323860226527	0	0	no	six_tagged_protomer_proxy_from_existing_tagged_monomer	ROBUST_9A5_CONTEXT
A89_2C_289_290_G196_minimal	289|290	G196_minimal	DLVPR	5	results/open_structure_007/deep_subset/A89_2C_289_290_G196_minimal_unrelaxed_rank_002_alphafold2_ptm_model_1_seed_021.pdb	2	21	free_hexamer_5ns_rep1	/public/home/yukang/HRV_Oligomers/HRV_A89_2C_HEXAMER/results_summary/selected_hexamer_01_md_representative_5ns_rep1.pdb	no	2.725512419480916	2.7581272700458	321	nan	0	0	0	0	NA	8.641879951906635	9.152436037830084	8.641879951906635	0	0	A	36.830606190195915	0	0	no	six_tagged_protomer_proxy_from_existing_tagged_monomer	ROBUST_9A5_CONTEXT
A89_2C_289_290_G196_minimal	289|290	G196_minimal	DLVPR	5	results/open_structure_007/deep_subset/A89_2C_289_290_G196_minimal_unrelaxed_rank_002_alphafold2_ptm_model_1_seed_021.pdb	2	21	free_hexamer_5ns_rep2	/public/home/yukang/HRV_Oligomers/HRV_A89_2C_HEXAMER/results_summary/selected_hexamer_01_md_representative_5ns_rep2.pdb	no	2.7259948812659447	2.7966653321259463	321	nan	0	0	0	0	NA	9.001142691013492	9.22224093916341	9.001142691013492	0	0	A	36.83101663460468	0	0	no	six_tagged_protomer_proxy_from_existing_tagged_monomer	ROBUST_9A5_CONTEXT
A89_2C_289_290_G196_minimal	289|290	G196_minimal	DLVPR	5	results/open_structure_007/deep_subset/A89_2C_289_290_G196_minimal_unrelaxed_rank_002_alphafold2_ptm_model_1_seed_021.pdb	2	21	free_hexamer_5ns_rep3	/public/home/yukang/HRV_Oligomers/HRV_A89_2C_HEXAMER/results_summary/selected_hexamer_01_md_representative_5ns_rep3.pdb	no	2.708673185259805	2.7374027602168196	321	nan	0	0	0	0	NA	8.762634319150921	9.15864372389498	8.762634319150921	0	0	A	36.7526385892586	0	0	no	six_tagged_protomer_proxy_from_existing_tagged_monomer	ROBUST_9A5_CONTEXT
A89_2C_289_290_G196_minimal	289|290	G196_minimal	DLVPR	5	results/open_structure_007/deep_subset/A89_2C_289_290_G196_minimal_unrelaxed_rank_002_alphafold2_ptm_model_1_seed_021.pdb	2	21	free_hexamer_control_model1	/public/home/yukang/HRV_Oligomers/HRV_A89_2C_HEXAMER/results_summary/selected_hexamer_02_md_representative.pdb	no	2.54645158437131	2.568188662422644	321	nan	0	0	0	0	NA	9.335857095997065	9.377623241789179	9.335857095997065	0	0	E	38.27670979179287	0	0	no	six_tagged_protomer_proxy_from_existing_tagged_monomer	ROBUST_9A5_CONTEXT
A89_2C_289_290_G196_minimal	289|290	G196_minimal	DLVPR	5	results/open_structure_007/tier1_shallow/A89_2C_289_290_G196_minimal_unrelaxed_rank_001_alphafold2_ptm_model_1_seed_011.pdb	1	11	1x9A5_100ps_showcase	/public/home/yukang/HRV_Oligomers/HRV_A89_2C_HEXAMER/results_summary/SHOWCASE_1x_9A5_D_chain_after_npt_100ps_pbc_fixed.pdb	yes	3.3075769992313644	3.392993636051855	321	19.750162765648536	0	0	0	0	B:ASP290:OD2--H:ILE57:CD	8.8962397881571	8.8962397881571	10.028024474959627	0	0	F	39.14089377613104	0	0	no	six_tagged_protomer_proxy_from_existing_tagged_monomer	ROBUST_9A5_CONTEXT
A89_2C_289_290_G196_minimal	289|290	G196_minimal	DLVPR	5	results/open_structure_007/tier1_shallow/A89_2C_289_290_G196_minimal_unrelaxed_rank_001_alphafold2_ptm_model_1_seed_011.pdb	1	11	1x9A5_1ns_rep1	/public/home/yukang/HRV_Oligomers/HRV_A89_2C_HEXAMER/results_summary/selected_1x_9A5_weakposres_1ns_rep1_endpoint.pdb	yes	3.3075967472823935	3.3938850801245457	321	19.744806586963808	0	0	0	0	B:ASP290:OD2--H:ILE57:CD	8.895210676378278	8.895210676378278	10.027809048466109	0	0	F	39.140926972573396	0	0	no	six_tagged_protomer_proxy_from_existing_tagged_monomer	ROBUST_9A5_CONTEXT
A89_2C_289_290_G196_minimal	289|290	G196_minimal	DLVPR	5	results/open_structure_007/tier1_shallow/A89_2C_289_290_G196_minimal_unrelaxed_rank_001_alphafold2_ptm_model_1_seed_011.pdb	1	11	1x9A5_1ns_rep2	/public/home/yukang/HRV_Oligomers/HRV_A89_2C_HEXAMER/results_summary/selected_1x_9A5_weakposres_1ns_rep2_endpoint.pdb	yes	3.3075967472823935	3.3938850801245457	321	19.744806586963808	0	0	0	0	B:ASP290:OD2--H:ILE57:CD	8.895210676378278	8.895210676378278	10.027809048466109	0	0	F	39.140926972573396	0	0	no	six_tagged_protomer_proxy_from_existing_tagged_monomer	ROBUST_9A5_CONTEXT
A89_2C_289_290_G196_minimal	289|290	G196_minimal	DLVPR	5	results/open_structure_007/tier1_shallow/A89_2C_289_290_G196_minimal_unrelaxed_rank_001_alphafold2_ptm_model_1_seed_011.pdb	1	11	1x9A5_1ns_rep3	/public/home/yukang/HRV_Oligomers/HRV_A89_2C_HEXAMER/results_summary/selected_1x_9A5_weakposres_1ns_rep3_endpoint.pdb	yes	3.3075967472823935	3.3938850801245457	321	19.744806586963808	0	0	0	0	B:ASP290:OD2--H:ILE57:CD	8.895210676378278	8.895210676378278	10.027809048466109	0	0	F	39.140926972573396	0	0	no	six_tagged_protomer_proxy_from_existing_tagged_monomer	ROBUST_9A5_CONTEXT
A89_2C_289_290_G196_minimal	289|290	G196_minimal	DLVPR	5	results/open_structure_007/tier1_shallow/A89_2C_289_290_G196_minimal_unrelaxed_rank_001_alphafold2_ptm_model_1_seed_011.pdb	1	11	free_hexamer_2ns_lead	/public/home/yukang/HRV_Oligomers/HRV_A89_2C_HEXAMER/results_summary/selected_hexamer_01_md_representative.pdb	no	3.2813690130067723	3.3576197489510853	321	nan	0	0	0	0	NA	9.452113498053269	9.452113498053269	9.728477213016113	0	0	F	39.226127970981786	0	0	no	six_tagged_protomer_proxy_from_existing_tagged_monomer	ROBUST_9A5_CONTEXT
A89_2C_289_290_G196_minimal	289|290	G196_minimal	DLVPR	5	results/open_structure_007/tier1_shallow/A89_2C_289_290_G196_minimal_unrelaxed_rank_001_alphafold2_ptm_model_1_seed_011.pdb	1	11	free_hexamer_5ns_rep1	/public/home/yukang/HRV_Oligomers/HRV_A89_2C_HEXAMER/results_summary/selected_hexamer_01_md_representative_5ns_rep1.pdb	no	3.281506175476488	3.326658303272023	321	nan	0	0	0	0	NA	9.147654268083103	9.594422239765803	9.147654268083103	0	0	A	39.16813453683891	0	0	no	six_tagged_protomer_proxy_from_existing_tagged_monomer	ROBUST_9A5_CONTEXT
A89_2C_289_290_G196_minimal	289|290	G196_minimal	DLVPR	5	results/open_structure_007/tier1_shallow/A89_2C_289_290_G196_minimal_unrelaxed_rank_001_alphafold2_ptm_model_1_seed_011.pdb	1	11	free_hexamer_5ns_rep2	/public/home/yukang/HRV_Oligomers/HRV_A89_2C_HEXAMER/results_summary/selected_hexamer_01_md_representative_5ns_rep2.pdb	no	3.262829150770976	3.3208051972651567	321	nan	0	0	0	0	NA	9.574456871776883	9.875764652187105	9.574456871776883	0	0	A	39.19112498291432	0	0	no	six_tagged_protomer_proxy_from_existing_tagged_monomer	ROBUST_9A5_CONTEXT
A89_2C_289_290_G196_minimal	289|290	G196_minimal	DLVPR	5	results/open_structure_007/tier1_shallow/A89_2C_289_290_G196_minimal_unrelaxed_rank_001_alphafold2_ptm_model_1_seed_011.pdb	1	11	free_hexamer_5ns_rep3	/public/home/yukang/HRV_Oligomers/HRV_A89_2C_HEXAMER/results_summary/selected_hexamer_01_md_representative_5ns_rep3.pdb	no	3.2649487477398997	3.3487066180346066	321	nan	0	0	0	0	NA	9.463713964366107	9.81515473273094	9.463713964366107	0	0	A	39.1329801803397	0	0	no	six_tagged_protomer_proxy_from_existing_tagged_monomer	ROBUST_9A5_CONTEXT
A89_2C_289_290_G196_minimal	289|290	G196_minimal	DLVPR	5	results/open_structure_007/tier1_shallow/A89_2C_289_290_G196_minimal_unrelaxed_rank_001_alphafold2_ptm_model_1_seed_011.pdb	1	11	free_hexamer_control_model1	/public/home/yukang/HRV_Oligomers/HRV_A89_2C_HEXAMER/results_summary/selected_hexamer_02_md_representative.pdb	no	3.521940243919218	3.5325114624378373	321	nan	0	0	0	0	NA	10.217750731204571	10.217750731204571	10.31716367160206	0	0	F	40.46624810911725	0	0	no	six_tagged_protomer_proxy_from_existing_tagged_monomer	ROBUST_9A5_CONTEXT
A89_2C_248_249_HA	248|249	HA	YPYDVPDYA	9	results/open_structure_007/tier1_shallow/A89_2C_248_249_HA_unrelaxed_rank_001_alphafold2_ptm_model_1_seed_011.pdb	1	11	1x9A5_100ps_showcase	/public/home/yukang/HRV_Oligomers/HRV_A89_2C_HEXAMER/results_summary/SHOWCASE_1x_9A5_D_chain_after_npt_100ps_pbc_fixed.pdb	yes	2.205766356386967	2.2653029731585903	321	14.931683062877964	0	0	0	0	E:TYR256:OH--L:ARG82:NH1	0.2190377315135234	0.7296460397414611	0.2190377315135234	84	1074	B	28.52648703106359	0	0	no	six_tagged_protomer_proxy_from_existing_tagged_monomer	HEXAMER_CONTEXT_SENSITIVE
A89_2C_248_249_HA	248|249	HA	YPYDVPDYA	9	results/open_structure_007/tier1_shallow/A89_2C_248_249_HA_unrelaxed_rank_001_alphafold2_ptm_model_1_seed_011.pdb	1	11	1x9A5_1ns_rep1	/public/home/yukang/HRV_Oligomers/HRV_A89_2C_HEXAMER/results_summary/selected_1x_9A5_weakposres_1ns_rep1_endpoint.pdb	yes	2.2058674000543737	2.2661166256980008	321	14.931342543032752	0	0	0	0	E:TYR256:OH--L:ARG82:NH1	0.2202649873555364	0.7281620372286837	0.2202649873555364	84	1074	B	28.52415571299216	0	0	no	six_tagged_protomer_proxy_from_existing_tagged_monomer	HEXAMER_CONTEXT_SENSITIVE
A89_2C_248_249_HA	248|249	HA	YPYDVPDYA	9	results/open_structure_007/tier1_shallow/A89_2C_248_249_HA_unrelaxed_rank_001_alphafold2_ptm_model_1_seed_011.pdb	1	11	1x9A5_1ns_rep2	/public/home/yukang/HRV_Oligomers/HRV_A89_2C_HEXAMER/results_summary/selected_1x_9A5_weakposres_1ns_rep2_endpoint.pdb	yes	2.2058674000543737	2.2661166256980008	321	14.931342543032752	0	0	0	0	E:TYR256:OH--L:ARG82:NH1	0.2202649873555364	0.7281620372286837	0.2202649873555364	84	1074	B	28.52415571299216	0	0	no	six_tagged_protomer_proxy_from_existing_tagged_monomer	HEXAMER_CONTEXT_SENSITIVE
A89_2C_248_249_HA	248|249	HA	YPYDVPDYA	9	results/open_structure_007/tier1_shallow/A89_2C_248_249_HA_unrelaxed_rank_001_alphafold2_ptm_model_1_seed_011.pdb	1	11	1x9A5_1ns_rep3	/public/home/yukang/HRV_Oligomers/HRV_A89_2C_HEXAMER/results_summary/selected_1x_9A5_weakposres_1ns_rep3_endpoint.pdb	yes	2.2058674000543737	2.2661166256980008	321	14.931342543032752	0	0	0	0	E:TYR256:OH--L:ARG82:NH1	0.2202649873555364	0.7281620372286837	0.2202649873555364	84	1074	B	28.52415571299216	0	0	no	six_tagged_protomer_proxy_from_existing_tagged_monomer	HEXAMER_CONTEXT_SENSITIVE
A89_2C_248_249_HA	248|249	HA	YPYDVPDYA	9	results/open_structure_007/tier1_shallow/A89_2C_248_249_HA_unrelaxed_rank_001_alphafold2_ptm_model_1_seed_011.pdb	1	11	free_hexamer_2ns_lead	/public/home/yukang/HRV_Oligomers/HRV_A89_2C_HEXAMER/results_summary/selected_hexamer_01_md_representative.pdb	no	2.178569703006688	2.232998907430362	321	nan	0	0	0	0	NA	0.3512558195563009	1.004088146689932	0.3512558195563009	78	1036	B	28.489728747960516	0	0	no	six_tagged_protomer_proxy_from_existing_tagged_monomer	HEXAMER_CONTEXT_SENSITIVE
A89_2C_248_249_HA	248|249	HA	YPYDVPDYA	9	results/open_structure_007/tier1_shallow/A89_2C_248_249_HA_unrelaxed_rank_001_alphafold2_ptm_model_1_seed_011.pdb	1	11	free_hexamer_5ns_rep1	/public/home/yukang/HRV_Oligomers/HRV_A89_2C_HEXAMER/results_summary/selected_hexamer_01_md_representative_5ns_rep1.pdb	no	2.1755446705088555	2.21181567435064	321	nan	0	0	0	0	NA	0.22367751952082407	0.6549088818717178	0.22367751952082407	80	1014	E	28.361975881404376	0	0	no	six_tagged_protomer_proxy_from_existing_tagged_monomer	HEXAMER_CONTEXT_SENSITIVE
A89_2C_248_249_HA	248|249	HA	YPYDVPDYA	9	results/open_structure_007/tier1_shallow/A89_2C_248_249_HA_unrelaxed_rank_001_alphafold2_ptm_model_1_seed_011.pdb	1	11	free_hexamer_5ns_rep2	/public/home/yukang/HRV_Oligomers/HRV_A89_2C_HEXAMER/results_summary/selected_hexamer_01_md_representative_5ns_rep2.pdb	no	2.1677051497989153	2.2220445034943315	321	nan	0	0	0	0	NA	0.3419816518365456	0.5302228827322458	0.3419816518365456	86	1000	C	28.36759894842737	0	0	no	six_tagged_protomer_proxy_from_existing_tagged_monomer	HEXAMER_CONTEXT_SENSITIVE
A89_2C_248_249_HA	248|249	HA	YPYDVPDYA	9	results/open_structure_007/tier1_shallow/A89_2C_248_249_HA_unrelaxed_rank_001_alphafold2_ptm_model_1_seed_011.pdb	1	11	free_hexamer_5ns_rep3	/public/home/yukang/HRV_Oligomers/HRV_A89_2C_HEXAMER/results_summary/selected_hexamer_01_md_representative_5ns_rep3.pdb	no	2.1615382747843257	2.235265858978245	321	nan	0	0	0	0	NA	0.394360561973138	0.6214184748904696	0.394360561973138	65	932	F	28.52764374912601	0	0	no	six_tagged_protomer_proxy_from_existing_tagged_monomer	HEXAMER_CONTEXT_SENSITIVE
A89_2C_248_249_HA	248|249	HA	YPYDVPDYA	9	results/open_structure_007/tier1_shallow/A89_2C_248_249_HA_unrelaxed_rank_001_alphafold2_ptm_model_1_seed_011.pdb	1	11	free_hexamer_control_model1	/public/home/yukang/HRV_Oligomers/HRV_A89_2C_HEXAMER/results_summary/selected_hexamer_02_md_representative.pdb	no	2.2646178562646764	2.28214733010769	321	nan	0	0	0	0	NA	0.4143141802715512	0.4143141802715512	0.5328629773151906	127	1326	A	28.198019057424172	0	0	no	six_tagged_protomer_proxy_from_existing_tagged_monomer	HEXAMER_CONTEXT_SENSITIVE
A89_2C_248_249_MAP8	248|249	MAP8	GDGMVPPG	8	results/open_structure_007/tier1_shallow/A89_2C_248_249_MAP8_unrelaxed_rank_001_alphafold2_ptm_model_1_seed_011.pdb	1	11	1x9A5_100ps_showcase	/public/home/yukang/HRV_Oligomers/HRV_A89_2C_HEXAMER/results_summary/SHOWCASE_1x_9A5_D_chain_after_npt_100ps_pbc_fixed.pdb	yes	3.2534405321734017	3.336374767877057	321	12.771432197016651	0	0	0	0	B:GLY256:O--H:ILE57:CG2	2.9626035772748	3.5566296978328142	2.9626035772748	0	43	E	31.90640875688178	0	0	no	six_tagged_protomer_proxy_from_existing_tagged_monomer	ROBUST_9A5_CONTEXT
A89_2C_248_249_MAP8	248|249	MAP8	GDGMVPPG	8	results/open_structure_007/tier1_shallow/A89_2C_248_249_MAP8_unrelaxed_rank_001_alphafold2_ptm_model_1_seed_011.pdb	1	11	1x9A5_1ns_rep1	/public/home/yukang/HRV_Oligomers/HRV_A89_2C_HEXAMER/results_summary/selected_1x_9A5_weakposres_1ns_rep1_endpoint.pdb	yes	3.253446279160418	3.3373326608034057	321	12.771165015471052	0	0	0	0	B:GLY256:O--H:ILE57:CG2	2.961282674290837	3.556020826375879	2.961282674290837	0	43	E	31.902716206669943	0	0	no	six_tagged_protomer_proxy_from_existing_tagged_monomer	ROBUST_9A5_CONTEXT
A89_2C_248_249_MAP8	248|249	MAP8	GDGMVPPG	8	results/open_structure_007/tier1_shallow/A89_2C_248_249_MAP8_unrelaxed_rank_001_alphafold2_ptm_model_1_seed_011.pdb	1	11	1x9A5_1ns_rep2	/public/home/yukang/HRV_Oligomers/HRV_A89_2C_HEXAMER/results_summary/selected_1x_9A5_weakposres_1ns_rep2_endpoint.pdb	yes	3.253446279160418	3.3373326608034057	321	12.771165015471052	0	0	0	0	B:GLY256:O--H:ILE57:CG2	2.961282674290837	3.556020826375879	2.961282674290837	0	43	E	31.902716206669943	0	0	no	six_tagged_protomer_proxy_from_existing_tagged_monomer	ROBUST_9A5_CONTEXT
A89_2C_248_249_MAP8	248|249	MAP8	GDGMVPPG	8	results/open_structure_007/tier1_shallow/A89_2C_248_249_MAP8_unrelaxed_rank_001_alphafold2_ptm_model_1_seed_011.pdb	1	11	1x9A5_1ns_rep3	/public/home/yukang/HRV_Oligomers/HRV_A89_2C_HEXAMER/results_summary/selected_1x_9A5_weakposres_1ns_rep3_endpoint.pdb	yes	3.253446279160418	3.3373326608034057	321	12.771165015471052	0	0	0	0	B:GLY256:O--H:ILE57:CG2	2.961282674290837	3.556020826375879	2.961282674290837	0	43	E	31.902716206669943	0	0	no	six_tagged_protomer_proxy_from_existing_tagged_monomer	ROBUST_9A5_CONTEXT
A89_2C_248_249_MAP8	248|249	MAP8	GDGMVPPG	8	results/open_structure_007/tier1_shallow/A89_2C_248_249_MAP8_unrelaxed_rank_001_alphafold2_ptm_model_1_seed_011.pdb	1	11	free_hexamer_2ns_lead	/public/home/yukang/HRV_Oligomers/HRV_A89_2C_HEXAMER/results_summary/selected_hexamer_01_md_representative.pdb	no	3.2289350423321364	3.309760858717657	321	nan	0	0	0	0	NA	3.780830125817961	3.780830125817961	3.909555004161455	0	24	A	31.871954182297134	0	0	no	six_tagged_protomer_proxy_from_existing_tagged_monomer	ROBUST_9A5_CONTEXT
A89_2C_248_249_MAP8	248|249	MAP8	GDGMVPPG	8	results/open_structure_007/tier1_shallow/A89_2C_248_249_MAP8_unrelaxed_rank_001_alphafold2_ptm_model_1_seed_011.pdb	1	11	free_hexamer_5ns_rep1	/public/home/yukang/HRV_Oligomers/HRV_A89_2C_HEXAMER/results_summary/selected_hexamer_01_md_representative_5ns_rep1.pdb	no	3.2320066400341965	3.2829849626583187	321	nan	0	0	0	0	NA	3.362786530226305	4.4216524996907545	3.362786530226305	0	20	F	31.691203485823753	0	0	no	six_tagged_protomer_proxy_from_existing_tagged_monomer	ROBUST_9A5_CONTEXT
A89_2C_248_249_MAP8	248|249	MAP8	GDGMVPPG	8	results/open_structure_007/tier1_shallow/A89_2C_248_249_MAP8_unrelaxed_rank_001_alphafold2_ptm_model_1_seed_011.pdb	1	11	free_hexamer_5ns_rep2	/public/home/yukang/HRV_Oligomers/HRV_A89_2C_HEXAMER/results_summary/selected_hexamer_01_md_representative_5ns_rep2.pdb	no	3.205657830891438	3.270289172646268	321	nan	0	0	0	0	NA	3.156430256202034	4.541055320187221	3.156430256202034	0	12	F	31.641108878477795	0	0	no	six_tagged_protomer_proxy_from_existing_tagged_monomer	ROBUST_9A5_CONTEXT
A89_2C_248_249_MAP8	248|249	MAP8	GDGMVPPG	8	results/open_structure_007/tier1_shallow/A89_2C_248_249_MAP8_unrelaxed_rank_001_alphafold2_ptm_model_1_seed_011.pdb	1	11	free_hexamer_5ns_rep3	/public/home/yukang/HRV_Oligomers/HRV_A89_2C_HEXAMER/results_summary/selected_hexamer_01_md_representative_5ns_rep3.pdb	no	3.21726210970061	3.3159347850608007	321	nan	0	0	0	0	NA	2.9415635907023745	3.4578801684923772	2.9415635907023745	0	16	E	31.83853055514036	0	0	no	six_tagged_protomer_proxy_from_existing_tagged_monomer	ROBUST_9A5_CONTEXT
A89_2C_248_249_MAP8	248|249	MAP8	GDGMVPPG	8	results/open_structure_007/tier1_shallow/A89_2C_248_249_MAP8_unrelaxed_rank_001_alphafold2_ptm_model_1_seed_011.pdb	1	11	free_hexamer_control_model1	/public/home/yukang/HRV_Oligomers/HRV_A89_2C_HEXAMER/results_summary/selected_hexamer_02_md_representative.pdb	no	3.746300278429448	3.763652106108128	321	nan	0	0	0	0	NA	3.7919943106333536	3.7919943106333536	3.884134935254962	0	13	A	30.869816112532448	0	0	no	six_tagged_protomer_proxy_from_existing_tagged_monomer	ROBUST_9A5_CONTEXT
A89_2C_288_289_MAP8	288|289	MAP8	GDGMVPPG	8	results/open_structure_007/tier1_shallow/A89_2C_288_289_MAP8_unrelaxed_rank_001_alphafold2_ptm_model_1_seed_011.pdb	1	11	1x9A5_100ps_showcase	/public/home/yukang/HRV_Oligomers/HRV_A89_2C_HEXAMER/results_summary/SHOWCASE_1x_9A5_D_chain_after_npt_100ps_pbc_fixed.pdb	yes	2.62693307413527	2.690705359537394	321	20.722323951753186	0	0	0	0	B:GLY289:N--H:ALA55:CB	7.193652642963489	7.243685566950417	7.193652642963489	0	0	B	39.25094451586165	0	0	no	six_tagged_protomer_proxy_from_existing_tagged_monomer	ROBUST_9A5_CONTEXT
A89_2C_288_289_MAP8	288|289	MAP8	GDGMVPPG	8	results/open_structure_007/tier1_shallow/A89_2C_288_289_MAP8_unrelaxed_rank_001_alphafold2_ptm_model_1_seed_011.pdb	1	11	1x9A5_1ns_rep1	/public/home/yukang/HRV_Oligomers/HRV_A89_2C_HEXAMER/results_summary/selected_1x_9A5_weakposres_1ns_rep1_endpoint.pdb	yes	2.626996989431675	2.691540711284802	321	20.717773814335832	0	0	0	0	B:GLY289:N--H:ALA55:CB	7.192414730699853	7.2422582465893095	7.192414730699853	0	0	B	39.25064852554269	0	0	no	six_tagged_protomer_proxy_from_existing_tagged_monomer	ROBUST_9A5_CONTEXT
A89_2C_288_289_MAP8	288|289	MAP8	GDGMVPPG	8	results/open_structure_007/tier1_shallow/A89_2C_288_289_MAP8_unrelaxed_rank_001_alphafold2_ptm_model_1_seed_011.pdb	1	11	1x9A5_1ns_rep2	/public/home/yukang/HRV_Oligomers/HRV_A89_2C_HEXAMER/results_summary/selected_1x_9A5_weakposres_1ns_rep2_endpoint.pdb	yes	2.626996989431675	2.691540711284802	321	20.717773814335832	0	0	0	0	B:GLY289:N--H:ALA55:CB	7.192414730699853	7.2422582465893095	7.192414730699853	0	0	B	39.25064852554269	0	0	no	six_tagged_protomer_proxy_from_existing_tagged_monomer	ROBUST_9A5_CONTEXT
A89_2C_288_289_MAP8	288|289	MAP8	GDGMVPPG	8	results/open_structure_007/tier1_shallow/A89_2C_288_289_MAP8_unrelaxed_rank_001_alphafold2_ptm_model_1_seed_011.pdb	1	11	1x9A5_1ns_rep3	/public/home/yukang/HRV_Oligomers/HRV_A89_2C_HEXAMER/results_summary/selected_1x_9A5_weakposres_1ns_rep3_endpoint.pdb	yes	2.626996989431675	2.691540711284802	321	20.717773814335832	0	0	0	0	B:GLY289:N--H:ALA55:CB	7.192414730699853	7.2422582465893095	7.192414730699853	0	0	B	39.25064852554269	0	0	no	six_tagged_protomer_proxy_from_existing_tagged_monomer	ROBUST_9A5_CONTEXT
A89_2C_288_289_MAP8	288|289	MAP8	GDGMVPPG	8	results/open_structure_007/tier1_shallow/A89_2C_288_289_MAP8_unrelaxed_rank_001_alphafold2_ptm_model_1_seed_011.pdb	1	11	free_hexamer_2ns_lead	/public/home/yukang/HRV_Oligomers/HRV_A89_2C_HEXAMER/results_summary/selected_hexamer_01_md_representative.pdb	no	2.6027105675254223	2.657939319522686	321	nan	0	0	0	0	NA	6.777918382889034	6.992846430771937	6.777918382889034	0	0	B	39.32290357824228	0	0	no	six_tagged_protomer_proxy_from_existing_tagged_monomer	ROBUST_9A5_CONTEXT
A89_2C_288_289_MAP8	288|289	MAP8	GDGMVPPG	8	results/open_structure_007/tier1_shallow/A89_2C_288_289_MAP8_unrelaxed_rank_001_alphafold2_ptm_model_1_seed_011.pdb	1	11	free_hexamer_5ns_rep1	/public/home/yukang/HRV_Oligomers/HRV_A89_2C_HEXAMER/results_summary/selected_hexamer_01_md_representative_5ns_rep1.pdb	no	2.600399671563846	2.632361554081241	321	nan	0	0	0	0	NA	6.90823165577029	7.2052327257492585	6.90823165577029	0	0	A	39.33699259346007	0	0	no	six_tagged_protomer_proxy_from_existing_tagged_monomer	ROBUST_9A5_CONTEXT
A89_2C_288_289_MAP8	288|289	MAP8	GDGMVPPG	8	results/open_structure_007/tier1_shallow/A89_2C_288_289_MAP8_unrelaxed_rank_001_alphafold2_ptm_model_1_seed_011.pdb	1	11	free_hexamer_5ns_rep2	/public/home/yukang/HRV_Oligomers/HRV_A89_2C_HEXAMER/results_summary/selected_hexamer_01_md_representative_5ns_rep2.pdb	no	2.586604746676029	2.642943161152106	321	nan	0	0	0	0	NA	6.979330993056587	6.979330993056587	7.2430633068410915	0	0	F	39.36229667491243	0	0	no	six_tagged_protomer_proxy_from_existing_tagged_monomer	ROBUST_9A5_CONTEXT
A89_2C_288_289_MAP8	288|289	MAP8	GDGMVPPG	8	results/open_structure_007/tier1_shallow/A89_2C_288_289_MAP8_unrelaxed_rank_001_alphafold2_ptm_model_1_seed_011.pdb	1	11	free_hexamer_5ns_rep3	/public/home/yukang/HRV_Oligomers/HRV_A89_2C_HEXAMER/results_summary/selected_hexamer_01_md_representative_5ns_rep3.pdb	no	2.582016024004382	2.6574714933935417	321	nan	0	0	0	0	NA	6.539004941062979	6.919720685121417	6.539004941062979	0	0	A	39.25423282959745	0	0	no	six_tagged_protomer_proxy_from_existing_tagged_monomer	ROBUST_9A5_CONTEXT
A89_2C_288_289_MAP8	288|289	MAP8	GDGMVPPG	8	results/open_structure_007/tier1_shallow/A89_2C_288_289_MAP8_unrelaxed_rank_001_alphafold2_ptm_model_1_seed_011.pdb	1	11	free_hexamer_control_model1	/public/home/yukang/HRV_Oligomers/HRV_A89_2C_HEXAMER/results_summary/selected_hexamer_02_md_representative.pdb	no	2.7588393120609456	2.77385412555652	321	nan	0	0	0	0	NA	8.394125093015884	8.394125093015884	8.569776681512119	0	0	F	40.33803823774985	0	0	no	six_tagged_protomer_proxy_from_existing_tagged_monomer	ROBUST_9A5_CONTEXT
A89_2C_288_289_HA	288|289	HA	YPYDVPDYA	9	results/open_structure_007/tier1_shallow/A89_2C_288_289_HA_unrelaxed_rank_001_alphafold2_ptm_model_1_seed_011.pdb	1	11	1x9A5_100ps_showcase	/public/home/yukang/HRV_Oligomers/HRV_A89_2C_HEXAMER/results_summary/SHOWCASE_1x_9A5_D_chain_after_npt_100ps_pbc_fixed.pdb	yes	2.2662199035226047	2.316839984643139	321	17.160847523957944	0	0	0	0	B:TYR291:OH--H:ILE57:CD	9.978617625806647	9.978617625806647	10.995467232209835	0	0	F	36.78673160705346	0	0	no	six_tagged_protomer_proxy_from_existing_tagged_monomer	ROBUST_9A5_CONTEXT
A89_2C_288_289_HA	288|289	HA	YPYDVPDYA	9	results/open_structure_007/tier1_shallow/A89_2C_288_289_HA_unrelaxed_rank_001_alphafold2_ptm_model_1_seed_011.pdb	1	11	1x9A5_1ns_rep1	/public/home/yukang/HRV_Oligomers/HRV_A89_2C_HEXAMER/results_summary/selected_1x_9A5_weakposres_1ns_rep1_endpoint.pdb	yes	2.2663213585272777	2.3174939856298615	321	17.155449132250975	0	0	0	0	B:TYR291:OH--H:ILE57:CD	9.97750383040561	9.97750383040561	10.99515521713998	0	0	F	36.78661527336321	0	0	no	six_tagged_protomer_proxy_from_existing_tagged_monomer	ROBUST_9A5_CONTEXT
A89_2C_288_289_HA	288|289	HA	YPYDVPDYA	9	results/open_structure_007/tier1_shallow/A89_2C_288_289_HA_unrelaxed_rank_001_alphafold2_ptm_model_1_seed_011.pdb	1	11	1x9A5_1ns_rep2	/public/home/yukang/HRV_Oligomers/HRV_A89_2C_HEXAMER/results_summary/selected_1x_9A5_weakposres_1ns_rep2_endpoint.pdb	yes	2.2663213585272777	2.3174939856298615	321	17.155449132250975	0	0	0	0	B:TYR291:OH--H:ILE57:CD	9.97750383040561	9.97750383040561	10.99515521713998	0	0	F	36.78661527336321	0	0	no	six_tagged_protomer_proxy_from_existing_tagged_monomer	ROBUST_9A5_CONTEXT
A89_2C_288_289_HA	288|289	HA	YPYDVPDYA	9	results/open_structure_007/tier1_shallow/A89_2C_288_289_HA_unrelaxed_rank_001_alphafold2_ptm_model_1_seed_011.pdb	1	11	1x9A5_1ns_rep3	/public/home/yukang/HRV_Oligomers/HRV_A89_2C_HEXAMER/results_summary/selected_1x_9A5_weakposres_1ns_rep3_endpoint.pdb	yes	2.2663213585272777	2.3174939856298615	321	17.155449132250975	0	0	0	0	B:TYR291:OH--H:ILE57:CD	9.97750383040561	9.97750383040561	10.99515521713998	0	0	F	36.78661527336321	0	0	no	six_tagged_protomer_proxy_from_existing_tagged_monomer	ROBUST_9A5_CONTEXT
A89_2C_288_289_HA	288|289	HA	YPYDVPDYA	9	results/open_structure_007/tier1_shallow/A89_2C_288_289_HA_unrelaxed_rank_001_alphafold2_ptm_model_1_seed_011.pdb	1	11	free_hexamer_2ns_lead	/public/home/yukang/HRV_Oligomers/HRV_A89_2C_HEXAMER/results_summary/selected_hexamer_01_md_representative.pdb	no	2.2406834391134662	2.2801120712379386	321	nan	0	0	0	0	NA	10.484546779098366	10.484546779098366	10.801628886156147	0	0	F	36.87007701353495	0	0	no	six_tagged_protomer_proxy_from_existing_tagged_monomer	ROBUST_9A5_CONTEXT
A89_2C_288_289_HA	288|289	HA	YPYDVPDYA	9	results/open_structure_007/tier1_shallow/A89_2C_288_289_HA_unrelaxed_rank_001_alphafold2_ptm_model_1_seed_011.pdb	1	11	free_hexamer_5ns_rep1	/public/home/yukang/HRV_Oligomers/HRV_A89_2C_HEXAMER/results_summary/selected_hexamer_01_md_representative_5ns_rep1.pdb	no	2.2372565984465385	2.2681483938224245	321	nan	0	0	0	0	NA	10.304997433725156	10.847786610649393	10.304997433725156	0	0	A	36.840247999492654	0	0	no	six_tagged_protomer_proxy_from_existing_tagged_monomer	ROBUST_9A5_CONTEXT
A89_2C_288_289_HA	288|289	HA	YPYDVPDYA	9	results/open_structure_007/tier1_shallow/A89_2C_288_289_HA_unrelaxed_rank_001_alphafold2_ptm_model_1_seed_011.pdb	1	11	free_hexamer_5ns_rep2	/public/home/yukang/HRV_Oligomers/HRV_A89_2C_HEXAMER/results_summary/selected_hexamer_01_md_representative_5ns_rep2.pdb	no	2.227127318352118	2.289006661375604	321	nan	0	0	0	0	NA	10.721067762709334	10.830308989431837	10.721067762709334	0	0	A	36.861097182208844	0	0	no	six_tagged_protomer_proxy_from_existing_tagged_monomer	ROBUST_9A5_CONTEXT
A89_2C_288_289_HA	288|289	HA	YPYDVPDYA	9	results/open_structure_007/tier1_shallow/A89_2C_288_289_HA_unrelaxed_rank_001_alphafold2_ptm_model_1_seed_011.pdb	1	11	free_hexamer_5ns_rep3	/public/home/yukang/HRV_Oligomers/HRV_A89_2C_HEXAMER/results_summary/selected_hexamer_01_md_representative_5ns_rep3.pdb	no	2.217259297998317	2.2744257632379674	321	nan	0	0	0	0	NA	10.396851433360572	10.77718550355708	10.396851433360572	0	0	A	36.794302313766906	0	0	no	six_tagged_protomer_proxy_from_existing_tagged_monomer	ROBUST_9A5_CONTEXT
A89_2C_288_289_HA	288|289	HA	YPYDVPDYA	9	results/open_structure_007/tier1_shallow/A89_2C_288_289_HA_unrelaxed_rank_001_alphafold2_ptm_model_1_seed_011.pdb	1	11	free_hexamer_control_model1	/public/home/yukang/HRV_Oligomers/HRV_A89_2C_HEXAMER/results_summary/selected_hexamer_02_md_representative.pdb	no	2.2376019946274455	2.250134208222741	321	nan	0	0	0	0	NA	11.529292018047764	11.529292018047764	11.724651079614164	0	0	F	38.301112523269005	0	0	no	six_tagged_protomer_proxy_from_existing_tagged_monomer	ROBUST_9A5_CONTEXT
A89_2C_290_291_MAP8	290|291	MAP8	GDGMVPPG	8	results/open_structure_007/deep_subset/A89_2C_290_291_MAP8_unrelaxed_rank_001_alphafold2_ptm_model_1_seed_022.pdb	1	22	1x9A5_100ps_showcase	/public/home/yukang/HRV_Oligomers/HRV_A89_2C_HEXAMER/results_summary/SHOWCASE_1x_9A5_D_chain_after_npt_100ps_pbc_fixed.pdb	yes	1.9921753784213019	2.053193602708636	321	21.55820489283326	0	0	0	0	B:GLY291:N--H:ILE32:CG2	2.913023783331561	2.913023783331561	3.2177048595701465	0	20	F	29.988762932857604	0	0	no	six_tagged_protomer_proxy_from_existing_tagged_monomer	ROBUST_9A5_CONTEXT
A89_2C_290_291_MAP8	290|291	MAP8	GDGMVPPG	8	results/open_structure_007/deep_subset/A89_2C_290_291_MAP8_unrelaxed_rank_001_alphafold2_ptm_model_1_seed_022.pdb	1	22	1x9A5_1ns_rep1	/public/home/yukang/HRV_Oligomers/HRV_A89_2C_HEXAMER/results_summary/selected_1x_9A5_weakposres_1ns_rep1_endpoint.pdb	yes	1.992307037339649	2.053039419012401	321	21.553595098521818	0	0	0	0	B:GLY291:N--H:ILE32:CG2	2.911835793527541	2.911835793527541	3.2179392258437955	0	20	F	29.988765723582	0	0	no	six_tagged_protomer_proxy_from_existing_tagged_monomer	ROBUST_9A5_CONTEXT
A89_2C_290_291_MAP8	290|291	MAP8	GDGMVPPG	8	results/open_structure_007/deep_subset/A89_2C_290_291_MAP8_unrelaxed_rank_001_alphafold2_ptm_model_1_seed_022.pdb	1	22	1x9A5_1ns_rep2	/public/home/yukang/HRV_Oligomers/HRV_A89_2C_HEXAMER/results_summary/selected_1x_9A5_weakposres_1ns_rep2_endpoint.pdb	yes	1.992307037339649	2.053039419012401	321	21.553595098521818	0	0	0	0	B:GLY291:N--H:ILE32:CG2	2.911835793527541	2.911835793527541	3.2179392258437955	0	20	F	29.988765723582	0	0	no	six_tagged_protomer_proxy_from_existing_tagged_monomer	ROBUST_9A5_CONTEXT
A89_2C_290_291_MAP8	290|291	MAP8	GDGMVPPG	8	results/open_structure_007/deep_subset/A89_2C_290_291_MAP8_unrelaxed_rank_001_alphafold2_ptm_model_1_seed_022.pdb	1	22	1x9A5_1ns_rep3	/public/home/yukang/HRV_Oligomers/HRV_A89_2C_HEXAMER/results_summary/selected_1x_9A5_weakposres_1ns_rep3_endpoint.pdb	yes	1.992307037339649	2.053039419012401	321	21.553595098521818	0	0	0	0	B:GLY291:N--H:ILE32:CG2	2.911835793527541	2.911835793527541	3.2179392258437955	0	20	F	29.988765723582	0	0	no	six_tagged_protomer_proxy_from_existing_tagged_monomer	ROBUST_9A5_CONTEXT
A89_2C_290_291_MAP8	290|291	MAP8	GDGMVPPG	8	results/open_structure_007/deep_subset/A89_2C_290_291_MAP8_unrelaxed_rank_001_alphafold2_ptm_model_1_seed_022.pdb	1	22	free_hexamer_2ns_lead	/public/home/yukang/HRV_Oligomers/HRV_A89_2C_HEXAMER/results_summary/selected_hexamer_01_md_representative.pdb	no	1.9641975112316878	2.010587844038546	321	nan	0	0	0	0	NA	3.214711318044126	3.214711318044126	3.2186236425337444	0	20	F	30.068610774626364	0	0	no	six_tagged_protomer_proxy_from_existing_tagged_monomer	ROBUST_9A5_CONTEXT
A89_2C_290_291_MAP8	290|291	MAP8	GDGMVPPG	8	results/open_structure_007/deep_subset/A89_2C_290_291_MAP8_unrelaxed_rank_001_alphafold2_ptm_model_1_seed_022.pdb	1	22	free_hexamer_5ns_rep1	/public/home/yukang/HRV_Oligomers/HRV_A89_2C_HEXAMER/results_summary/selected_hexamer_01_md_representative_5ns_rep1.pdb	no	1.9678334952386358	2.0003582811369243	321	nan	0	0	0	0	NA	3.63037535585898	3.6420768934694365	3.63037535585898	0	10	E	30.006498790010088	0	0	no	six_tagged_protomer_proxy_from_existing_tagged_monomer	ROBUST_9A5_CONTEXT
A89_2C_290_291_MAP8	290|291	MAP8	GDGMVPPG	8	results/open_structure_007/deep_subset/A89_2C_290_291_MAP8_unrelaxed_rank_001_alphafold2_ptm_model_1_seed_022.pdb	1	22	free_hexamer_5ns_rep2	/public/home/yukang/HRV_Oligomers/HRV_A89_2C_HEXAMER/results_summary/selected_hexamer_01_md_representative_5ns_rep2.pdb	no	1.9717643194567414	2.01606863878689	321	nan	0	0	0	0	NA	3.2287615121605575	3.348427947061129	3.2287615121605575	0	18	B	30.027474957205175	0	0	no	six_tagged_protomer_proxy_from_existing_tagged_monomer	ROBUST_9A5_CONTEXT
A89_2C_290_291_MAP8	290|291	MAP8	GDGMVPPG	8	results/open_structure_007/deep_subset/A89_2C_290_291_MAP8_unrelaxed_rank_001_alphafold2_ptm_model_1_seed_022.pdb	1	22	free_hexamer_5ns_rep3	/public/home/yukang/HRV_Oligomers/HRV_A89_2C_HEXAMER/results_summary/selected_hexamer_01_md_representative_5ns_rep3.pdb	no	1.9588731677210014	1.9975317921235127	321	nan	0	0	0	0	NA	3.198738508344567	3.397880941446408	3.198738508344567	0	30	B	30.002486404750005	0	0	no	six_tagged_protomer_proxy_from_existing_tagged_monomer	ROBUST_9A5_CONTEXT
A89_2C_290_291_MAP8	290|291	MAP8	GDGMVPPG	8	results/open_structure_007/deep_subset/A89_2C_290_291_MAP8_unrelaxed_rank_001_alphafold2_ptm_model_1_seed_022.pdb	1	22	free_hexamer_control_model1	/public/home/yukang/HRV_Oligomers/HRV_A89_2C_HEXAMER/results_summary/selected_hexamer_02_md_representative.pdb	no	1.991606505681267	2.0244957081806656	321	nan	0	0	0	0	NA	4.427769812992134	4.709107535449158	4.427769812992134	0	1	A	31.04220035489511	0	0	no	six_tagged_protomer_proxy_from_existing_tagged_monomer	ROBUST_9A5_CONTEXT
A89_2C_290_291_MAP8	290|291	MAP8	GDGMVPPG	8	results/open_structure_007/deep_subset/A89_2C_290_291_MAP8_unrelaxed_rank_002_alphafold2_ptm_model_1_seed_021.pdb	2	21	1x9A5_100ps_showcase	/public/home/yukang/HRV_Oligomers/HRV_A89_2C_HEXAMER/results_summary/SHOWCASE_1x_9A5_D_chain_after_npt_100ps_pbc_fixed.pdb	yes	2.9690262648679515	3.0146915973547426	321	22.178319285192597	0	0	0	0	B:GLY291:N--H:ILE32:CG2	3.1329622224785187	3.1329622224785187	3.150380515002565	0	20	F	30.03172068933014	0	0	no	six_tagged_protomer_proxy_from_existing_tagged_monomer	ROBUST_9A5_CONTEXT
A89_2C_290_291_MAP8	290|291	MAP8	GDGMVPPG	8	results/open_structure_007/deep_subset/A89_2C_290_291_MAP8_unrelaxed_rank_002_alphafold2_ptm_model_1_seed_021.pdb	2	21	1x9A5_1ns_rep1	/public/home/yukang/HRV_Oligomers/HRV_A89_2C_HEXAMER/results_summary/selected_1x_9A5_weakposres_1ns_rep1_endpoint.pdb	yes	2.9690727922078652	3.014225454893638	321	22.174046722881158	0	0	0	0	B:GLY291:N--H:ILE32:CG2	3.13169324401134	3.13169324401134	3.1501559169807605	0	20	F	30.03178805838536	0	0	no	six_tagged_protomer_proxy_from_existing_tagged_monomer	ROBUST_9A5_CONTEXT
A89_2C_290_291_MAP8	290|291	MAP8	GDGMVPPG	8	results/open_structure_007/deep_subset/A89_2C_290_291_MAP8_unrelaxed_rank_002_alphafold2_ptm_model_1_seed_021.pdb	2	21	1x9A5_1ns_rep2	/public/home/yukang/HRV_Oligomers/HRV_A89_2C_HEXAMER/results_summary/selected_1x_9A5_weakposres_1ns_rep2_endpoint.pdb	yes	2.9690727922078652	3.014225454893638	321	22.174046722881158	0	0	0	0	B:GLY291:N--H:ILE32:CG2	3.13169324401134	3.13169324401134	3.1501559169807605	0	20	F	30.03178805838536	0	0	no	six_tagged_protomer_proxy_from_existing_tagged_monomer	ROBUST_9A5_CONTEXT
A89_2C_290_291_MAP8	290|291	MAP8	GDGMVPPG	8	results/open_structure_007/deep_subset/A89_2C_290_291_MAP8_unrelaxed_rank_002_alphafold2_ptm_model_1_seed_021.pdb	2	21	1x9A5_1ns_rep3	/public/home/yukang/HRV_Oligomers/HRV_A89_2C_HEXAMER/results_summary/selected_1x_9A5_weakposres_1ns_rep3_endpoint.pdb	yes	2.9690727922078652	3.014225454893638	321	22.174046722881158	0	0	0	0	B:GLY291:N--H:ILE32:CG2	3.13169324401134	3.13169324401134	3.1501559169807605	0	20	F	30.03178805838536	0	0	no	six_tagged_protomer_proxy_from_existing_tagged_monomer	ROBUST_9A5_CONTEXT
A89_2C_290_291_MAP8	290|291	MAP8	GDGMVPPG	8	results/open_structure_007/deep_subset/A89_2C_290_291_MAP8_unrelaxed_rank_002_alphafold2_ptm_model_1_seed_021.pdb	2	21	free_hexamer_2ns_lead	/public/home/yukang/HRV_Oligomers/HRV_A89_2C_HEXAMER/results_summary/selected_hexamer_01_md_representative.pdb	no	2.9415319587671886	2.9819539299181383	321	nan	0	0	0	0	NA	3.1969248398417216	3.4114656883075356	3.1969248398417216	0	18	B	30.112150387225466	0	0	no	six_tagged_protomer_proxy_from_existing_tagged_monomer	ROBUST_9A5_CONTEXT
A89_2C_290_291_MAP8	290|291	MAP8	GDGMVPPG	8	results/open_structure_007/deep_subset/A89_2C_290_291_MAP8_unrelaxed_rank_002_alphafold2_ptm_model_1_seed_021.pdb	2	21	free_hexamer_5ns_rep1	/public/home/yukang/HRV_Oligomers/HRV_A89_2C_HEXAMER/results_summary/selected_hexamer_01_md_representative_5ns_rep1.pdb	no	2.9417119340468116	2.974275335178233	321	nan	0	0	0	0	NA	2.9863411996330265	3.208876034964751	2.9863411996330265	0	18	A	30.02572137080549	0	0	no	six_tagged_protomer_proxy_from_existing_tagged_monomer	ROBUST_9A5_CONTEXT
A89_2C_290_291_MAP8	290|291	MAP8	GDGMVPPG	8	results/open_structure_007/deep_subset/A89_2C_290_291_MAP8_unrelaxed_rank_002_alphafold2_ptm_model_1_seed_021.pdb	2	21	free_hexamer_5ns_rep2	/public/home/yukang/HRV_Oligomers/HRV_A89_2C_HEXAMER/results_summary/selected_hexamer_01_md_representative_5ns_rep2.pdb	no	2.939642955802271	3.0044342188676287	321	nan	0	0	0	0	NA	3.1213209589186364	3.2385368792622113	3.1213209589186364	0	18	E	30.043562297089025	0	0	no	six_tagged_protomer_proxy_from_existing_tagged_monomer	ROBUST_9A5_CONTEXT
A89_2C_290_291_MAP8	290|291	MAP8	GDGMVPPG	8	results/open_structure_007/deep_subset/A89_2C_290_291_MAP8_unrelaxed_rank_002_alphafold2_ptm_model_1_seed_021.pdb	2	21	free_hexamer_5ns_rep3	/public/home/yukang/HRV_Oligomers/HRV_A89_2C_HEXAMER/results_summary/selected_hexamer_01_md_representative_5ns_rep3.pdb	no	2.9291170469066508	2.975935969299624	321	nan	0	0	0	0	NA	3.0569773310957586	3.096990090151963	3.0569773310957586	0	22	B	30.04300747099805	0	0	no	six_tagged_protomer_proxy_from_existing_tagged_monomer	ROBUST_9A5_CONTEXT
A89_2C_290_291_MAP8	290|291	MAP8	GDGMVPPG	8	results/open_structure_007/deep_subset/A89_2C_290_291_MAP8_unrelaxed_rank_002_alphafold2_ptm_model_1_seed_021.pdb	2	21	free_hexamer_control_model1	/public/home/yukang/HRV_Oligomers/HRV_A89_2C_HEXAMER/results_summary/selected_hexamer_02_md_representative.pdb	no	2.92346134136114	2.9414583173886397	321	nan	0	0	0	0	NA	4.316869888313694	4.63043277940058	4.316869888313694	0	1	D	30.886687111620923	0	0	no	six_tagged_protomer_proxy_from_existing_tagged_monomer	ROBUST_9A5_CONTEXT
A89_2C_290_291_MAP8	290|291	MAP8	GDGMVPPG	8	results/open_structure_007/tier1_shallow/A89_2C_290_291_MAP8_unrelaxed_rank_001_alphafold2_ptm_model_1_seed_011.pdb	1	11	1x9A5_100ps_showcase	/public/home/yukang/HRV_Oligomers/HRV_A89_2C_HEXAMER/results_summary/SHOWCASE_1x_9A5_D_chain_after_npt_100ps_pbc_fixed.pdb	yes	2.8437797661031388	2.887903264868869	321	21.881465174525502	0	0	0	0	B:GLY298:CA--H:ILE57:CD	4.9993603624219904	5.097539840728805	4.9993603624219904	0	0	D	32.027153434882095	0	0	no	six_tagged_protomer_proxy_from_existing_tagged_monomer	ROBUST_9A5_CONTEXT
A89_2C_290_291_MAP8	290|291	MAP8	GDGMVPPG	8	results/open_structure_007/tier1_shallow/A89_2C_290_291_MAP8_unrelaxed_rank_001_alphafold2_ptm_model_1_seed_011.pdb	1	11	1x9A5_1ns_rep1	/public/home/yukang/HRV_Oligomers/HRV_A89_2C_HEXAMER/results_summary/selected_1x_9A5_weakposres_1ns_rep1_endpoint.pdb	yes	2.843851203161927	2.8885518728117394	321	21.87728302516862	0	0	0	0	B:GLY298:CA--H:ILE57:CD	4.999340172691964	5.096582084631274	4.999340172691964	0	0	D	32.02716568723887	0	0	no	six_tagged_protomer_proxy_from_existing_tagged_monomer	ROBUST_9A5_CONTEXT
A89_2C_290_291_MAP8	290|291	MAP8	GDGMVPPG	8	results/open_structure_007/tier1_shallow/A89_2C_290_291_MAP8_unrelaxed_rank_001_alphafold2_ptm_model_1_seed_011.pdb	1	11	1x9A5_1ns_rep2	/public/home/yukang/HRV_Oligomers/HRV_A89_2C_HEXAMER/results_summary/selected_1x_9A5_weakposres_1ns_rep2_endpoint.pdb	yes	2.843851203161927	2.8885518728117394	321	21.87728302516862	0	0	0	0	B:GLY298:CA--H:ILE57:CD	4.999340172691964	5.096582084631274	4.999340172691964	0	0	D	32.02716568723887	0	0	no	six_tagged_protomer_proxy_from_existing_tagged_monomer	ROBUST_9A5_CONTEXT
A89_2C_290_291_MAP8	290|291	MAP8	GDGMVPPG	8	results/open_structure_007/tier1_shallow/A89_2C_290_291_MAP8_unrelaxed_rank_001_alphafold2_ptm_model_1_seed_011.pdb	1	11	1x9A5_1ns_rep3	/public/home/yukang/HRV_Oligomers/HRV_A89_2C_HEXAMER/results_summary/selected_1x_9A5_weakposres_1ns_rep3_endpoint.pdb	yes	2.843851203161927	2.8885518728117394	321	21.87728302516862	0	0	0	0	B:GLY298:CA--H:ILE57:CD	4.999340172691964	5.096582084631274	4.999340172691964	0	0	D	32.02716568723887	0	0	no	six_tagged_protomer_proxy_from_existing_tagged_monomer	ROBUST_9A5_CONTEXT
A89_2C_290_291_MAP8	290|291	MAP8	GDGMVPPG	8	results/open_structure_007/tier1_shallow/A89_2C_290_291_MAP8_unrelaxed_rank_001_alphafold2_ptm_model_1_seed_011.pdb	1	11	free_hexamer_2ns_lead	/public/home/yukang/HRV_Oligomers/HRV_A89_2C_HEXAMER/results_summary/selected_hexamer_01_md_representative.pdb	no	2.8171800969670144	2.85808938333923	321	nan	0	0	0	0	NA	4.833245084674754	4.833245084674754	5.437453432551932	0	0	F	32.10347175467081	0	0	no	six_tagged_protomer_proxy_from_existing_tagged_monomer	ROBUST_9A5_CONTEXT
A89_2C_290_291_MAP8	290|291	MAP8	GDGMVPPG	8	results/open_structure_007/tier1_shallow/A89_2C_290_291_MAP8_unrelaxed_rank_001_alphafold2_ptm_model_1_seed_011.pdb	1	11	free_hexamer_5ns_rep1	/public/home/yukang/HRV_Oligomers/HRV_A89_2C_HEXAMER/results_summary/selected_hexamer_01_md_representative_5ns_rep1.pdb	no	2.8171965758155713	2.8567926050272905	321	nan	0	0	0	0	NA	4.975539899680355	5.367036543268388	4.975539899680355	0	0	A	32.01359262996254	0	0	no	six_tagged_protomer_proxy_from_existing_tagged_monomer	ROBUST_9A5_CONTEXT
A89_2C_290_291_MAP8	290|291	MAP8	GDGMVPPG	8	results/open_structure_007/tier1_shallow/A89_2C_290_291_MAP8_unrelaxed_rank_001_alphafold2_ptm_model_1_seed_011.pdb	1	11	free_hexamer_5ns_rep2	/public/home/yukang/HRV_Oligomers/HRV_A89_2C_HEXAMER/results_summary/selected_hexamer_01_md_representative_5ns_rep2.pdb	no	2.8165534561138057	2.8788994146666447	321	nan	0	0	0	0	NA	5.318527367717045	5.4224411577424325	5.318527367717045	0	0	A	32.03187660248255	0	0	no	six_tagged_protomer_proxy_from_existing_tagged_monomer	ROBUST_9A5_CONTEXT
A89_2C_290_291_MAP8	290|291	MAP8	GDGMVPPG	8	results/open_structure_007/tier1_shallow/A89_2C_290_291_MAP8_unrelaxed_rank_001_alphafold2_ptm_model_1_seed_011.pdb	1	11	free_hexamer_5ns_rep3	/public/home/yukang/HRV_Oligomers/HRV_A89_2C_HEXAMER/results_summary/selected_hexamer_01_md_representative_5ns_rep3.pdb	no	2.804716826657609	2.855108834798911	321	nan	0	0	0	0	NA	5.058064409106375	5.568568222207915	5.058064409106375	0	0	D	32.045584964578296	0	0	no	six_tagged_protomer_proxy_from_existing_tagged_monomer	ROBUST_9A5_CONTEXT
A89_2C_290_291_MAP8	290|291	MAP8	GDGMVPPG	8	results/open_structure_007/tier1_shallow/A89_2C_290_291_MAP8_unrelaxed_rank_001_alphafold2_ptm_model_1_seed_011.pdb	1	11	free_hexamer_control_model1	/public/home/yukang/HRV_Oligomers/HRV_A89_2C_HEXAMER/results_summary/selected_hexamer_02_md_representative.pdb	no	2.553079299766309	2.5701774978236265	321	nan	0	0	0	0	NA	5.818362465497181	6.415941323225995	5.818362465497181	0	0	A	32.74062400410275	0	0	no	six_tagged_protomer_proxy_from_existing_tagged_monomer	ROBUST_9A5_CONTEXT
A89_2C_256_257_MAP8	256|257	MAP8	GDGMVPPG	8	results/open_structure_007/tier1_shallow/A89_2C_256_257_MAP8_unrelaxed_rank_001_alphafold2_ptm_model_1_seed_011.pdb	1	11	1x9A5_100ps_showcase	/public/home/yukang/HRV_Oligomers/HRV_A89_2C_HEXAMER/results_summary/SHOWCASE_1x_9A5_D_chain_after_npt_100ps_pbc_fixed.pdb	yes	1.810194074315016	1.842357347186025	321	28.798390124701463	0	0	0	0	B:GLY257:O--H:TYR58:CE1	0.1498070752132757	0.35386823256854255	0.1498070752132757	199	1916	B	36.879168985089905	0	0	no	six_tagged_protomer_proxy_from_existing_tagged_monomer	HEXAMER_CONTEXT_SENSITIVE
A89_2C_256_257_MAP8	256|257	MAP8	GDGMVPPG	8	results/open_structure_007/tier1_shallow/A89_2C_256_257_MAP8_unrelaxed_rank_001_alphafold2_ptm_model_1_seed_011.pdb	1	11	1x9A5_1ns_rep1	/public/home/yukang/HRV_Oligomers/HRV_A89_2C_HEXAMER/results_summary/selected_1x_9A5_weakposres_1ns_rep1_endpoint.pdb	yes	1.8104027683277162	1.842012772891334	321	28.8004350137231	0	0	0	0	B:GLY257:O--H:TYR58:CE1	0.1502886380591268	0.3625748568363743	0.1502886380591268	199	1916	B	36.87588871210293	0	0	no	six_tagged_protomer_proxy_from_existing_tagged_monomer	HEXAMER_CONTEXT_SENSITIVE
A89_2C_256_257_MAP8	256|257	MAP8	GDGMVPPG	8	results/open_structure_007/tier1_shallow/A89_2C_256_257_MAP8_unrelaxed_rank_001_alphafold2_ptm_model_1_seed_011.pdb	1	11	1x9A5_1ns_rep2	/public/home/yukang/HRV_Oligomers/HRV_A89_2C_HEXAMER/results_summary/selected_1x_9A5_weakposres_1ns_rep2_endpoint.pdb	yes	1.8104027683277162	1.842012772891334	321	28.8004350137231	0	0	0	0	B:GLY257:O--H:TYR58:CE1	0.1502886380591268	0.3625748568363743	0.1502886380591268	199	1916	B	36.87588871210293	0	0	no	six_tagged_protomer_proxy_from_existing_tagged_monomer	HEXAMER_CONTEXT_SENSITIVE
A89_2C_256_257_MAP8	256|257	MAP8	GDGMVPPG	8	results/open_structure_007/tier1_shallow/A89_2C_256_257_MAP8_unrelaxed_rank_001_alphafold2_ptm_model_1_seed_011.pdb	1	11	1x9A5_1ns_rep3	/public/home/yukang/HRV_Oligomers/HRV_A89_2C_HEXAMER/results_summary/selected_1x_9A5_weakposres_1ns_rep3_endpoint.pdb	yes	1.8104027683277162	1.842012772891334	321	28.8004350137231	0	0	0	0	B:GLY257:O--H:TYR58:CE1	0.1502886380591268	0.3625748568363743	0.1502886380591268	199	1916	B	36.87588871210293	0	0	no	six_tagged_protomer_proxy_from_existing_tagged_monomer	HEXAMER_CONTEXT_SENSITIVE
A89_2C_256_257_MAP8	256|257	MAP8	GDGMVPPG	8	results/open_structure_007/tier1_shallow/A89_2C_256_257_MAP8_unrelaxed_rank_001_alphafold2_ptm_model_1_seed_011.pdb	1	11	free_hexamer_2ns_lead	/public/home/yukang/HRV_Oligomers/HRV_A89_2C_HEXAMER/results_summary/selected_hexamer_01_md_representative.pdb	no	1.7878638642194742	1.8041943011553772	321	nan	0	0	0	0	NA	0.24975146585115365	0.40850533148955875	0.24975146585115365	200	1923	B	36.848884394155206	0	0	no	six_tagged_protomer_proxy_from_existing_tagged_monomer	HEXAMER_CONTEXT_SENSITIVE
A89_2C_256_257_MAP8	256|257	MAP8	GDGMVPPG	8	results/open_structure_007/tier1_shallow/A89_2C_256_257_MAP8_unrelaxed_rank_001_alphafold2_ptm_model_1_seed_011.pdb	1	11	free_hexamer_5ns_rep1	/public/home/yukang/HRV_Oligomers/HRV_A89_2C_HEXAMER/results_summary/selected_hexamer_01_md_representative_5ns_rep1.pdb	no	1.783750605847286	1.8471024639817542	321	nan	0	0	0	0	NA	0.309559102860549	0.45363147773015117	0.309559102860549	197	1879	C	36.70388967320444	0	0	no	six_tagged_protomer_proxy_from_existing_tagged_monomer	HEXAMER_CONTEXT_SENSITIVE
A89_2C_256_257_MAP8	256|257	MAP8	GDGMVPPG	8	results/open_structure_007/tier1_shallow/A89_2C_256_257_MAP8_unrelaxed_rank_001_alphafold2_ptm_model_1_seed_011.pdb	1	11	free_hexamer_5ns_rep2	/public/home/yukang/HRV_Oligomers/HRV_A89_2C_HEXAMER/results_summary/selected_hexamer_01_md_representative_5ns_rep2.pdb	no	1.7982115301539163	1.841749524999723	321	nan	0	0	0	0	NA	0.23573773802019918	0.23573773802019918	0.25290378116930884	189	1922	A	36.67912846740334	0	0	no	six_tagged_protomer_proxy_from_existing_tagged_monomer	HEXAMER_CONTEXT_SENSITIVE
A89_2C_256_257_MAP8	256|257	MAP8	GDGMVPPG	8	results/open_structure_007/tier1_shallow/A89_2C_256_257_MAP8_unrelaxed_rank_001_alphafold2_ptm_model_1_seed_011.pdb	1	11	free_hexamer_5ns_rep3	/public/home/yukang/HRV_Oligomers/HRV_A89_2C_HEXAMER/results_summary/selected_hexamer_01_md_representative_5ns_rep3.pdb	no	1.7749100629937662	1.8260522868141418	321	nan	0	0	0	0	NA	0.15053570675222788	0.17387284227046426	0.15053570675222788	185	1861	C	36.763536668010474	0	0	no	six_tagged_protomer_proxy_from_existing_tagged_monomer	HEXAMER_CONTEXT_SENSITIVE
A89_2C_256_257_MAP8	256|257	MAP8	GDGMVPPG	8	results/open_structure_007/tier1_shallow/A89_2C_256_257_MAP8_unrelaxed_rank_001_alphafold2_ptm_model_1_seed_011.pdb	1	11	free_hexamer_control_model1	/public/home/yukang/HRV_Oligomers/HRV_A89_2C_HEXAMER/results_summary/selected_hexamer_02_md_representative.pdb	no	1.2682522545164847	1.2934553785250953	321	nan	0	0	0	0	NA	0.11850774134585165	0.28675670695978916	0.11850774134585165	270	2631	B	35.678156511128336	0	0	no	six_tagged_protomer_proxy_from_existing_tagged_monomer	HEXAMER_CONTEXT_SENSITIVE
A89_2C_224_225_MAP8	224|225	MAP8	GDGMVPPG	8	results/open_structure_007/tier1_shallow/A89_2C_224_225_MAP8_unrelaxed_rank_001_alphafold2_ptm_model_1_seed_011.pdb	1	11	1x9A5_100ps_showcase	/public/home/yukang/HRV_Oligomers/HRV_A89_2C_HEXAMER/results_summary/SHOWCASE_1x_9A5_D_chain_after_npt_100ps_pbc_fixed.pdb	yes	2.4520550054112418	2.5208647346532542	321	0.4773533795517963	194	418	2538	3407	A:MET228:CA--L:VAL83:O	6.764961610748929	7.015006222341902	6.764961610748929	0	0	B	8.793041160881893	0	0	no	six_tagged_protomer_proxy_from_existing_tagged_monomer	ANTIBODY_STERIC_CONFLICT
A89_2C_224_225_MAP8	224|225	MAP8	GDGMVPPG	8	results/open_structure_007/tier1_shallow/A89_2C_224_225_MAP8_unrelaxed_rank_001_alphafold2_ptm_model_1_seed_011.pdb	1	11	1x9A5_1ns_rep1	/public/home/yukang/HRV_Oligomers/HRV_A89_2C_HEXAMER/results_summary/selected_1x_9A5_weakposres_1ns_rep1_endpoint.pdb	yes	2.452144950034691	2.520517108606509	321	0.47644220796339787	194	418	2537	3402	A:MET228:CA--L:VAL83:O	6.764699295752214	7.01379738824321	6.764699295752214	0	0	B	8.79151751677789	0	0	no	six_tagged_protomer_proxy_from_existing_tagged_monomer	ANTIBODY_STERIC_CONFLICT
A89_2C_224_225_MAP8	224|225	MAP8	GDGMVPPG	8	results/open_structure_007/tier1_shallow/A89_2C_224_225_MAP8_unrelaxed_rank_001_alphafold2_ptm_model_1_seed_011.pdb	1	11	1x9A5_1ns_rep2	/public/home/yukang/HRV_Oligomers/HRV_A89_2C_HEXAMER/results_summary/selected_1x_9A5_weakposres_1ns_rep2_endpoint.pdb	yes	2.452144950034691	2.520517108606509	321	0.47644220796339787	194	418	2537	3402	A:MET228:CA--L:VAL83:O	6.764699295752214	7.01379738824321	6.764699295752214	0	0	B	8.79151751677789	0	0	no	six_tagged_protomer_proxy_from_existing_tagged_monomer	ANTIBODY_STERIC_CONFLICT
A89_2C_224_225_MAP8	224|225	MAP8	GDGMVPPG	8	results/open_structure_007/tier1_shallow/A89_2C_224_225_MAP8_unrelaxed_rank_001_alphafold2_ptm_model_1_seed_011.pdb	1	11	1x9A5_1ns_rep3	/public/home/yukang/HRV_Oligomers/HRV_A89_2C_HEXAMER/results_summary/selected_1x_9A5_weakposres_1ns_rep3_endpoint.pdb	yes	2.452144950034691	2.520517108606509	321	0.47644220796339787	194	418	2537	3402	A:MET228:CA--L:VAL83:O	6.764699295752214	7.01379738824321	6.764699295752214	0	0	B	8.79151751677789	0	0	no	six_tagged_protomer_proxy_from_existing_tagged_monomer	ANTIBODY_STERIC_CONFLICT
A89_2C_224_225_MAP8	224|225	MAP8	GDGMVPPG	8	results/open_structure_007/tier1_shallow/A89_2C_224_225_MAP8_unrelaxed_rank_001_alphafold2_ptm_model_1_seed_011.pdb	1	11	free_hexamer_2ns_lead	/public/home/yukang/HRV_Oligomers/HRV_A89_2C_HEXAMER/results_summary/selected_hexamer_01_md_representative.pdb	no	2.419695227492857	2.467110881021242	321	nan	0	0	0	0	NA	6.753384859308093	6.988490819967443	6.753384859308093	0	0	E	8.748368261878333	0	0	no	six_tagged_protomer_proxy_from_existing_tagged_monomer	ROBUST_9A5_CONTEXT
A89_2C_224_225_MAP8	224|225	MAP8	GDGMVPPG	8	results/open_structure_007/tier1_shallow/A89_2C_224_225_MAP8_unrelaxed_rank_001_alphafold2_ptm_model_1_seed_011.pdb	1	11	free_hexamer_5ns_rep1	/public/home/yukang/HRV_Oligomers/HRV_A89_2C_HEXAMER/results_summary/selected_hexamer_01_md_representative_5ns_rep1.pdb	no	2.4204216868796973	2.4469760125669207	321	nan	0	0	0	0	NA	6.052320782951963	6.052320782951963	6.1848707339182685	0	0	F	8.681469225811362	0	0	no	six_tagged_protomer_proxy_from_existing_tagged_monomer	ROBUST_9A5_CONTEXT
A89_2C_224_225_MAP8	224|225	MAP8	GDGMVPPG	8	results/open_structure_007/tier1_shallow/A89_2C_224_225_MAP8_unrelaxed_rank_001_alphafold2_ptm_model_1_seed_011.pdb	1	11	free_hexamer_5ns_rep2	/public/home/yukang/HRV_Oligomers/HRV_A89_2C_HEXAMER/results_summary/selected_hexamer_01_md_representative_5ns_rep2.pdb	no	2.4260087698951165	2.4733704538386108	321	nan	0	0	0	0	NA	6.448391809674919	6.99522512598136	6.448391809674919	0	0	E	8.561938842799622	0	0	no	six_tagged_protomer_proxy_from_existing_tagged_monomer	ROBUST_9A5_CONTEXT
A89_2C_224_225_MAP8	224|225	MAP8	GDGMVPPG	8	results/open_structure_007/tier1_shallow/A89_2C_224_225_MAP8_unrelaxed_rank_001_alphafold2_ptm_model_1_seed_011.pdb	1	11	free_hexamer_5ns_rep3	/public/home/yukang/HRV_Oligomers/HRV_A89_2C_HEXAMER/results_summary/selected_hexamer_01_md_representative_5ns_rep3.pdb	no	2.4096526280838786	2.4407009121504024	321	nan	0	0	0	0	NA	6.7923375204743355	6.7923375204743355	6.823910652086417	0	0	F	8.61972713830101	0	0	no	six_tagged_protomer_proxy_from_existing_tagged_monomer	ROBUST_9A5_CONTEXT
A89_2C_224_225_MAP8	224|225	MAP8	GDGMVPPG	8	results/open_structure_007/tier1_shallow/A89_2C_224_225_MAP8_unrelaxed_rank_001_alphafold2_ptm_model_1_seed_011.pdb	1	11	free_hexamer_control_model1	/public/home/yukang/HRV_Oligomers/HRV_A89_2C_HEXAMER/results_summary/selected_hexamer_02_md_representative.pdb	no	2.3986940130636247	2.419868971683524	321	nan	0	0	0	0	NA	7.683171774392378	7.879569378431672	7.683171774392378	0	0	D	10.741968242590373	0	0	no	six_tagged_protomer_proxy_from_existing_tagged_monomer	ROBUST_9A5_CONTEXT
A89_2C_224_225_HA	224|225	HA	YPYDVPDYA	9	results/open_structure_007/tier1_shallow/A89_2C_224_225_HA_unrelaxed_rank_001_alphafold2_ptm_model_1_seed_011.pdb	1	11	1x9A5_100ps_showcase	/public/home/yukang/HRV_Oligomers/HRV_A89_2C_HEXAMER/results_summary/SHOWCASE_1x_9A5_D_chain_after_npt_100ps_pbc_fixed.pdb	yes	3.3069513805925275	3.3495538362507293	321	0.09932121179510656	395	786	4055	5408	D:TYR225:O--H:ASP63:CA	7.613279611769624	7.685811575326657	7.613279611769624	0	0	E	5.271720642997716	0	0	no	six_tagged_protomer_proxy_from_existing_tagged_monomer	ANTIBODY_STERIC_CONFLICT
A89_2C_224_225_HA	224|225	HA	YPYDVPDYA	9	results/open_structure_007/tier1_shallow/A89_2C_224_225_HA_unrelaxed_rank_001_alphafold2_ptm_model_1_seed_011.pdb	1	11	1x9A5_1ns_rep1	/public/home/yukang/HRV_Oligomers/HRV_A89_2C_HEXAMER/results_summary/selected_1x_9A5_weakposres_1ns_rep1_endpoint.pdb	yes	3.3069820276384534	3.3490828210773413	321	0.09815631737194432	398	786	4057	5402	D:TYR225:O--H:ASP63:CA	7.612380675852094	7.68650737648546	7.612380675852094	0	0	E	5.269887949864999	0	0	no	six_tagged_protomer_proxy_from_existing_tagged_monomer	ANTIBODY_STERIC_CONFLICT
A89_2C_224_225_HA	224|225	HA	YPYDVPDYA	9	results/open_structure_007/tier1_shallow/A89_2C_224_225_HA_unrelaxed_rank_001_alphafold2_ptm_model_1_seed_011.pdb	1	11	1x9A5_1ns_rep2	/public/home/yukang/HRV_Oligomers/HRV_A89_2C_HEXAMER/results_summary/selected_1x_9A5_weakposres_1ns_rep2_endpoint.pdb	yes	3.3069820276384534	3.3490828210773413	321	0.09815631737194432	398	786	4057	5402	D:TYR225:O--H:ASP63:CA	7.612380675852094	7.68650737648546	7.612380675852094	0	0	E	5.269887949864999	0	0	no	six_tagged_protomer_proxy_from_existing_tagged_monomer	ANTIBODY_STERIC_CONFLICT
A89_2C_224_225_HA	224|225	HA	YPYDVPDYA	9	results/open_structure_007/tier1_shallow/A89_2C_224_225_HA_unrelaxed_rank_001_alphafold2_ptm_model_1_seed_011.pdb	1	11	1x9A5_1ns_rep3	/public/home/yukang/HRV_Oligomers/HRV_A89_2C_HEXAMER/results_summary/selected_1x_9A5_weakposres_1ns_rep3_endpoint.pdb	yes	3.3069820276384534	3.3490828210773413	321	0.09815631737194432	398	786	4057	5402	D:TYR225:O--H:ASP63:CA	7.612380675852094	7.68650737648546	7.612380675852094	0	0	E	5.269887949864999	0	0	no	six_tagged_protomer_proxy_from_existing_tagged_monomer	ANTIBODY_STERIC_CONFLICT
A89_2C_224_225_HA	224|225	HA	YPYDVPDYA	9	results/open_structure_007/tier1_shallow/A89_2C_224_225_HA_unrelaxed_rank_001_alphafold2_ptm_model_1_seed_011.pdb	1	11	free_hexamer_2ns_lead	/public/home/yukang/HRV_Oligomers/HRV_A89_2C_HEXAMER/results_summary/selected_hexamer_01_md_representative.pdb	no	3.279172411832836	3.3240612917346266	321	nan	0	0	0	0	NA	7.614387059979668	7.646565888353238	7.614387059979668	0	0	E	5.272903423749625	0	0	no	six_tagged_protomer_proxy_from_existing_tagged_monomer	ROBUST_9A5_CONTEXT
A89_2C_224_225_HA	224|225	HA	YPYDVPDYA	9	results/open_structure_007/tier1_shallow/A89_2C_224_225_HA_unrelaxed_rank_001_alphafold2_ptm_model_1_seed_011.pdb	1	11	free_hexamer_5ns_rep1	/public/home/yukang/HRV_Oligomers/HRV_A89_2C_HEXAMER/results_summary/selected_hexamer_01_md_representative_5ns_rep1.pdb	no	3.2802946343220247	3.30849982349534	321	nan	0	0	0	0	NA	6.5375551620839225	6.5375551620839225	6.811431408097165	0	0	F	5.186268620798138	0	0	no	six_tagged_protomer_proxy_from_existing_tagged_monomer	ROBUST_9A5_CONTEXT
A89_2C_224_225_HA	224|225	HA	YPYDVPDYA	9	results/open_structure_007/tier1_shallow/A89_2C_224_225_HA_unrelaxed_rank_001_alphafold2_ptm_model_1_seed_011.pdb	1	11	free_hexamer_5ns_rep2	/public/home/yukang/HRV_Oligomers/HRV_A89_2C_HEXAMER/results_summary/selected_hexamer_01_md_representative_5ns_rep2.pdb	no	3.273137509152388	3.322929042343253	321	nan	0	0	0	0	NA	7.283588407859643	7.8299564848182985	7.283588407859643	0	0	E	5.177788550688063	0	0	no	six_tagged_protomer_proxy_from_existing_tagged_monomer	ROBUST_9A5_CONTEXT
A89_2C_224_225_HA	224|225	HA	YPYDVPDYA	9	results/open_structure_007/tier1_shallow/A89_2C_224_225_HA_unrelaxed_rank_001_alphafold2_ptm_model_1_seed_011.pdb	1	11	free_hexamer_5ns_rep3	/public/home/yukang/HRV_Oligomers/HRV_A89_2C_HEXAMER/results_summary/selected_hexamer_01_md_representative_5ns_rep3.pdb	no	3.2657568763551357	3.3303812647882673	321	nan	0	0	0	0	NA	7.667081255433024	7.667081255433024	7.683977474271109	0	0	C	5.198702473022428	0	0	no	six_tagged_protomer_proxy_from_existing_tagged_monomer	ROBUST_9A5_CONTEXT
A89_2C_224_225_HA	224|225	HA	YPYDVPDYA	9	results/open_structure_007/tier1_shallow/A89_2C_224_225_HA_unrelaxed_rank_001_alphafold2_ptm_model_1_seed_011.pdb	1	11	free_hexamer_control_model1	/public/home/yukang/HRV_Oligomers/HRV_A89_2C_HEXAMER/results_summary/selected_hexamer_02_md_representative.pdb	no	3.398927927624097	3.4142456366639182	321	nan	0	0	0	0	NA	8.0691849183983	8.32635134229494	8.0691849183983	0	0	D	8.458819881949431	0	0	no	six_tagged_protomer_proxy_from_existing_tagged_monomer	ROBUST_9A5_CONTEXT
A89_2C_203_204_G196_minimal	203|204	G196_minimal	DLVPR	5	results/open_structure_007/tier1_shallow/A89_2C_203_204_G196_minimal_unrelaxed_rank_001_alphafold2_ptm_model_1_seed_011.pdb	1	11	1x9A5_100ps_showcase	/public/home/yukang/HRV_Oligomers/HRV_A89_2C_HEXAMER/results_summary/SHOWCASE_1x_9A5_D_chain_after_npt_100ps_pbc_fixed.pdb	yes	2.5965725528406103	2.6399321818269192	321	9.985090630266901	0	0	0	0	D:ARG208:NH2--L:ASP33:OD2	2.1003919779972002	2.1003919779972002	2.3830795993303155	0	177	C	4.15044365002568	0	7	no	six_tagged_protomer_proxy_from_existing_tagged_monomer	HEXAMER_CONTEXT_SENSITIVE
A89_2C_203_204_G196_minimal	203|204	G196_minimal	DLVPR	5	results/open_structure_007/tier1_shallow/A89_2C_203_204_G196_minimal_unrelaxed_rank_001_alphafold2_ptm_model_1_seed_011.pdb	1	11	1x9A5_1ns_rep1	/public/home/yukang/HRV_Oligomers/HRV_A89_2C_HEXAMER/results_summary/selected_1x_9A5_weakposres_1ns_rep1_endpoint.pdb	yes	2.5967294539806205	2.639832921021407	321	9.984952640996756	0	0	0	0	D:ARG208:NH2--L:ASP33:OD2	2.0998773121196947	2.0998773121196947	2.382536841463073	0	177	C	4.150119494952361	0	7	no	six_tagged_protomer_proxy_from_existing_tagged_monomer	HEXAMER_CONTEXT_SENSITIVE
A89_2C_203_204_G196_minimal	203|204	G196_minimal	DLVPR	5	results/open_structure_007/tier1_shallow/A89_2C_203_204_G196_minimal_unrelaxed_rank_001_alphafold2_ptm_model_1_seed_011.pdb	1	11	1x9A5_1ns_rep2	/public/home/yukang/HRV_Oligomers/HRV_A89_2C_HEXAMER/results_summary/selected_1x_9A5_weakposres_1ns_rep2_endpoint.pdb	yes	2.5967294539806205	2.639832921021407	321	9.984952640996756	0	0	0	0	D:ARG208:NH2--L:ASP33:OD2	2.0998773121196947	2.0998773121196947	2.382536841463073	0	177	C	4.150119494952361	0	7	no	six_tagged_protomer_proxy_from_existing_tagged_monomer	HEXAMER_CONTEXT_SENSITIVE
A89_2C_203_204_G196_minimal	203|204	G196_minimal	DLVPR	5	results/open_structure_007/tier1_shallow/A89_2C_203_204_G196_minimal_unrelaxed_rank_001_alphafold2_ptm_model_1_seed_011.pdb	1	11	1x9A5_1ns_rep3	/public/home/yukang/HRV_Oligomers/HRV_A89_2C_HEXAMER/results_summary/selected_1x_9A5_weakposres_1ns_rep3_endpoint.pdb	yes	2.5967294539806205	2.639832921021407	321	9.984952640996756	0	0	0	0	D:ARG208:NH2--L:ASP33:OD2	2.0998773121196947	2.0998773121196947	2.382536841463073	0	177	C	4.150119494952361	0	7	no	six_tagged_protomer_proxy_from_existing_tagged_monomer	HEXAMER_CONTEXT_SENSITIVE
A89_2C_203_204_G196_minimal	203|204	G196_minimal	DLVPR	5	results/open_structure_007/tier1_shallow/A89_2C_203_204_G196_minimal_unrelaxed_rank_001_alphafold2_ptm_model_1_seed_011.pdb	1	11	free_hexamer_2ns_lead	/public/home/yukang/HRV_Oligomers/HRV_A89_2C_HEXAMER/results_summary/selected_hexamer_01_md_representative.pdb	no	2.5802828921109007	2.6149334349087225	321	nan	0	0	0	0	NA	2.000874453951784	2.000874453951784	2.068240606529155	0	195	C	4.1657622954336135	0	7	no	six_tagged_protomer_proxy_from_existing_tagged_monomer	HEXAMER_CONTEXT_SENSITIVE
A89_2C_203_204_G196_minimal	203|204	G196_minimal	DLVPR	5	results/open_structure_007/tier1_shallow/A89_2C_203_204_G196_minimal_unrelaxed_rank_001_alphafold2_ptm_model_1_seed_011.pdb	1	11	free_hexamer_5ns_rep1	/public/home/yukang/HRV_Oligomers/HRV_A89_2C_HEXAMER/results_summary/selected_hexamer_01_md_representative_5ns_rep1.pdb	no	2.5673403037099294	2.6227751275208218	321	nan	0	0	0	0	NA	1.9310648452469423	2.001550184442281	1.9310648452469423	1	197	D	3.989336431369696	0	9	no	six_tagged_protomer_proxy_from_existing_tagged_monomer	HEXAMER_CONTEXT_SENSITIVE
A89_2C_203_204_G196_minimal	203|204	G196_minimal	DLVPR	5	results/open_structure_007/tier1_shallow/A89_2C_203_204_G196_minimal_unrelaxed_rank_001_alphafold2_ptm_model_1_seed_011.pdb	1	11	free_hexamer_5ns_rep2	/public/home/yukang/HRV_Oligomers/HRV_A89_2C_HEXAMER/results_summary/selected_hexamer_01_md_representative_5ns_rep2.pdb	no	2.5962558635184316	2.6376280190336625	321	nan	0	0	0	0	NA	2.057045169187944	2.3018762492913956	2.057045169187944	0	181	D	3.9494812698395463	0	7	no	six_tagged_protomer_proxy_from_existing_tagged_monomer	HEXAMER_CONTEXT_SENSITIVE
A89_2C_203_204_G196_minimal	203|204	G196_minimal	DLVPR	5	results/open_structure_007/tier1_shallow/A89_2C_203_204_G196_minimal_unrelaxed_rank_001_alphafold2_ptm_model_1_seed_011.pdb	1	11	free_hexamer_5ns_rep3	/public/home/yukang/HRV_Oligomers/HRV_A89_2C_HEXAMER/results_summary/selected_hexamer_01_md_representative_5ns_rep3.pdb	no	2.5684845702366954	2.621041205400744	321	nan	0	0	0	0	NA	2.0224458967180365	2.0224458967180365	2.0291004746814316	0	207	C	4.008474345299136	0	7	no	six_tagged_protomer_proxy_from_existing_tagged_monomer	HEXAMER_CONTEXT_SENSITIVE
A89_2C_203_204_G196_minimal	203|204	G196_minimal	DLVPR	5	results/open_structure_007/tier1_shallow/A89_2C_203_204_G196_minimal_unrelaxed_rank_001_alphafold2_ptm_model_1_seed_011.pdb	1	11	free_hexamer_control_model1	/public/home/yukang/HRV_Oligomers/HRV_A89_2C_HEXAMER/results_summary/selected_hexamer_02_md_representative.pdb	no	1.9474258066968406	1.9625672398015537	321	nan	0	0	0	0	NA	1.545437277789883	1.699117659723709	1.545437277789883	15	381	E	3.970459187364916	0	6	no	six_tagged_protomer_proxy_from_existing_tagged_monomer	HEXAMER_CONTEXT_SENSITIVE
A89_2C_155_156_MAP8	155|156	MAP8	GDGMVPPG	8	results/open_structure_007/tier1_shallow/A89_2C_155_156_MAP8_unrelaxed_rank_001_alphafold2_ptm_model_1_seed_011.pdb	1	11	1x9A5_100ps_showcase	/public/home/yukang/HRV_Oligomers/HRV_A89_2C_HEXAMER/results_summary/SHOWCASE_1x_9A5_D_chain_after_npt_100ps_pbc_fixed.pdb	yes	2.372372915903015	2.4409875495389075	321	0.5481622442609957	43	77	397	561	D:PRO161:CA--L:SER32:O	0.5607417785444003	0.8620577281955834	0.5607417785444003	57	1037	F	0.4833184057718429	67	1003	yes	six_tagged_protomer_proxy_from_existing_tagged_monomer	ANTIBODY_STERIC_CONFLICT
A89_2C_155_156_MAP8	155|156	MAP8	GDGMVPPG	8	results/open_structure_007/tier1_shallow/A89_2C_155_156_MAP8_unrelaxed_rank_001_alphafold2_ptm_model_1_seed_011.pdb	1	11	1x9A5_1ns_rep1	/public/home/yukang/HRV_Oligomers/HRV_A89_2C_HEXAMER/results_summary/selected_1x_9A5_weakposres_1ns_rep1_endpoint.pdb	yes	2.372429909216228	2.4419251379283655	321	0.5519547716999275	43	77	397	562	D:PRO161:CA--L:SER32:O	0.560776187922966	0.8624257237885014	0.560776187922966	57	1037	F	0.4824253172701448	67	1003	yes	six_tagged_protomer_proxy_from_existing_tagged_monomer	ANTIBODY_STERIC_CONFLICT
A89_2C_155_156_MAP8	155|156	MAP8	GDGMVPPG	8	results/open_structure_007/tier1_shallow/A89_2C_155_156_MAP8_unrelaxed_rank_001_alphafold2_ptm_model_1_seed_011.pdb	1	11	1x9A5_1ns_rep2	/public/home/yukang/HRV_Oligomers/HRV_A89_2C_HEXAMER/results_summary/selected_1x_9A5_weakposres_1ns_rep2_endpoint.pdb	yes	2.372429909216228	2.4419251379283655	321	0.5519547716999275	43	77	397	562	D:PRO161:CA--L:SER32:O	0.560776187922966	0.8624257237885014	0.560776187922966	57	1037	F	0.4824253172701448	67	1003	yes	six_tagged_protomer_proxy_from_existing_tagged_monomer	ANTIBODY_STERIC_CONFLICT
A89_2C_155_156_MAP8	155|156	MAP8	GDGMVPPG	8	results/open_structure_007/tier1_shallow/A89_2C_155_156_MAP8_unrelaxed_rank_001_alphafold2_ptm_model_1_seed_011.pdb	1	11	1x9A5_1ns_rep3	/public/home/yukang/HRV_Oligomers/HRV_A89_2C_HEXAMER/results_summary/selected_1x_9A5_weakposres_1ns_rep3_endpoint.pdb	yes	2.372429909216228	2.4419251379283655	321	0.5519547716999275	43	77	397	562	D:PRO161:CA--L:SER32:O	0.560776187922966	0.8624257237885014	0.560776187922966	57	1037	F	0.4824253172701448	67	1003	yes	six_tagged_protomer_proxy_from_existing_tagged_monomer	ANTIBODY_STERIC_CONFLICT
A89_2C_155_156_MAP8	155|156	MAP8	GDGMVPPG	8	results/open_structure_007/tier1_shallow/A89_2C_155_156_MAP8_unrelaxed_rank_001_alphafold2_ptm_model_1_seed_011.pdb	1	11	free_hexamer_2ns_lead	/public/home/yukang/HRV_Oligomers/HRV_A89_2C_HEXAMER/results_summary/selected_hexamer_01_md_representative.pdb	no	2.348241304798042	2.4230886483533864	321	nan	0	0	0	0	NA	0.8141484409396433	0.9916387791203639	0.8141484409396433	63	1040	B	0.4715982880249424	68	1013	yes	six_tagged_protomer_proxy_from_existing_tagged_monomer	TAG_TAG_HEXAMER_CONFLICT
A89_2C_155_156_MAP8	155|156	MAP8	GDGMVPPG	8	results/open_structure_007/tier1_shallow/A89_2C_155_156_MAP8_unrelaxed_rank_001_alphafold2_ptm_model_1_seed_011.pdb	1	11	free_hexamer_5ns_rep1	/public/home/yukang/HRV_Oligomers/HRV_A89_2C_HEXAMER/results_summary/selected_hexamer_01_md_representative_5ns_rep1.pdb	no	2.3491627153079846	2.4015632694019744	321	nan	0	0	0	0	NA	0.41502956249195433	0.41502956249195433	0.9732110354953529	71	1123	D	0.4304963916108132	67	1004	yes	six_tagged_protomer_proxy_from_existing_tagged_monomer	TAG_TAG_HEXAMER_CONFLICT
A89_2C_155_156_MAP8	155|156	MAP8	GDGMVPPG	8	results/open_structure_007/tier1_shallow/A89_2C_155_156_MAP8_unrelaxed_rank_001_alphafold2_ptm_model_1_seed_011.pdb	1	11	free_hexamer_5ns_rep2	/public/home/yukang/HRV_Oligomers/HRV_A89_2C_HEXAMER/results_summary/selected_hexamer_01_md_representative_5ns_rep2.pdb	no	2.3342911543228295	2.3834151530926357	321	nan	0	0	0	0	NA	0.6141241856396306	0.6141241856396306	0.832748778596445	76	1102	D	0.4786715310835327	70	1005	yes	six_tagged_protomer_proxy_from_existing_tagged_monomer	TAG_TAG_HEXAMER_CONFLICT
A89_2C_155_156_MAP8	155|156	MAP8	GDGMVPPG	8	results/open_structure_007/tier1_shallow/A89_2C_155_156_MAP8_unrelaxed_rank_001_alphafold2_ptm_model_1_seed_011.pdb	1	11	free_hexamer_5ns_rep3	/public/home/yukang/HRV_Oligomers/HRV_A89_2C_HEXAMER/results_summary/selected_hexamer_01_md_representative_5ns_rep3.pdb	no	2.3376623169076787	2.427913338965932	321	nan	0	0	0	0	NA	0.6305459123183684	1.0317394316816906	0.6305459123183684	61	1107	F	0.41092753975997726	69	1005	yes	six_tagged_protomer_proxy_from_existing_tagged_monomer	TAG_TAG_HEXAMER_CONFLICT
A89_2C_155_156_MAP8	155|156	MAP8	GDGMVPPG	8	results/open_structure_007/tier1_shallow/A89_2C_155_156_MAP8_unrelaxed_rank_001_alphafold2_ptm_model_1_seed_011.pdb	1	11	free_hexamer_control_model1	/public/home/yukang/HRV_Oligomers/HRV_A89_2C_HEXAMER/results_summary/selected_hexamer_02_md_representative.pdb	no	2.7456047063258957	2.7687670645211826	321	nan	0	0	0	0	NA	0.5529721288276149	0.5529721288276149	0.7194142735876293	35	519	A	0.6395729576250627	128	919	yes	six_tagged_protomer_proxy_from_existing_tagged_monomer	TAG_TAG_HEXAMER_CONFLICT
