source_repository	source_commit	absolute_path	relative_path	filename	sha256	structure_class	2c_state	2c_residue_range	n_2c_chains	antibody_present	antibody_type	VH_chain	VL_chain	refinement_state	registry_status	usable_for_primary_analysis	reason	task011a_qc_status	replacement_or_qc_note	chain_residue_summary	n_2c_like_chains	atom_count	vh_chain_guess	vl_chain_guess	finite_coordinates
BioPpao/HRV-Oligomers	3385e069fa8469253d8776b3adb3361759094faa	/public/home/yukang/HRV_Oligomers/for_windows_download/current_candidate_structures/07_C04_LEAD_9A5_2C_final30_complex.pdb	for_windows_download/current_candidate_structures/07_C04_LEAD_9A5_2C_final30_complex.pdb	07_C04_LEAD_9A5_2C_final30_complex.pdb	9430890d21d58cf144025e459f843452c2d4581d824c55c187f1671e938b8b59	1x9A5_core_complex	2C_core_112_258	A:1-118(118);B:1-112(112);C:112-258(147)	1	yes	9A5_Fv	A	B	historical_30ns_core_complex	REFERENCE	yes	selected_for_task011_primary_or_context_analysis	carried_forward							
BioPpao/HRV-Oligomers	3385e069fa8469253d8776b3adb3361759094faa	/public/home/yukang/HRV_Oligomers/for_windows_download/current_candidate_structures/08_C01_COMPARATOR_9A5_2C_final30_complex.pdb	for_windows_download/current_candidate_structures/08_C01_COMPARATOR_9A5_2C_final30_complex.pdb	08_C01_COMPARATOR_9A5_2C_final30_complex.pdb	e476c3958d18c47a4b9a116f3e073f681f1ed7573045e0f6c00a451526a86338	1x9A5_core_complex	2C_core_112_258	A:1-118(118);B:1-112(112);C:112-258(147)	1	yes	9A5_Fv	A	B	historical_30ns_core_complex	REFERENCE	yes	selected_for_task011_primary_or_context_analysis	carried_forward							
BioPpao/HRV-Oligomers	3385e069fa8469253d8776b3adb3361759094faa	/public/home/yukang/HRV_Oligomers/HRV_A89_2C_HEXAMER/results_summary/selected_hexamer_01_md_representative.pdb	HRV_A89_2C_HEXAMER/results_summary/selected_hexamer_01_md_representative.pdb	selected_hexamer_01_md_representative.pdb	d6daf2cd8aa7db784561e85c5169e006a4c04b98ff68aebcdc63c6e34cfdc292	free_hexamer	full_length_hexamer	A:1-321(321);B:1-321(321);C:1-321(321);D:1-321(321);E:1-321(321);F:1-321(321)	6	no	none			selected_or_repeat_endpoint	CURRENT_OR_REFERENCE	yes	selected_for_task011_primary_or_context_analysis	carried_forward							
BioPpao/HRV-Oligomers	3385e069fa8469253d8776b3adb3361759094faa	/public/home/yukang/HRV_Oligomers/HRV_A89_2C_HEXAMER/results_summary/selected_hexamer_02_md_representative.pdb	HRV_A89_2C_HEXAMER/results_summary/selected_hexamer_02_md_representative.pdb	selected_hexamer_02_md_representative.pdb	be28894e60a05269dbf6ad02c070e56fad7f51fc8b1e8cc20b98406821fb5a78	free_hexamer	full_length_hexamer	A:1-321(321);B:1-321(321);C:1-321(321);D:1-321(321);E:1-321(321);F:1-321(321)	6	no	none			selected_or_repeat_endpoint	CURRENT_OR_REFERENCE	yes	selected_for_task011_primary_or_context_analysis	carried_forward							
BioPpao/HRV-Oligomers	3385e069fa8469253d8776b3adb3361759094faa	/public/home/yukang/HRV_Oligomers/HRV_A89_2C_HEXAMER/results_summary/selected_hexamer_01_md_representative_5ns_rep1.pdb	HRV_A89_2C_HEXAMER/results_summary/selected_hexamer_01_md_representative_5ns_rep1.pdb	selected_hexamer_01_md_representative_5ns_rep1.pdb	2d4aa74795dd8fe100b63a25dc0065797cfad63972ced0e500b22a789fbdaaf8	free_hexamer	full_length_hexamer	A:1-321(321);B:1-321(321);C:1-321(321);D:1-321(321);E:1-321(321);F:1-321(321)	6	no	none			selected_or_repeat_endpoint	CURRENT_OR_REFERENCE	yes	selected_for_task011_primary_or_context_analysis	carried_forward							
BioPpao/HRV-Oligomers	3385e069fa8469253d8776b3adb3361759094faa	/public/home/yukang/HRV_Oligomers/HRV_A89_2C_HEXAMER/results_summary/selected_hexamer_01_md_representative_5ns_rep2.pdb	HRV_A89_2C_HEXAMER/results_summary/selected_hexamer_01_md_representative_5ns_rep2.pdb	selected_hexamer_01_md_representative_5ns_rep2.pdb	220bdfa9b1c09f29f933ae6e76e3f693a52185cb7acdfaa5926c15c56d8debc8	free_hexamer	full_length_hexamer	A:1-321(321);B:1-321(321);C:1-321(321);D:1-321(321);E:1-321(321);F:1-321(321)	6	no	none			selected_or_repeat_endpoint	CURRENT_OR_REFERENCE	yes	selected_for_task011_primary_or_context_analysis	carried_forward							
BioPpao/HRV-Oligomers	3385e069fa8469253d8776b3adb3361759094faa	/public/home/yukang/HRV_Oligomers/HRV_A89_2C_HEXAMER/results_summary/selected_hexamer_01_md_representative_5ns_rep3.pdb	HRV_A89_2C_HEXAMER/results_summary/selected_hexamer_01_md_representative_5ns_rep3.pdb	selected_hexamer_01_md_representative_5ns_rep3.pdb	29e334a2081e858d4a1911f6f6ecac0e46e210946f8800f2634326944ebda336	free_hexamer	full_length_hexamer	A:1-321(321);B:1-321(321);C:1-321(321);D:1-321(321);E:1-321(321);F:1-321(321)	6	no	none			selected_or_repeat_endpoint	CURRENT_OR_REFERENCE	yes	selected_for_task011_primary_or_context_analysis	carried_forward							
BioPpao/HRV-Oligomers	3385e069fa8469253d8776b3adb3361759094faa	/public/home/yukang/HRV_Oligomers/HRV_A89_2C_HEXAMER/results_summary/SHOWCASE_1x_9A5_D_chain_after_npt_100ps_pbc_fixed.pdb	HRV_A89_2C_HEXAMER/results_summary/SHOWCASE_1x_9A5_D_chain_after_npt_100ps_pbc_fixed.pdb	SHOWCASE_1x_9A5_D_chain_after_npt_100ps_pbc_fixed.pdb	3d3f3f4956152103153d5c8a5135701ae3f7f3638eed42a1d528ef600b96bbc7	1x9A5_hexamer_complex	full_length_hexamer	A:1-321(321);B:1-321(321);C:1-321(321);D:1-321(321);E:1-321(321);F:1-321(321);H:1-118(118);L:1-112(112)	6	yes	9A5_Fv	H	L	pbc_fixed_or_endpoint_refined	CURRENT	yes	selected_for_task011_primary_or_context_analysis	carried_forward							
BioPpao/HRV-Oligomers	3385e069fa8469253d8776b3adb3361759094faa	/public/home/yukang/HRV_Oligomers/HRV_A89_2C_HEXAMER/results_summary/selected_1x_9A5_weakposres_1ns_rep1_endpoint.pdb	HRV_A89_2C_HEXAMER/results_summary/selected_1x_9A5_weakposres_1ns_rep1_endpoint.pdb	selected_1x_9A5_weakposres_1ns_rep1_endpoint.pdb	3c0083aa7091b4de51319e81d765fa159711a25ed7f5088f74c253ae38edb884	1x9A5_hexamer_complex	full_length_hexamer	A:1-321(321);B:1-321(321);C:1-321(321);D:1-321(321);E:1-321(321);F:1-321(321);H:1-118(118);L:1-112(112)	6	yes	9A5_Fv	H	L	pbc_fixed_or_endpoint_refined	CURRENT	no	selected_for_task011_primary_or_context_analysis	duplicate_endpoint_export_do_not_count_as_independent	replaced_by_reexported_final_frame_from_unique_XTC						
BioPpao/HRV-Oligomers	3385e069fa8469253d8776b3adb3361759094faa	/public/home/yukang/HRV_Oligomers/HRV_A89_2C_HEXAMER/results_summary/selected_1x_9A5_weakposres_1ns_rep2_endpoint.pdb	HRV_A89_2C_HEXAMER/results_summary/selected_1x_9A5_weakposres_1ns_rep2_endpoint.pdb	selected_1x_9A5_weakposres_1ns_rep2_endpoint.pdb	3c0083aa7091b4de51319e81d765fa159711a25ed7f5088f74c253ae38edb884	1x9A5_hexamer_complex	full_length_hexamer	A:1-321(321);B:1-321(321);C:1-321(321);D:1-321(321);E:1-321(321);F:1-321(321);H:1-118(118);L:1-112(112)	6	yes	9A5_Fv	H	L	pbc_fixed_or_endpoint_refined	CURRENT	no	selected_for_task011_primary_or_context_analysis	duplicate_endpoint_export_do_not_count_as_independent	replaced_by_reexported_final_frame_from_unique_XTC						
BioPpao/HRV-Oligomers	3385e069fa8469253d8776b3adb3361759094faa	/public/home/yukang/HRV_Oligomers/HRV_A89_2C_HEXAMER/results_summary/selected_1x_9A5_weakposres_1ns_rep3_endpoint.pdb	HRV_A89_2C_HEXAMER/results_summary/selected_1x_9A5_weakposres_1ns_rep3_endpoint.pdb	selected_1x_9A5_weakposres_1ns_rep3_endpoint.pdb	3c0083aa7091b4de51319e81d765fa159711a25ed7f5088f74c253ae38edb884	1x9A5_hexamer_complex	full_length_hexamer	A:1-321(321);B:1-321(321);C:1-321(321);D:1-321(321);E:1-321(321);F:1-321(321);H:1-118(118);L:1-112(112)	6	yes	9A5_Fv	H	L	pbc_fixed_or_endpoint_refined	CURRENT	no	selected_for_task011_primary_or_context_analysis	duplicate_endpoint_export_do_not_count_as_independent	replaced_by_reexported_final_frame_from_unique_XTC						
BioPpao/HRV-Oligomers	3385e069fa8469253d8776b3adb3361759094faa	/public/home/yukang/HRV_Oligomers/HRV_A89_2C_HEXAMER/results_summary/selected_2x_9A5_candidate_01_E_rigidbody_80_after_em2_rechained.pdb	HRV_A89_2C_HEXAMER/results_summary/selected_2x_9A5_candidate_01_E_rigidbody_80_after_em2_rechained.pdb	selected_2x_9A5_candidate_01_E_rigidbody_80_after_em2_rechained.pdb	ae74c23c9116e88400d9a049011c77606e24bb9fd5184cb7dd89ed709d2a00c7	2x9A5_hexamer_complex	hexamer	A:1-321(321);B:1-321(321);C:1-321(321);D:1-321(321);E:1-321(321);F:1-321(321);H:1-118(118);L:1-112(112);M:1-118(118);N:1-112(112)	6	yes	9A5_Fv	M	N	unknown	NEGATIVE_OR_AUDIT_ONLY	audit_only	2x9A5_stress_test_not_primary_ranking	carried_forward							
BioPpao/HRV-Oligomers	3385e069fa8469253d8776b3adb3361759094faa	/public/home/yukang/HRV_Oligomers/HRV_A89_2C_HEXAMER/results_summary/selected_2x_9A5_top1_E_after_npt_100ps_rechained_pbc_fixed.pdb	HRV_A89_2C_HEXAMER/results_summary/selected_2x_9A5_top1_E_after_npt_100ps_rechained_pbc_fixed.pdb	selected_2x_9A5_top1_E_after_npt_100ps_rechained_pbc_fixed.pdb	8754a98d22f96d0d69e4b2c693ea61ef2c1e7180681706fbfad40ba7a635936d	2x9A5_hexamer_complex	hexamer	A:1-321(321);B:1-321(321);C:1-321(321);D:1-321(321);E:1-321(321);F:1-321(321);H:1-118(118);L:1-112(112);M:1-118(118);N:1-112(112)	6	yes	9A5_Fv	M	N	unknown	NEGATIVE_OR_AUDIT_ONLY	audit_only	2x9A5_stress_test_not_primary_ranking	carried_forward							
BioPpao/HRV-A89-2C-small-tag-and-insertion-site-prioritization	ffa847557a4bce2461c87e1869f9a45abf05ed4b	/public/home/yukang/wf/HRV-A89-2C-small-tag-and-insertion-site-prioritization/results/open_structure_007/deep_subset/A89_2C_289_290_G196_minimal_unrelaxed_rank_001_alphafold2_ptm_model_1_seed_022.pdb	results/open_structure_007/deep_subset/A89_2C_289_290_G196_minimal_unrelaxed_rank_001_alphafold2_ptm_model_1_seed_022.pdb	A89_2C_289_290_G196_minimal_unrelaxed_rank_001_alphafold2_ptm_model_1_seed_022.pdb	cf4f6776c69a22535020fad00e65e2ed003c909fce4b855d96d9112e459d55c2	tagged_monomer	full_length_tagged_monomer	A:1-326(326)	1	no	none			ColabFold_unrelaxed	TAGGED_MODEL	yes	selected_for_task011_primary_or_context_analysis	carried_forward							
BioPpao/HRV-A89-2C-small-tag-and-insertion-site-prioritization	ffa847557a4bce2461c87e1869f9a45abf05ed4b	/public/home/yukang/wf/HRV-A89-2C-small-tag-and-insertion-site-prioritization/results/open_structure_007/deep_subset/A89_2C_289_290_G196_minimal_unrelaxed_rank_002_alphafold2_ptm_model_1_seed_021.pdb	results/open_structure_007/deep_subset/A89_2C_289_290_G196_minimal_unrelaxed_rank_002_alphafold2_ptm_model_1_seed_021.pdb	A89_2C_289_290_G196_minimal_unrelaxed_rank_002_alphafold2_ptm_model_1_seed_021.pdb	44a76002f09f8fcd6365345e4a0eb3a1f73eac4a1561d5e01f5f8a1919987d18	tagged_monomer	full_length_tagged_monomer	A:1-326(326)	1	no	none			ColabFold_unrelaxed	TAGGED_MODEL	yes	selected_for_task011_primary_or_context_analysis	carried_forward							
BioPpao/HRV-A89-2C-small-tag-and-insertion-site-prioritization	ffa847557a4bce2461c87e1869f9a45abf05ed4b	/public/home/yukang/wf/HRV-A89-2C-small-tag-and-insertion-site-prioritization/results/open_structure_007/deep_subset/A89_2C_289_290_MAP8_unrelaxed_rank_001_alphafold2_ptm_model_1_seed_022.pdb	results/open_structure_007/deep_subset/A89_2C_289_290_MAP8_unrelaxed_rank_001_alphafold2_ptm_model_1_seed_022.pdb	A89_2C_289_290_MAP8_unrelaxed_rank_001_alphafold2_ptm_model_1_seed_022.pdb	68e438d9c36d013b2ff501f00d9b18f68c876ce4207e949bd4c9e1f8ee5c01fd	tagged_monomer	full_length_tagged_monomer	A:1-329(329)	1	no	none			ColabFold_unrelaxed	TAGGED_MODEL	yes	selected_for_task011_primary_or_context_analysis	carried_forward							
BioPpao/HRV-A89-2C-small-tag-and-insertion-site-prioritization	ffa847557a4bce2461c87e1869f9a45abf05ed4b	/public/home/yukang/wf/HRV-A89-2C-small-tag-and-insertion-site-prioritization/results/open_structure_007/deep_subset/A89_2C_289_290_MAP8_unrelaxed_rank_002_alphafold2_ptm_model_1_seed_021.pdb	results/open_structure_007/deep_subset/A89_2C_289_290_MAP8_unrelaxed_rank_002_alphafold2_ptm_model_1_seed_021.pdb	A89_2C_289_290_MAP8_unrelaxed_rank_002_alphafold2_ptm_model_1_seed_021.pdb	5ade658968d62559ec88763f70e7985d422ba02c75445719bdf27a807a9eee95	tagged_monomer	full_length_tagged_monomer	A:1-329(329)	1	no	none			ColabFold_unrelaxed	TAGGED_MODEL	yes	selected_for_task011_primary_or_context_analysis	carried_forward							
BioPpao/HRV-A89-2C-small-tag-and-insertion-site-prioritization	ffa847557a4bce2461c87e1869f9a45abf05ed4b	/public/home/yukang/wf/HRV-A89-2C-small-tag-and-insertion-site-prioritization/results/open_structure_007/deep_subset/A89_2C_290_291_MAP8_unrelaxed_rank_001_alphafold2_ptm_model_1_seed_022.pdb	results/open_structure_007/deep_subset/A89_2C_290_291_MAP8_unrelaxed_rank_001_alphafold2_ptm_model_1_seed_022.pdb	A89_2C_290_291_MAP8_unrelaxed_rank_001_alphafold2_ptm_model_1_seed_022.pdb	568344930ede42f5a9d1bd93f3c5bdb85cbbfe29689ecd035d4bfaa955e7a172	tagged_monomer	full_length_tagged_monomer	A:1-329(329)	1	no	none			ColabFold_unrelaxed	TAGGED_MODEL	yes	selected_for_task011_primary_or_context_analysis	carried_forward							
BioPpao/HRV-A89-2C-small-tag-and-insertion-site-prioritization	ffa847557a4bce2461c87e1869f9a45abf05ed4b	/public/home/yukang/wf/HRV-A89-2C-small-tag-and-insertion-site-prioritization/results/open_structure_007/deep_subset/A89_2C_290_291_MAP8_unrelaxed_rank_002_alphafold2_ptm_model_1_seed_021.pdb	results/open_structure_007/deep_subset/A89_2C_290_291_MAP8_unrelaxed_rank_002_alphafold2_ptm_model_1_seed_021.pdb	A89_2C_290_291_MAP8_unrelaxed_rank_002_alphafold2_ptm_model_1_seed_021.pdb	19ad9c403cdf784c251b5ac74574b63c85f823cce676e23d1c785c6fa3bd3880	tagged_monomer	full_length_tagged_monomer	A:1-329(329)	1	no	none			ColabFold_unrelaxed	TAGGED_MODEL	yes	selected_for_task011_primary_or_context_analysis	carried_forward							
BioPpao/HRV-A89-2C-small-tag-and-insertion-site-prioritization	ffa847557a4bce2461c87e1869f9a45abf05ed4b	/public/home/yukang/wf/HRV-A89-2C-small-tag-and-insertion-site-prioritization/results/open_structure_007/tier1_shallow/A89_2C_155_156_MAP8_unrelaxed_rank_001_alphafold2_ptm_model_1_seed_011.pdb	results/open_structure_007/tier1_shallow/A89_2C_155_156_MAP8_unrelaxed_rank_001_alphafold2_ptm_model_1_seed_011.pdb	A89_2C_155_156_MAP8_unrelaxed_rank_001_alphafold2_ptm_model_1_seed_011.pdb	b52fb78793b9e9a9c47c62547f9506083d02e39c2c1fd7f0f20d10e5ea316e0e	tagged_monomer	full_length_tagged_monomer	A:1-329(329)	1	no	none			ColabFold_unrelaxed	TAGGED_MODEL	yes	selected_for_task011_primary_or_context_analysis	carried_forward							
BioPpao/HRV-A89-2C-small-tag-and-insertion-site-prioritization	ffa847557a4bce2461c87e1869f9a45abf05ed4b	/public/home/yukang/wf/HRV-A89-2C-small-tag-and-insertion-site-prioritization/results/open_structure_007/tier1_shallow/A89_2C_203_204_G196_minimal_unrelaxed_rank_001_alphafold2_ptm_model_1_seed_011.pdb	results/open_structure_007/tier1_shallow/A89_2C_203_204_G196_minimal_unrelaxed_rank_001_alphafold2_ptm_model_1_seed_011.pdb	A89_2C_203_204_G196_minimal_unrelaxed_rank_001_alphafold2_ptm_model_1_seed_011.pdb	0779902d88e6459a01e9126707883ce7a996c1fe6a8864e2c8c7e9fce1a42120	tagged_monomer	full_length_tagged_monomer	A:1-326(326)	1	no	none			ColabFold_unrelaxed	TAGGED_MODEL	yes	selected_for_task011_primary_or_context_analysis	carried_forward							
BioPpao/HRV-A89-2C-small-tag-and-insertion-site-prioritization	ffa847557a4bce2461c87e1869f9a45abf05ed4b	/public/home/yukang/wf/HRV-A89-2C-small-tag-and-insertion-site-prioritization/results/open_structure_007/tier1_shallow/A89_2C_224_225_HA_unrelaxed_rank_001_alphafold2_ptm_model_1_seed_011.pdb	results/open_structure_007/tier1_shallow/A89_2C_224_225_HA_unrelaxed_rank_001_alphafold2_ptm_model_1_seed_011.pdb	A89_2C_224_225_HA_unrelaxed_rank_001_alphafold2_ptm_model_1_seed_011.pdb	732ba24d808f420503df22ad919745d0c6d8568a2f4bf91a13c47ee871f9f68d	tagged_monomer	full_length_tagged_monomer	A:1-330(330)	1	no	none			ColabFold_unrelaxed	TAGGED_MODEL	yes	selected_for_task011_primary_or_context_analysis	carried_forward							
BioPpao/HRV-A89-2C-small-tag-and-insertion-site-prioritization	ffa847557a4bce2461c87e1869f9a45abf05ed4b	/public/home/yukang/wf/HRV-A89-2C-small-tag-and-insertion-site-prioritization/results/open_structure_007/tier1_shallow/A89_2C_224_225_MAP8_unrelaxed_rank_001_alphafold2_ptm_model_1_seed_011.pdb	results/open_structure_007/tier1_shallow/A89_2C_224_225_MAP8_unrelaxed_rank_001_alphafold2_ptm_model_1_seed_011.pdb	A89_2C_224_225_MAP8_unrelaxed_rank_001_alphafold2_ptm_model_1_seed_011.pdb	9b9505b4d78d05d66b533ca21bf0c16fcf56b5fbcc1373db4c7ec99e14691cc2	tagged_monomer	full_length_tagged_monomer	A:1-329(329)	1	no	none			ColabFold_unrelaxed	TAGGED_MODEL	yes	selected_for_task011_primary_or_context_analysis	carried_forward							
BioPpao/HRV-A89-2C-small-tag-and-insertion-site-prioritization	ffa847557a4bce2461c87e1869f9a45abf05ed4b	/public/home/yukang/wf/HRV-A89-2C-small-tag-and-insertion-site-prioritization/results/open_structure_007/tier1_shallow/A89_2C_248_249_HA_unrelaxed_rank_001_alphafold2_ptm_model_1_seed_011.pdb	results/open_structure_007/tier1_shallow/A89_2C_248_249_HA_unrelaxed_rank_001_alphafold2_ptm_model_1_seed_011.pdb	A89_2C_248_249_HA_unrelaxed_rank_001_alphafold2_ptm_model_1_seed_011.pdb	c9aedd61dd46b3ae99f9027cf7011fae82dec33f3f83da6b1f2a9f470deb8610	tagged_monomer	full_length_tagged_monomer	A:1-330(330)	1	no	none			ColabFold_unrelaxed	TAGGED_MODEL	yes	selected_for_task011_primary_or_context_analysis	carried_forward							
BioPpao/HRV-A89-2C-small-tag-and-insertion-site-prioritization	ffa847557a4bce2461c87e1869f9a45abf05ed4b	/public/home/yukang/wf/HRV-A89-2C-small-tag-and-insertion-site-prioritization/results/open_structure_007/tier1_shallow/A89_2C_248_249_MAP8_unrelaxed_rank_001_alphafold2_ptm_model_1_seed_011.pdb	results/open_structure_007/tier1_shallow/A89_2C_248_249_MAP8_unrelaxed_rank_001_alphafold2_ptm_model_1_seed_011.pdb	A89_2C_248_249_MAP8_unrelaxed_rank_001_alphafold2_ptm_model_1_seed_011.pdb	8bf0a4380789ace1cbdca62c6f82a26366e6f6807ee82b6106c513c1b9932d0a	tagged_monomer	full_length_tagged_monomer	A:1-329(329)	1	no	none			ColabFold_unrelaxed	TAGGED_MODEL	yes	selected_for_task011_primary_or_context_analysis	carried_forward							
BioPpao/HRV-A89-2C-small-tag-and-insertion-site-prioritization	ffa847557a4bce2461c87e1869f9a45abf05ed4b	/public/home/yukang/wf/HRV-A89-2C-small-tag-and-insertion-site-prioritization/results/open_structure_007/tier1_shallow/A89_2C_256_257_MAP8_unrelaxed_rank_001_alphafold2_ptm_model_1_seed_011.pdb	results/open_structure_007/tier1_shallow/A89_2C_256_257_MAP8_unrelaxed_rank_001_alphafold2_ptm_model_1_seed_011.pdb	A89_2C_256_257_MAP8_unrelaxed_rank_001_alphafold2_ptm_model_1_seed_011.pdb	2087e5987934d99e5b401824582288d13a8be24aee3418147a40c852ecbf3126	tagged_monomer	full_length_tagged_monomer	A:1-329(329)	1	no	none			ColabFold_unrelaxed	TAGGED_MODEL	yes	selected_for_task011_primary_or_context_analysis	carried_forward							
BioPpao/HRV-A89-2C-small-tag-and-insertion-site-prioritization	ffa847557a4bce2461c87e1869f9a45abf05ed4b	/public/home/yukang/wf/HRV-A89-2C-small-tag-and-insertion-site-prioritization/results/open_structure_007/tier1_shallow/A89_2C_288_289_HA_unrelaxed_rank_001_alphafold2_ptm_model_1_seed_011.pdb	results/open_structure_007/tier1_shallow/A89_2C_288_289_HA_unrelaxed_rank_001_alphafold2_ptm_model_1_seed_011.pdb	A89_2C_288_289_HA_unrelaxed_rank_001_alphafold2_ptm_model_1_seed_011.pdb	1eb3c85d3249da8c4d08de54b0d2b841f7a424937a096ff94d26e57e6bae15bf	tagged_monomer	full_length_tagged_monomer	A:1-330(330)	1	no	none			ColabFold_unrelaxed	TAGGED_MODEL	yes	selected_for_task011_primary_or_context_analysis	carried_forward							
BioPpao/HRV-A89-2C-small-tag-and-insertion-site-prioritization	ffa847557a4bce2461c87e1869f9a45abf05ed4b	/public/home/yukang/wf/HRV-A89-2C-small-tag-and-insertion-site-prioritization/results/open_structure_007/tier1_shallow/A89_2C_288_289_MAP8_unrelaxed_rank_001_alphafold2_ptm_model_1_seed_011.pdb	results/open_structure_007/tier1_shallow/A89_2C_288_289_MAP8_unrelaxed_rank_001_alphafold2_ptm_model_1_seed_011.pdb	A89_2C_288_289_MAP8_unrelaxed_rank_001_alphafold2_ptm_model_1_seed_011.pdb	ec79fa8644377f0ce2e83c2103eaa3139df8c4b0b9aa4196a82f3d261489ba1d	tagged_monomer	full_length_tagged_monomer	A:1-329(329)	1	no	none			ColabFold_unrelaxed	TAGGED_MODEL	yes	selected_for_task011_primary_or_context_analysis	carried_forward							
BioPpao/HRV-A89-2C-small-tag-and-insertion-site-prioritization	ffa847557a4bce2461c87e1869f9a45abf05ed4b	/public/home/yukang/wf/HRV-A89-2C-small-tag-and-insertion-site-prioritization/results/open_structure_007/tier1_shallow/A89_2C_289_290_G196_minimal_unrelaxed_rank_001_alphafold2_ptm_model_1_seed_011.pdb	results/open_structure_007/tier1_shallow/A89_2C_289_290_G196_minimal_unrelaxed_rank_001_alphafold2_ptm_model_1_seed_011.pdb	A89_2C_289_290_G196_minimal_unrelaxed_rank_001_alphafold2_ptm_model_1_seed_011.pdb	8dc128a6e8128afa10831bc8b23456ef733d105c2da35edfc72ff942bc6a28d7	tagged_monomer	full_length_tagged_monomer	A:1-326(326)	1	no	none			ColabFold_unrelaxed	TAGGED_MODEL	yes	selected_for_task011_primary_or_context_analysis	carried_forward							
BioPpao/HRV-A89-2C-small-tag-and-insertion-site-prioritization	ffa847557a4bce2461c87e1869f9a45abf05ed4b	/public/home/yukang/wf/HRV-A89-2C-small-tag-and-insertion-site-prioritization/results/open_structure_007/tier1_shallow/A89_2C_289_290_MAP8_unrelaxed_rank_001_alphafold2_ptm_model_1_seed_011.pdb	results/open_structure_007/tier1_shallow/A89_2C_289_290_MAP8_unrelaxed_rank_001_alphafold2_ptm_model_1_seed_011.pdb	A89_2C_289_290_MAP8_unrelaxed_rank_001_alphafold2_ptm_model_1_seed_011.pdb	fa876ff64cf1bb526057f35cca4c78665cbf2d8ff56cf868dfda2bc023fee495	tagged_monomer	full_length_tagged_monomer	A:1-329(329)	1	no	none			ColabFold_unrelaxed	TAGGED_MODEL	yes	selected_for_task011_primary_or_context_analysis	carried_forward							
BioPpao/HRV-A89-2C-small-tag-and-insertion-site-prioritization	ffa847557a4bce2461c87e1869f9a45abf05ed4b	/public/home/yukang/wf/HRV-A89-2C-small-tag-and-insertion-site-prioritization/results/open_structure_007/tier1_shallow/A89_2C_290_291_MAP8_unrelaxed_rank_001_alphafold2_ptm_model_1_seed_011.pdb	results/open_structure_007/tier1_shallow/A89_2C_290_291_MAP8_unrelaxed_rank_001_alphafold2_ptm_model_1_seed_011.pdb	A89_2C_290_291_MAP8_unrelaxed_rank_001_alphafold2_ptm_model_1_seed_011.pdb	12d010de29c2b2fa308d3b3e07756cd3700d4815b314e8e21da5bd68fe3d552c	tagged_monomer	full_length_tagged_monomer	A:1-329(329)	1	no	none			ColabFold_unrelaxed	TAGGED_MODEL	yes	selected_for_task011_primary_or_context_analysis	carried_forward							
			results/9a5_context_011a_qc/reexported_1x9A5_endpoints/rep1_endpoint_last_frame_reexported.pdb	rep1_endpoint_last_frame_reexported.pdb	d0478a7a51689bb667669872868335018b6685e1e7218a351f1d7dc791f46d26	1x9A5_hexamer_complex_reexported_endpoint	full_length_hexamer			yes	9A5_Fv			reexported_from_existing_1ns_weakposres_pbc_cluster_center_xtc	CURRENT_QC_REPLACEMENT	yes	rep1 explicit final frame re-export; old endpoint PDB duplicate excluded	corrected_endpoint_primary_analysis	generated_by_scripts/9a5_context_qc_011a.py_from_existing_XTC	A:1-321(321);B:1-321(321);C:1-321(321);D:1-321(321);E:1-321(321);F:1-321(321);H:1-118(118);L:1-112(112)	6.0	34341.0	H	L	True
			results/9a5_context_011a_qc/reexported_1x9A5_endpoints/rep2_endpoint_last_frame_reexported.pdb	rep2_endpoint_last_frame_reexported.pdb	935684cc8c8088161467a728447c8fc821cd0c99d5175f2dc0ddfefc129df8c5	1x9A5_hexamer_complex_reexported_endpoint	full_length_hexamer			yes	9A5_Fv			reexported_from_existing_1ns_weakposres_pbc_cluster_center_xtc	CURRENT_QC_REPLACEMENT	yes	rep2 explicit final frame re-export; old endpoint PDB duplicate excluded	corrected_endpoint_primary_analysis	generated_by_scripts/9a5_context_qc_011a.py_from_existing_XTC	A:1-321(321);B:1-321(321);C:1-321(321);D:1-321(321);E:1-321(321);F:1-321(321);H:1-118(118);L:1-112(112)	6.0	34341.0	H	L	True
			results/9a5_context_011a_qc/reexported_1x9A5_endpoints/rep3_endpoint_last_frame_reexported.pdb	rep3_endpoint_last_frame_reexported.pdb	5188d4f8df2e77f3c6bfbf01fcf4135cfde42c1c4ea56ec642c16cb6cd2370c1	1x9A5_hexamer_complex_reexported_endpoint	full_length_hexamer			yes	9A5_Fv			reexported_from_existing_1ns_weakposres_pbc_cluster_center_xtc	CURRENT_QC_REPLACEMENT	yes	rep3 explicit final frame re-export; old endpoint PDB duplicate excluded	corrected_endpoint_primary_analysis	generated_by_scripts/9a5_context_qc_011a.py_from_existing_XTC	A:1-321(321);B:1-321(321);C:1-321(321);D:1-321(321);E:1-321(321);F:1-321(321);H:1-118(118);L:1-112(112)	6.0	34341.0	H	L	True
