junction	review_role_v2	functional_tier	mapping_class	strict_structural_pass	pareto_reviewable_subset_count	insertion_raw_log2_enrich2	sub_window_mean	independent_indel_event_lower_bound	plm_percentile_mean	plm_percentile_min	plm_percentile_range	best_tag_form	worst_tag_form	plm_consensus_class	candidate_class_v5_plm_gpu
155|156	negative_control_hard_exclusion	EXCLUDE	exact_aligned	True	0	-5.967509	-2.5291509611052634	0	0.7029780564263324	0.4106583072100314	0.5360501567398119	G196_minimal	HA	tag_specific_disagreement	hard_excluded
216|217	negative_control_hard_exclusion	EXCLUDE	exact_aligned	True	0	-5.827659	-2.1102089392807017	0	0.47021943573667707	0.3166144200626959	0.3699059561128526	MAP8	HA	plm_no_consensus_secondary_support	hard_excluded
3|4	plm_gpu_review	HIGH_RISK	exact_aligned	False	5	-5.554076	-1.978048972201754	0	0.8001567398119122	0.6112852664576802	0.3667711598746082	MAP8	HA	plm_consensus_moderate_secondary_support	plm_context_support_direct_homolog_conflicted
245|246	plm_gpu_review	CORE_CAUTION	exact_aligned	False	5	-5.769187	-2.691980684675438	0	0.7147335423197492	0.445141065830721	0.554858934169279	HA	G196_practical_GS	tag_specific_disagreement	tag_specific_disagreement_direct_homolog_conflicted
63|64	plm_gpu_review	HIGH_RISK	exact_aligned	False	5	-5.554076	-2.1428806559210525	0	0.7108150470219436	0.445141065830721	0.46081504702194354	G196_minimal	HA	plm_no_consensus_secondary_support	direct_homolog_conflicted_with_plm_context
250|251	plm_gpu_review	CORE_CAUTION	ambiguous	False	5	-5.711649	-1.6578228648045112	0	0.6496865203761755	0.5391849529780564	0.34169278996865216	HA	G196_practical_GS	plm_no_consensus_secondary_support	mapping_uncertain
249|250	plm_gpu_review	CORE_CAUTION	exact_aligned	False	4	-5.693258	-1.665882875736842	0	0.6018808777429467	0.5235109717868338	0.2382445141065831	G196_minimal	G196_practical_GS	plm_no_consensus_secondary_support	direct_homolog_conflicted_with_plm_context
207|208	plm_gpu_review	HIGH_RISK	exact_aligned	False	2	-5.459032	-1.980357130991228	0	0.542319749216301	0.14420062695924762	0.8119122257053292	G196_minimal	MAP8	tag_specific_disagreement	tag_specific_disagreement_direct_homolog_conflicted
241|242	plm_gpu_review	CORE_CAUTION	exact_aligned	False	0	-5.843756	-2.594700194157895	0	0.5219435736677116	0.19122257053291536	0.7774294670846396	HA	G196_practical_GS	tag_specific_disagreement	tag_specific_disagreement_direct_homolog_conflicted
251|252	plm_gpu_review	CORE_CAUTION	exact_aligned	False	4	-5.665021	-1.6874902482017544	0	0.5007836990595611	0.322884012539185	0.49216300940438873	HA	G196_practical_GS	plm_no_consensus_secondary_support	direct_homolog_conflicted_with_plm_context
146|147	plm_gpu_review	CORE_CAUTION	exact_aligned	False	0	-5.97103	-2.651567958429825	0	0.4365203761755486	0.12852664576802508	0.7398119122257053	G196_minimal	HA	tag_specific_disagreement	tag_specific_disagreement_direct_homolog_conflicted
218|219	plm_gpu_review	HIGH_RISK	exact_aligned	True	5	-5.760548	-2.228591261017544	0	0.40752351097178685	0.09404388714733547	0.7711598746081504	MAP8	G196_minimal	tag_specific_disagreement	tag_specific_disagreement_direct_homolog_conflicted
223|224	plm_gpu_review	CORE_CAUTION	exact_aligned	False	0	-5.978036	-2.6698148891140354	0	0.09796238244514108	0.050156739811912265	0.15987460815047017	MAP8	HA	plm_no_consensus_secondary_support	direct_homolog_conflicted_with_plm_context
256|257	required_reaudit_control	HIGH_RISK	exact_aligned	False	2	-5.527047	-2.106549658236842	0	0.7962382445141066	0.6018808777429467	0.3448275862068966	G196_minimal	G196_practical_GS	plm_consensus_moderate_secondary_support	conflict_control_with_plm_context
287|288	required_reaudit_control	HIGH_RISK	exact_aligned	True	0	-5.521553	-2.3371674005000003	0	0.6575235109717867	0.5705329153605015	0.25705329153605017	G196_minimal	MAP8	plm_no_consensus_secondary_support	conflict_control_with_plm_context
248|249	required_reaudit_control	CORE_CAUTION	exact_aligned	False	3	-5.693258	-1.8326070281666669	2	0.646551724137931	0.4043887147335423	0.39811912225705326	G196_minimal	G196_practical_GS	plm_no_consensus_secondary_support	conflict_control_with_plm_context
288|289	required_reaudit_control	HIGH_RISK	exact_aligned	True	3	-5.152603	-2.124581775359649	0	0.6434169278996865	0.561128526645768	0.20376175548589348	G196_minimal	MAP8	plm_no_consensus_secondary_support	conflict_control_with_plm_context
289|290	required_reaudit_control	HIGH_RISK	exact_aligned	True	5	-3.51897	-2.3025361571315788	0	0.54858934169279	0.4482758620689655	0.2821316614420062	G196_minimal	HA	plm_no_consensus_secondary_support	conflict_control_with_plm_context
290|291	required_reaudit_control	HIGH_RISK	exact_aligned	True	5	-5.214399	-2.171113695517544	0	0.4224137931034483	0.35423197492163006	0.11285266457680254	G196_minimal	MAP8	plm_no_consensus_secondary_support	conflict_control_with_plm_context
203|204	required_reaudit_control	HIGH_RISK	exact_aligned	False	4	-3.061137	-1.9008196735	0	0.18652037617554856	0.07523510971786829	0.27586206896551724	MAP8	G196_practical_GS	plm_no_consensus_secondary_support	direct_homolog_conflicted_with_plm_context
224|225	required_reaudit_control	CORE_CAUTION	exact_aligned	False	0	-3.51897	-2.568916531552632	0	0.1489028213166144	0.037617554858934144	0.3605015673981191	MAP8	G196_practical_GS	plm_no_consensus_secondary_support	direct_homolog_conflicted_with_plm_context
171|172	top_plm_secondary_context	HIGH_RISK	exact_aligned	False	0	-5.569949	-2.962264853570176	0	0.9905956112852665	0.9717868338557993	0.028213166144200663	G196_minimal	HA	plm_consensus_high_secondary_support	direct_homolog_conflicted_with_plm_context
28|29	top_plm_secondary_context	HIGH_RISK	exact_aligned	False	2	-5.725224	-1.6845803272982456	0	0.9717868338557994	0.9592476489028213	0.037617554858934144	G196_practical_GS	MAP8	plm_consensus_high_secondary_support	plm_secondary_support_direct_homolog_conflicted
172|173	top_plm_secondary_context	HIGH_RISK	exact_aligned	False	0	-5.679239	-2.9917285490526315	0	0.9623824451410659	0.9028213166144201	0.09717868338557989	MAP8	HA	plm_consensus_high_secondary_support	direct_homolog_conflicted_with_plm_context
27|28	top_plm_secondary_context	HIGH_RISK	exact_aligned	False	0	-5.819512	-1.541967108552632	0	0.9545454545454546	0.9090909090909091	0.07836990595611293	G196_minimal	HA	plm_consensus_high_secondary_support	direct_homolog_conflicted_with_plm_context
25|26	top_plm_secondary_context	HIGH_RISK	exact_aligned	False	2	-5.655428	-1.7099024115526318	0	0.9537617554858934	0.9184952978056427	0.07210031347962376	G196_minimal	HA	plm_consensus_high_secondary_support	plm_secondary_support_direct_homolog_conflicted
17|18	top_plm_secondary_context	HIGH_RISK	exact_aligned	False	0	-5.660236	-2.7435736886315785	0	0.9341692789968652	0.8307210031347962	0.1630094043887147	G196_minimal	HA	plm_consensus_moderate_secondary_support	direct_homolog_conflicted_with_plm_context
18|19	top_plm_secondary_context	HIGH_RISK	exact_aligned	False	0	-5.886731	-2.809855583175439	0	0.9247648902821317	0.8871473354231975	0.09404388714733547	G196_minimal	MAP8	plm_consensus_high_secondary_support	direct_homolog_conflicted_with_plm_context
24|25	top_plm_secondary_context	HIGH_RISK	exact_aligned	False	2	-5.747447	-1.618305617254386	0	0.9216300940438871	0.890282131661442	0.059561128526645746	G196_minimal	MAP8	plm_consensus_high_secondary_support	plm_secondary_support_direct_homolog_conflicted
16|17	top_plm_secondary_context	HIGH_RISK	exact_aligned	False	0	-5.580393	-2.8900725403070178	0	0.9208463949843261	0.755485893416928	0.2413793103448275	G196_minimal	HA	plm_consensus_moderate_secondary_support	direct_homolog_conflicted_with_plm_context
22|23	top_plm_secondary_context	HIGH_RISK	exact_aligned	False	0	-5.688607	-2.003472014035088	0	0.9145768025078369	0.8307210031347962	0.11285266457680254	G196_minimal	HA	plm_consensus_moderate_secondary_support	direct_homolog_conflicted_with_plm_context
37|38	top_plm_secondary_context	HIGH_RISK	exact_aligned	False	3	-5.373353	-1.876467913649123	0	0.9137931034482759	0.896551724137931	0.037617554858934144	G196_minimal	HA	plm_consensus_high_secondary_support	plm_secondary_support_direct_homolog_conflicted
26|27	top_plm_secondary_context	HIGH_RISK	exact_aligned	False	0	-5.953299	-2.278807737614035	0	0.9137931034482758	0.8369905956112853	0.1410658307210031	G196_practical_GS	HA	plm_consensus_moderate_secondary_support	direct_homolog_conflicted_with_plm_context
