system_id	construct_id	junction	tag_form	replica	slurm_array_index	job_id	slurm_log	job_id_provenance	row_type	metric_status	native_contact_retention	local_contact_retention	native_contact_pair_count_reference	replica_count_completed	native_contact_retention_sd	native_contact_retention_bootstrap_ci95_low	native_contact_retention_bootstrap_ci95_high	native_contact_retention_effect_vs_WT	local_contact_retention_sd	local_contact_retention_bootstrap_ci95_low	local_contact_retention_bootstrap_ci95_high	local_contact_retention_effect_vs_WT
WT_112_321	WT_112_321	WT	WT	1	0	164556_0	results/broad_dynamics_009/logs/slurm-gmx-prod20-164556_0.err	latest_log_without_finished_mdrun	replica	computed_ca_native_contacts	0.7456119848186362	NA	447.0	NA	NA	NA	NA	NA	NA	NA	NA	NA
WT_112_321	WT_112_321	WT	WT	2	1	164557_1	results/broad_dynamics_009/logs/slurm-gmx-prod20-164557_1.err	latest_log_without_finished_mdrun	replica	computed_ca_native_contacts	0.7171669741181731	NA	445.0	NA	NA	NA	NA	NA	NA	NA	NA	NA
WT_112_321	WT_112_321	WT	WT	3	2	164558_2	results/broad_dynamics_009/logs/slurm-gmx-prod20-164558_2.err	latest_log_without_finished_mdrun	replica	computed_ca_native_contacts	0.8156073564760468	NA	445.0	NA	NA	NA	NA	NA	NA	NA	NA	NA
A89_2C_289_290_MAP8_112_321	A89_2C_289_290_MAP8	289|290	MAP8	1	3	164559_3	results/broad_dynamics_009/logs/slurm-gmx-prod20-164559_3.err	latest_log_without_finished_mdrun	replica	computed_ca_native_contacts	0.7803383961251015	0.9500324464633355	454.0	NA	NA	NA	NA	NA	NA	NA	NA	NA
A89_2C_289_290_MAP8_112_321	A89_2C_289_290_MAP8	289|290	MAP8	2	4	164485_4	results/broad_dynamics_009/logs/slurm-gmx-prod20-164485_4.err	latest_log_without_finished_mdrun	replica	computed_ca_native_contacts	0.8173151900541443	0.9882808181315644	453.0	NA	NA	NA	NA	NA	NA	NA	NA	NA
A89_2C_289_290_MAP8_112_321	A89_2C_289_290_MAP8	289|290	MAP8	3	5	164400_5	results/broad_dynamics_009/logs/slurm-gmx-prod20-164400_5.err	latest_log_without_finished_mdrun	replica	computed_ca_native_contacts	0.763301396945404	0.7517845554834525	458.0	NA	NA	NA	NA	NA	NA	NA	NA	NA
A89_2C_289_290_G196_minimal_112_321	A89_2C_289_290_G196_minimal	289|290	G196_minimal	1	6	164374_6	results/broad_dynamics_009/logs/slurm-gmx-prod20-164374_6.err	latest_log_without_finished_mdrun	replica	computed_ca_native_contacts	0.8174595432423938	0.727891156462585	459.0	NA	NA	NA	NA	NA	NA	NA	NA	NA
A89_2C_289_290_G196_minimal_112_321	A89_2C_289_290_G196_minimal	289|290	G196_minimal	2	7	164375_7	results/broad_dynamics_009/logs/slurm-gmx-prod20-164375_7.err	latest_log_without_finished_mdrun	replica	computed_ca_native_contacts	0.8556774625767409	0.8929311774461027	453.0	NA	NA	NA	NA	NA	NA	NA	NA	NA
A89_2C_289_290_G196_minimal_112_321	A89_2C_289_290_G196_minimal	289|290	G196_minimal	3	8	164408_8	results/broad_dynamics_009/logs/slurm-gmx-prod20-164408_8.err	latest_log_without_finished_mdrun	replica	computed_ca_native_contacts	0.7996214579277525	0.886842383825553	460.0	NA	NA	NA	NA	NA	NA	NA	NA	NA
A89_2C_288_289_HA_112_321	A89_2C_288_289_HA	288|289	HA	1	9	164409_9	results/broad_dynamics_009/logs/slurm-gmx-prod20-164409_9.err	latest_log_without_finished_mdrun	replica	computed_ca_native_contacts	0.8117209054947977	0.8015132669983416	449.0	NA	NA	NA	NA	NA	NA	NA	NA	NA
A89_2C_288_289_HA_112_321	A89_2C_288_289_HA	288|289	HA	2	10	164410_10	results/broad_dynamics_009/logs/slurm-gmx-prod20-164410_10.err	latest_log_without_finished_mdrun	replica	computed_ca_native_contacts	0.7892083208120472	0.7796125754207686	447.0	NA	NA	NA	NA	NA	NA	NA	NA	NA
A89_2C_288_289_HA_112_321	A89_2C_288_289_HA	288|289	HA	3	11	164411_11	results/broad_dynamics_009/logs/slurm-gmx-prod20-164411_11.err	latest_log_without_finished_mdrun	replica	computed_ca_native_contacts	0.6988553889793793	0.7232316677482155	449.0	NA	NA	NA	NA	NA	NA	NA	NA	NA
A89_2C_288_289_MAP8_112_321	A89_2C_288_289_MAP8	288|289	MAP8	1	12	164414_12	results/broad_dynamics_009/logs/slurm-gmx-prod20-164414_12.err	latest_log_without_finished_mdrun	replica	computed_ca_native_contacts	0.799697656840514	0.7316608447126073	441.0	NA	NA	NA	NA	NA	NA	NA	NA	NA
A89_2C_288_289_MAP8_112_321	A89_2C_288_289_MAP8	288|289	MAP8	2	13	164415_13	results/broad_dynamics_009/logs/slurm-gmx-prod20-164415_13.err	latest_log_without_finished_mdrun	replica	computed_ca_native_contacts	0.7976178333843311	0.7239335238700116	439.0	NA	NA	NA	NA	NA	NA	NA	NA	NA
A89_2C_288_289_MAP8_112_321	A89_2C_288_289_MAP8	288|289	MAP8	3	14	164417_14	results/broad_dynamics_009/logs/slurm-gmx-prod20-164417_14.err	latest_log_without_finished_mdrun	replica	computed_ca_native_contacts	0.8172709538156085	0.8949695964621339	431.0	NA	NA	NA	NA	NA	NA	NA	NA	NA
A89_2C_290_291_MAP8_112_321	A89_2C_290_291_MAP8	290|291	MAP8	1	15	164421_15	results/broad_dynamics_009/logs/slurm-gmx-prod20-164421_15.err	latest_log_without_finished_mdrun	replica	computed_ca_native_contacts	0.7979292135812166	0.8509452736318409	456.0	NA	NA	NA	NA	NA	NA	NA	NA	NA
A89_2C_290_291_MAP8_112_321	A89_2C_290_291_MAP8	290|291	MAP8	2	16	164422_16	results/broad_dynamics_009/logs/slurm-gmx-prod20-164422_16.err	latest_log_without_finished_mdrun	replica	computed_ca_native_contacts	0.8449419568822553	0.7578109452736318	456.0	NA	NA	NA	NA	NA	NA	NA	NA	NA
A89_2C_290_291_MAP8_112_321	A89_2C_290_291_MAP8	290|291	MAP8	3	17	164425_17	results/broad_dynamics_009/logs/slurm-gmx-prod20-164425_17.err	latest_log_without_finished_mdrun	replica	computed_ca_native_contacts	0.7967537583233507	0.7051477307340847	461.0	NA	NA	NA	NA	NA	NA	NA	NA	NA
A89_2C_224_225_HA_112_321	A89_2C_224_225_HA	224|225	HA	1	18	164426_18	results/broad_dynamics_009/logs/slurm-gmx-prod20-164426_18.err	latest_log_without_finished_mdrun	replica	computed_ca_native_contacts	0.8103863940210839	0.5774461028192371	454.0	NA	NA	NA	NA	NA	NA	NA	NA	NA
A89_2C_224_225_HA_112_321	A89_2C_224_225_HA	224|225	HA	2	19	164429_19	results/broad_dynamics_009/logs/slurm-gmx-prod20-164429_19.err	latest_log_without_finished_mdrun	replica	computed_ca_native_contacts	0.8027961736571008	0.6786069651741293	453.0	NA	NA	NA	NA	NA	NA	NA	NA	NA
A89_2C_224_225_HA_112_321	A89_2C_224_225_HA	224|225	HA	3	20	164430_20	results/broad_dynamics_009/logs/slurm-gmx-prod20-164430_20.err	latest_log_without_finished_mdrun	replica	computed_ca_native_contacts	0.8047765656024809	0.5824449182658138	446.0	NA	NA	NA	NA	NA	NA	NA	NA	NA
A89_2C_224_225_MAP8_112_321	A89_2C_224_225_MAP8	224|225	MAP8	1	21	164432_21	results/broad_dynamics_009/logs/slurm-gmx-prod20-164432_21.err	latest_log_without_finished_mdrun	replica	computed_ca_native_contacts	0.8238940736498096	0.5572139303482587	443.0	NA	NA	NA	NA	NA	NA	NA	NA	NA
A89_2C_224_225_MAP8_112_321	A89_2C_224_225_MAP8	224|225	MAP8	2	22	164434_22	results/broad_dynamics_009/logs/slurm-gmx-prod20-164434_22.err	latest_log_without_finished_mdrun	replica	computed_ca_native_contacts	0.8524786780383795	0.6414083429008802	448.0	NA	NA	NA	NA	NA	NA	NA	NA	NA
A89_2C_224_225_MAP8_112_321	A89_2C_224_225_MAP8	224|225	MAP8	3	23	164436_23	results/broad_dynamics_009/logs/slurm-gmx-prod20-164436_23.err	latest_log_without_finished_mdrun	replica	computed_ca_native_contacts	0.8275624116553698	0.759772565742715	447.0	NA	NA	NA	NA	NA	NA	NA	NA	NA
A89_2C_248_249_MAP8_112_321	A89_2C_248_249_MAP8	248|249	MAP8	1	24	164438_24	results/broad_dynamics_009/logs/slurm-gmx-prod20-164438_24.err	latest_log_without_finished_mdrun	replica	computed_ca_native_contacts	0.8222337337175294	0.7909026297085999	461.0	NA	NA	NA	NA	NA	NA	NA	NA	NA
A89_2C_248_249_MAP8_112_321	A89_2C_248_249_MAP8	248|249	MAP8	2	25	164440_25	results/broad_dynamics_009/logs/slurm-gmx-prod20-164440_25.err	latest_log_without_finished_mdrun	replica	computed_ca_native_contacts	0.8240489202808228	0.724142445666405	467.0	NA	NA	NA	NA	NA	NA	NA	NA	NA
A89_2C_248_249_MAP8_112_321	A89_2C_248_249_MAP8	248|249	MAP8	3	26	164443_26	results/broad_dynamics_009/logs/slurm-gmx-prod20-164443_26.err	latest_log_without_finished_mdrun	replica	computed_ca_native_contacts	0.7844219761408014	0.6928869167675139	465.0	NA	NA	NA	NA	NA	NA	NA	NA	NA
A89_2C_248_249_HA_112_321	A89_2C_248_249_HA	248|249	HA	1	27	164444_27	results/broad_dynamics_009/logs/slurm-gmx-prod20-164444_27.err	latest_log_without_finished_mdrun	replica	computed_ca_native_contacts	0.7829575068381038	0.6402363184079602	462.0	NA	NA	NA	NA	NA	NA	NA	NA	NA
A89_2C_248_249_HA_112_321	A89_2C_248_249_HA	248|249	HA	2	28	164453_28	results/broad_dynamics_009/logs/slurm-gmx-prod20-164453_28.err	latest_log_without_finished_mdrun	replica	computed_ca_native_contacts	0.7509135737242988	0.784981343283582	452.0	NA	NA	NA	NA	NA	NA	NA	NA	NA
A89_2C_248_249_HA_112_321	A89_2C_248_249_HA	248|249	HA	3	29	164455_29	results/broad_dynamics_009/logs/slurm-gmx-prod20-164455_29.err	latest_log_without_finished_mdrun	replica	computed_ca_native_contacts	0.8220059440216859	0.7280783582089553	457.0	NA	NA	NA	NA	NA	NA	NA	NA	NA
A89_2C_203_204_G196_minimal_112_321	A89_2C_203_204_G196_minimal	203|204	G196_minimal	1	30	164451_30	results/broad_dynamics_009/logs/slurm-gmx-prod20-164451_30.err	latest_log_without_finished_mdrun	replica	computed_ca_native_contacts	0.7479157500479464	0.7910447761194029	441.0	NA	NA	NA	NA	NA	NA	NA	NA	NA
A89_2C_203_204_G196_minimal_112_321	A89_2C_203_204_G196_minimal	203|204	G196_minimal	2	31	164456_31	results/broad_dynamics_009/logs/slurm-gmx-prod20-164456_31.err	latest_log_without_finished_mdrun	replica	computed_ca_native_contacts	0.8102789623312012	0.8301350390902631	448.0	NA	NA	NA	NA	NA	NA	NA	NA	NA
A89_2C_203_204_G196_minimal_112_321	A89_2C_203_204_G196_minimal	203|204	G196_minimal	3	32	164464_32	results/broad_dynamics_009/logs/slurm-gmx-prod20-164464_32.err	latest_log_without_finished_mdrun	replica	computed_ca_native_contacts	0.8075661515431692	0.8559977888336097	452.0	NA	NA	NA	NA	NA	NA	NA	NA	NA
A89_2C_256_257_MAP8_112_321	A89_2C_256_257_MAP8	256|257	MAP8	1	33	164470_33	results/broad_dynamics_009/logs/slurm-gmx-prod20-164470_33.err	latest_log_without_finished_mdrun	replica	computed_ca_native_contacts	0.8423527874848951	0.7689185650693899	457.0	NA	NA	NA	NA	NA	NA	NA	NA	NA
A89_2C_256_257_MAP8_112_321	A89_2C_256_257_MAP8	256|257	MAP8	2	34	164474_34	results/broad_dynamics_009/logs/slurm-gmx-prod20-164474_34.err	latest_log_without_finished_mdrun	replica	computed_ca_native_contacts	0.7463553691238795	0.7127457948353471	459.0	NA	NA	NA	NA	NA	NA	NA	NA	NA
A89_2C_256_257_MAP8_112_321	A89_2C_256_257_MAP8	256|257	MAP8	3	35	164359_35	results/broad_dynamics_009/logs/slurm-gmx-prod20-164359_35.err	latest_log_without_finished_mdrun	replica	computed_ca_native_contacts	0.84808181315644	0.7881840796019901	450.0	NA	NA	NA	NA	NA	NA	NA	NA	NA
A89_2C_155_156_MAP8_112_321	A89_2C_155_156_MAP8	155|156	MAP8	1	36	164359_36	results/broad_dynamics_009/logs/slurm-gmx-prod20-164359_36.err	latest_log_without_finished_mdrun	replica	computed_ca_native_contacts	0.817824025412842	0.670036912213128	426.0	NA	NA	NA	NA	NA	NA	NA	NA	NA
A89_2C_155_156_MAP8_112_321	A89_2C_155_156_MAP8	155|156	MAP8	2	37	164359_37	results/broad_dynamics_009/logs/slurm-gmx-prod20-164359_37.err	latest_log_without_finished_mdrun	replica	computed_ca_native_contacts	0.8494555524265465	0.49943829240892307	424.0	NA	NA	NA	NA	NA	NA	NA	NA	NA
A89_2C_155_156_MAP8_112_321	A89_2C_155_156_MAP8	155|156	MAP8	3	38	164359_38	results/broad_dynamics_009/logs/slurm-gmx-prod20-164359_38.err	latest_log_without_finished_mdrun	replica	computed_ca_native_contacts	0.8796158419041682	0.7132081527844648	431.0	NA	NA	NA	NA	NA	NA	NA	NA	NA
WT_112_321	WT_112_321	WT	WT	summary	NA	NA	NA	NA	construct_summary	NA	0.7594621051376187	NA	NA	3.0	0.05066060199335189	0.7171669741181731	0.8156073564760468	0.0	NA	NA	NA	NA
A89_2C_289_290_MAP8_112_321	A89_2C_289_290_MAP8	289|290	MAP8	summary	NA	NA	NA	NA	construct_summary	NA	0.7869849943748832	0.8966992733594509	NA	3.0	0.02761350055170392	0.763301396945404	0.8173151900541443	0.027522889237264536	0.1269485765049293	0.7517845554834525	0.9882808181315644	NA
A89_2C_289_290_G196_minimal_112_321	A89_2C_289_290_G196_minimal	289|290	G196_minimal	summary	NA	NA	NA	NA	construct_summary	NA	0.8242528212489623	0.835888239244747	NA	3.0	0.028638791592135122	0.7996214579277524	0.8556774625767409	0.06479071611134357	0.09357775253248642	0.7278911564625851	0.8929311774461027	NA
A89_2C_288_289_HA_112_321	A89_2C_288_289_HA	288|289	HA	summary	NA	NA	NA	NA	construct_summary	NA	0.7665948717620746	0.7681191700557752	NA	3.0	0.05973426372715096	0.6988553889793793	0.8117209054947977	0.007132766624455944	0.040386581564331246	0.7232316677482155	0.8015132669983416	NA
A89_2C_288_289_MAP8_112_321	A89_2C_288_289_MAP8	288|289	MAP8	summary	NA	NA	NA	NA	construct_summary	NA	0.8048621480134845	0.7835213216815843	NA	3.0	0.010796539375111906	0.7976178333843311	0.8172709538156085	0.045400042875865854	0.09659433904490354	0.7239335238700116	0.8949695964621339	NA
A89_2C_290_291_MAP8_112_321	A89_2C_290_291_MAP8	290|291	MAP8	summary	NA	NA	NA	NA	construct_summary	NA	0.8132083095956074	0.7713013165465191	NA	3.0	0.02748842849911277	0.7967537583233507	0.8449419568822553	0.05374620445798872	0.0738290150724363	0.7051477307340847	0.8509452736318409	NA
A89_2C_224_225_HA_112_321	A89_2C_224_225_HA	224|225	HA	summary	NA	NA	NA	NA	construct_summary	NA	0.8059863777602218	0.6128326620863934	NA	3.0	0.003937079550405293	0.8027961736571007	0.8103863940210839	0.04652427262260306	0.05701702595694765	0.5774461028192371	0.6786069651741293	NA
A89_2C_224_225_MAP8_112_321	A89_2C_224_225_MAP8	224|225	MAP8	summary	NA	NA	NA	NA	construct_summary	NA	0.834645054447853	0.6527982796639513	NA	3.0	0.015552902420680128	0.8238940736498096	0.8524786780383794	0.07518294931023428	0.1017585288210091	0.5572139303482587	0.7597725657427151	NA
A89_2C_248_249_MAP8_112_321	A89_2C_248_249_MAP8	248|249	MAP8	summary	NA	NA	NA	NA	construct_summary	NA	0.8102348767130513	0.7359773307141729	NA	3.0	0.022373044105117413	0.7844219761408014	0.8240489202808229	0.050772771575432585	0.050068137312144496	0.6928869167675139	0.7909026297085999	NA
A89_2C_248_249_HA_112_321	A89_2C_248_249_HA	248|249	HA	summary	NA	NA	NA	NA	construct_summary	NA	0.7852923415280295	0.7177653399668326	NA	3.0	0.03560364964996093	0.7509135737242988	0.8220059440216859	0.02583023639041082	0.07292152847758926	0.6402363184079602	0.784981343283582	NA
A89_2C_203_204_G196_minimal_112_321	A89_2C_203_204_G196_minimal	203|204	G196_minimal	summary	NA	NA	NA	NA	construct_summary	NA	0.7885869546407722	0.8257258680144254	NA	3.0	0.035248404188935156	0.7479157500479464	0.8102789623312012	0.029124849503153527	0.0327002149434064	0.7910447761194029	0.8559977888336098	NA
A89_2C_256_257_MAP8_112_321	A89_2C_256_257_MAP8	256|257	MAP8	summary	NA	NA	NA	NA	construct_summary	NA	0.8122633232550714	0.7566161465022424	NA	3.0	0.057149796562243275	0.7463553691238795	0.84808181315644	0.05280121811745275	0.03919497198728754	0.7127457948353472	0.7881840796019901	NA
A89_2C_155_156_MAP8_112_321	A89_2C_155_156_MAP8	155|156	MAP8	summary	NA	NA	NA	NA	construct_summary	NA	0.8489651399145188	0.6275611191355054	NA	3.0	0.030898827237427578	0.817824025412842	0.8796158419041683	0.08950303477690014	0.11303775055009022	0.49943829240892307	0.7132081527844648	NA
