construct_id	junction	tag_form	tier	priority_within_tier	key_supporting_evidence	key_negative_evidence	unresolved_conflicts	wet_lab_inclusion_rationale	dynamics_recommended_before_experiment	exact_nucleotide_audit_required
A89_2C_289_290_MAP8	289|290	MAP8	Tier_A_primary	1	not_hard_excluded;loop_or_coil_supported;surface_exposed;natural_indel_event_support;no_rigid_hexamer_tag_clash;detectability_plausible_or_testable	direct_homolog_insertion_unfavorable;functional_high_risk	direct_homolog_conflict__functional_HIGH_RISK__detectability_supported;no_HRV_A89_specific_insertion_phenotype	primary diverse panel member; balances structure/tag evidence with explicit homolog conflict	yes	yes
A89_2C_289_290_G196_minimal	289|290	G196_minimal	Tier_A_primary	2	not_hard_excluded;loop_or_coil_supported;surface_exposed;natural_indel_event_support;no_rigid_hexamer_tag_clash;detectability_plausible_or_testable	direct_homolog_insertion_unfavorable;functional_high_risk	direct_homolog_conflict__functional_HIGH_RISK;no_HRV_A89_specific_insertion_phenotype	primary diverse panel member; balances structure/tag evidence with explicit homolog conflict	yes	yes
A89_2C_288_289_MAP8	288|289	MAP8	Tier_A_primary	3	not_hard_excluded;loop_or_coil_supported;surface_exposed;natural_indel_event_support;PLM_above_panel_mean;low_inserted_structure_RMSD;no_rigid_hexamer_tag_clash;detectability_plausible_or_testable	direct_homolog_insertion_unfavorable;functional_high_risk	direct_homolog_conflict__functional_HIGH_RISK__structure_supported__detectability_supported;no_HRV_A89_specific_insertion_phenotype	primary diverse panel member; balances structure/tag evidence with explicit homolog conflict	yes	yes
A89_2C_288_289_HA	288|289	HA	Tier_A_primary	4	not_hard_excluded;loop_or_coil_supported;surface_exposed;natural_indel_event_support;PLM_above_panel_mean;no_rigid_hexamer_tag_clash;detectability_plausible_or_testable	direct_homolog_insertion_unfavorable;functional_high_risk	direct_homolog_conflict__functional_HIGH_RISK__detectability_supported;no_HRV_A89_specific_insertion_phenotype	primary diverse panel member; balances structure/tag evidence with explicit homolog conflict	yes	yes
A89_2C_224_225_HA	224|225	HA	Tier_A_primary	5	not_hard_excluded;loop_or_coil_supported;natural_indel_event_support;no_rigid_hexamer_tag_clash;detectability_plausible_or_testable	direct_homolog_insertion_unfavorable	direct_homolog_conflict__functional_CORE_CAUTION__detectability_supported;no_HRV_A89_specific_insertion_phenotype	primary diverse panel member; balances structure/tag evidence with explicit homolog conflict	yes	yes
A89_2C_248_249_MAP8	248|249	MAP8	Tier_A_primary	6	not_hard_excluded;surface_exposed;natural_indel_event_support;PLM_above_panel_mean;detectability_plausible_or_testable	direct_homolog_insertion_unfavorable;rigid_hexamer_clash	direct_homolog_conflict__functional_CORE_CAUTION__detectability_supported;no_HRV_A89_specific_insertion_phenotype	primary diverse panel member; balances structure/tag evidence with explicit homolog conflict	yes	yes
A89_2C_287_288_MAP8	287|288	MAP8	Tier_A_primary	7	not_hard_excluded;loop_or_coil_supported;natural_indel_event_support;PLM_above_panel_mean;low_inserted_structure_RMSD;no_rigid_hexamer_tag_clash	direct_homolog_insertion_unfavorable;functional_high_risk	direct_homolog_conflict__functional_HIGH_RISK__structure_supported;no_HRV_A89_specific_insertion_phenotype	primary diverse panel member; balances structure/tag evidence with explicit homolog conflict	yes	yes
A89_2C_290_291_MAP8	290|291	MAP8	Tier_A_primary	8	not_hard_excluded;loop_or_coil_supported;surface_exposed;natural_indel_event_support;low_inserted_structure_RMSD;no_rigid_hexamer_tag_clash;detectability_plausible_or_testable	direct_homolog_insertion_unfavorable;functional_high_risk	direct_homolog_conflict__functional_HIGH_RISK__structure_supported__detectability_supported;no_HRV_A89_specific_insertion_phenotype	primary diverse panel member; balances structure/tag evidence with explicit homolog conflict	yes	yes
A89_2C_289_290_HA	289|290	HA	Tier_B_secondary_rescue	1	not_hard_excluded;loop_or_coil_supported;surface_exposed;natural_indel_event_support;low_inserted_structure_RMSD;no_rigid_hexamer_tag_clash;detectability_plausible_or_testable	direct_homolog_insertion_unfavorable;functional_high_risk	direct_homolog_conflict__functional_HIGH_RISK__structure_supported__detectability_supported;no_HRV_A89_specific_insertion_phenotype	secondary/rescue construct preserving alternative tag/site hypothesis	yes	yes
A89_2C_288_289_G196_minimal	288|289	G196_minimal	Tier_B_secondary_rescue	2	not_hard_excluded;loop_or_coil_supported;surface_exposed;natural_indel_event_support;PLM_above_panel_mean;low_inserted_structure_RMSD;no_rigid_hexamer_tag_clash;detectability_plausible_or_testable	direct_homolog_insertion_unfavorable;functional_high_risk	direct_homolog_conflict__functional_HIGH_RISK__structure_supported;no_HRV_A89_specific_insertion_phenotype	secondary/rescue construct preserving alternative tag/site hypothesis	yes	yes
A89_2C_290_291_G196_minimal	290|291	G196_minimal	Tier_B_secondary_rescue	3	not_hard_excluded;loop_or_coil_supported;surface_exposed;natural_indel_event_support;no_rigid_hexamer_tag_clash;detectability_plausible_or_testable	direct_homolog_insertion_unfavorable;functional_high_risk	direct_homolog_conflict__functional_HIGH_RISK;no_HRV_A89_specific_insertion_phenotype	secondary/rescue construct preserving alternative tag/site hypothesis	yes	yes
A89_2C_224_225_MAP8	224|225	MAP8	Tier_B_secondary_rescue	4	not_hard_excluded;loop_or_coil_supported;natural_indel_event_support;no_rigid_hexamer_tag_clash;detectability_plausible_or_testable	direct_homolog_insertion_unfavorable	direct_homolog_conflict__functional_CORE_CAUTION__detectability_supported;no_HRV_A89_specific_insertion_phenotype	secondary/rescue construct preserving alternative tag/site hypothesis	yes	yes
A89_2C_224_225_G196_minimal	224|225	G196_minimal	Tier_B_secondary_rescue	5	not_hard_excluded;loop_or_coil_supported;natural_indel_event_support;no_rigid_hexamer_tag_clash;detectability_plausible_or_testable	direct_homolog_insertion_unfavorable	direct_homolog_conflict__functional_CORE_CAUTION;no_HRV_A89_specific_insertion_phenotype	secondary/rescue construct preserving alternative tag/site hypothesis	yes	yes
A89_2C_248_249_HA	248|249	HA	Tier_B_secondary_rescue	6	not_hard_excluded;surface_exposed;natural_indel_event_support;PLM_above_panel_mean;low_inserted_structure_RMSD	direct_homolog_insertion_unfavorable;rigid_hexamer_clash	direct_homolog_conflict__functional_CORE_CAUTION__structure_supported;no_HRV_A89_specific_insertion_phenotype	secondary/rescue construct preserving alternative tag/site hypothesis	yes	yes
A89_2C_287_288_G196_minimal	287|288	G196_minimal	Tier_B_secondary_rescue	7	not_hard_excluded;loop_or_coil_supported;natural_indel_event_support;PLM_above_panel_mean;no_rigid_hexamer_tag_clash;detectability_plausible_or_testable	direct_homolog_insertion_unfavorable;functional_high_risk	direct_homolog_conflict__functional_HIGH_RISK;no_HRV_A89_specific_insertion_phenotype	secondary/rescue construct preserving alternative tag/site hypothesis	yes	yes
A89_2C_203_204_G196_minimal	203|204	G196_minimal	Tier_B_secondary_rescue	8	not_hard_excluded;loop_or_coil_supported;natural_indel_event_support;detectability_plausible_or_testable	direct_homolog_insertion_unfavorable;functional_high_risk;RNA_holoenzyme_neighborhood	direct_homolog_conflict__functional_HIGH_RISK;no_HRV_A89_specific_insertion_phenotype	secondary/rescue construct preserving alternative tag/site hypothesis	yes	yes
A89_2C_256_257_MAP8	256|257	MAP8	Control	1	not_hard_excluded;natural_indel_event_support;PLM_above_panel_mean	direct_homolog_insertion_unfavorable;functional_high_risk;rigid_hexamer_clash	direct_homolog_conflict__functional_HIGH_RISK;no_HRV_A89_specific_insertion_phenotype	oligomer-disfavored or conflict-control construct	optional_for_control_calibration	yes
A89_2C_155_156_MAP8	155|156	MAP8	Control	2	loop_or_coil_supported;surface_exposed;natural_indel_event_support;PLM_above_panel_mean	hard_exclusion;direct_homolog_insertion_unfavorable;RNA_holoenzyme_neighborhood;rigid_hexamer_clash	direct_homolog_conflict;no_HRV_A89_specific_insertion_phenotype	hard negative biological/control site	optional_for_control_calibration	yes
