junction	left_resid	left_aa	right_resid	right_aa	primary_left_identity	primary_right_identity	primary_left_entropy	primary_right_entropy	primary_left_gap_frequency	primary_right_gap_frequency	primary_window_mean_entropy	primary_window_max_entropy	primary_window_mean_identity	primary_window_min_identity	primary_window_mean_gap_frequency	primary_window_max_gap_frequency	primary_natural_insertion_count	primary_natural_insertion_frequency	primary_natural_insertion_lengths	expanded_window_mean_entropy	expanded_window_max_entropy	expanded_window_mean_identity	expanded_window_min_identity	expanded_window_mean_gap_frequency	expanded_window_max_gap_frequency	expanded_natural_insertion_count	expanded_natural_insertion_frequency	expanded_natural_insertion_lengths	expanded_local_deletion_count	expanded_local_deletion_frequency	type_weighted_window_mean_entropy	type_weighted_window_max_entropy	type_weighted_window_mean_identity	type_weighted_window_min_identity	type_weighted_window_mean_gap_frequency	type_weighted_window_max_gap_frequency
1|2	1	S	2	D	0.000000	1.000000	0.000000	0.000000	0.333333	0.000000	0.000000	0.000000	0.428571	0.000000	0.047619	0.333333	0	0.000000	0	0.000000	0.000000	0.428571	0.000000	0.047619	0.333333	0	0.000000	0	1	0.333333	0.000000	0.000000	0.428571	0.000000	0.047619	0.333333
2|3	2	D	3	S	1.000000	0.000000	0.000000	0.000000	0.000000	0.000000	0.000000	0.000000	0.500000	0.000000	0.041667	0.333333	0	0.000000	0	0.000000	0.000000	0.500000	0.000000	0.041667	0.333333	0	0.000000	0	1	0.333333	0.000000	0.000000	0.500000	0.000000	0.041667	0.333333
3|4	3	S	4	W	0.000000	1.000000	0.000000	0.000000	0.000000	0.000000	0.000000	0.000000	0.444444	0.000000	0.037037	0.333333	0	0.000000	0	0.000000	0.000000	0.444444	0.000000	0.037037	0.333333	0	0.000000	0	1	0.333333	0.000000	0.000000	0.444444	0.000000	0.037037	0.333333
4|5	4	W	5	L	1.000000	0.000000	0.000000	0.000000	0.000000	0.000000	0.000000	0.000000	0.400000	0.000000	0.033333	0.333333	0	0.000000	0	0.000000	0.000000	0.400000	0.000000	0.033333	0.333333	0	0.000000	0	1	0.333333	0.000000	0.000000	0.400000	0.000000	0.033333	0.333333
5|6	5	L	6	K	0.000000	0.000000	0.000000	0.000000	0.000000	0.000000	0.000000	0.000000	0.454545	0.000000	0.030303	0.333333	0	0.000000	0	0.000000	0.000000	0.454545	0.000000	0.030303	0.333333	0	0.000000	0	1	0.333333	0.000000	0.000000	0.454545	0.000000	0.030303	0.333333
6|7	6	K	7	K	0.000000	1.000000	0.000000	0.000000	0.000000	0.000000	0.000000	0.000000	0.500000	0.000000	0.027778	0.333333	0	0.000000	0	0.000000	0.000000	0.500000	0.000000	0.027778	0.333333	0	0.000000	0	1	0.333333	0.000000	0.000000	0.500000	0.000000	0.027778	0.333333
7|8	7	K	8	F	1.000000	1.000000	0.000000	0.000000	0.000000	0.000000	0.000000	0.000000	0.583333	0.000000	0.000000	0.000000	0	0.000000	0	0.000000	0.000000	0.583333	0.000000	0.000000	0.000000	0	0.000000	0	0	0.000000	0.000000	0.000000	0.583333	0.000000	0.000000	0.000000
8|9	8	F	9	T	1.000000	0.000000	0.000000	0.000000	0.000000	0.000000	0.000000	0.000000	0.583333	0.000000	0.000000	0.000000	0	0.000000	0	0.000000	0.000000	0.583333	0.000000	0.000000	0.000000	0	0.000000	0	0	0.000000	0.000000	0.000000	0.583333	0.000000	0.000000	0.000000
9|10	9	T	10	E	0.000000	0.000000	0.000000	0.000000	0.000000	0.000000	0.000000	0.000000	0.666667	0.000000	0.000000	0.000000	0	0.000000	0	0.000000	0.000000	0.666667	0.000000	0.000000	0.000000	0	0.000000	0	0	0.000000	0.000000	0.000000	0.666667	0.000000	0.000000	0.000000
10|11	10	E	11	A	0.000000	1.000000	0.000000	0.000000	0.000000	0.000000	0.000000	0.000000	0.583333	0.000000	0.000000	0.000000	0	0.000000	0	0.000000	0.000000	0.583333	0.000000	0.000000	0.000000	0	0.000000	0	0	0.000000	0.000000	0.000000	0.583333	0.000000	0.000000	0.000000
11|12	11	A	12	C	1.000000	1.000000	0.000000	0.000000	0.000000	0.000000	0.000000	0.000000	0.666667	0.000000	0.000000	0.000000	0	0.000000	0	0.000000	0.000000	0.666667	0.000000	0.000000	0.000000	0	0.000000	0	0	0.000000	0.000000	0.000000	0.666667	0.000000	0.000000	0.000000
12|13	12	C	13	N	1.000000	1.000000	0.000000	0.000000	0.000000	0.000000	0.000000	0.000000	0.750000	0.000000	0.000000	0.000000	0	0.000000	0	0.000000	0.000000	0.750000	0.000000	0.000000	0.000000	0	0.000000	0	0	0.000000	0.000000	0.000000	0.750000	0.000000	0.000000	0.000000
13|14	13	N	14	A	1.000000	1.000000	0.000000	0.000000	0.000000	0.000000	0.000000	0.000000	0.750000	0.000000	0.000000	0.000000	0	0.000000	0	0.000000	0.000000	0.750000	0.000000	0.000000	0.000000	0	0.000000	0	0	0.000000	0.000000	0.000000	0.750000	0.000000	0.000000	0.000000
14|15	14	A	15	A	1.000000	1.000000	0.000000	0.000000	0.000000	0.000000	0.000000	0.000000	0.750000	0.000000	0.000000	0.000000	0	0.000000	0	0.000000	0.000000	0.750000	0.000000	0.000000	0.000000	0	0.000000	0	0	0.000000	0.000000	0.000000	0.750000	0.000000	0.000000	0.000000
15|16	15	A	16	R	1.000000	0.000000	0.000000	0.000000	0.000000	0.000000	0.000000	0.000000	0.833333	0.000000	0.000000	0.000000	0	0.000000	0	0.000000	0.000000	0.833333	0.000000	0.000000	0.000000	0	0.000000	0	0	0.000000	0.000000	0.000000	0.833333	0.000000	0.000000	0.000000
16|17	16	R	17	G	0.000000	1.000000	0.000000	0.000000	0.000000	0.000000	0.000000	0.000000	0.833333	0.000000	0.000000	0.000000	0	0.000000	0	0.000000	0.000000	0.833333	0.000000	0.000000	0.000000	0	0.000000	0	0	0.000000	0.000000	0.000000	0.833333	0.000000	0.000000	0.000000
17|18	17	G	18	L	1.000000	1.000000	0.000000	0.000000	0.000000	0.000000	0.000000	0.000000	0.750000	0.000000	0.000000	0.000000	0	0.000000	0	0.000000	0.000000	0.750000	0.000000	0.000000	0.000000	0	0.000000	0	0	0.000000	0.000000	0.000000	0.750000	0.000000	0.000000	0.000000
18|19	18	L	19	E	1.000000	1.000000	0.000000	0.000000	0.000000	0.000000	0.000000	0.000000	0.750000	0.000000	0.000000	0.000000	0	0.000000	0	0.000000	0.000000	0.750000	0.000000	0.000000	0.000000	0	0.000000	0	0	0.000000	0.000000	0.000000	0.750000	0.000000	0.000000	0.000000
19|20	19	E	20	W	1.000000	1.000000	0.000000	0.000000	0.000000	0.000000	0.000000	0.000000	0.750000	0.000000	0.000000	0.000000	0	0.000000	0	0.000000	0.000000	0.750000	0.000000	0.000000	0.000000	0	0.000000	0	0	0.000000	0.000000	0.000000	0.750000	0.000000	0.000000	0.000000
20|21	20	W	21	I	1.000000	1.000000	0.000000	0.000000	0.000000	0.000000	0.000000	0.000000	0.750000	0.000000	0.000000	0.000000	0	0.000000	0	0.000000	0.000000	0.750000	0.000000	0.000000	0.000000	0	0.000000	0	0	0.000000	0.000000	0.000000	0.750000	0.000000	0.000000	0.000000
21|22	21	I	22	G	1.000000	0.000000	0.000000	0.000000	0.000000	0.000000	0.000000	0.000000	0.750000	0.000000	0.000000	0.000000	0	0.000000	0	0.000000	0.000000	0.750000	0.000000	0.000000	0.000000	0	0.000000	0	0	0.000000	0.000000	0.000000	0.750000	0.000000	0.000000	0.000000
22|23	22	G	23	Q	0.000000	0.000000	0.000000	0.000000	0.000000	0.000000	0.000000	0.000000	0.750000	0.000000	0.000000	0.000000	0	0.000000	0	0.000000	0.000000	0.750000	0.000000	0.000000	0.000000	0	0.000000	0	0	0.000000	0.000000	0.000000	0.750000	0.000000	0.000000	0.000000
23|24	23	Q	24	K	0.000000	1.000000	0.000000	0.000000	0.000000	0.000000	0.000000	0.000000	0.750000	0.000000	0.000000	0.000000	0	0.000000	0	0.000000	0.000000	0.750000	0.000000	0.000000	0.000000	0	0.000000	0	0	0.000000	0.000000	0.000000	0.750000	0.000000	0.000000	0.000000
24|25	24	K	25	I	1.000000	1.000000	0.000000	0.000000	0.000000	0.000000	0.000000	0.000000	0.666667	0.000000	0.000000	0.000000	0	0.000000	0	0.000000	0.000000	0.666667	0.000000	0.000000	0.000000	0	0.000000	0	0	0.000000	0.000000	0.000000	0.666667	0.000000	0.000000	0.000000
25|26	25	I	26	S	1.000000	1.000000	0.000000	0.000000	0.000000	0.000000	0.000000	0.000000	0.666667	0.000000	0.000000	0.000000	0	0.000000	0	0.000000	0.000000	0.666667	0.000000	0.000000	0.000000	0	0.000000	0	0	0.000000	0.000000	0.000000	0.666667	0.000000	0.000000	0.000000
26|27	26	S	27	K	1.000000	1.000000	0.000000	0.000000	0.000000	0.000000	0.000000	0.000000	0.666667	0.000000	0.000000	0.000000	0	0.000000	0	0.000000	0.000000	0.666667	0.000000	0.000000	0.000000	0	0.000000	0	0	0.000000	0.000000	0.000000	0.666667	0.000000	0.000000	0.000000
27|28	27	K	28	F	1.000000	0.000000	0.000000	0.000000	0.000000	0.000000	0.000000	0.000000	0.666667	0.000000	0.000000	0.000000	0	0.000000	0	0.000000	0.000000	0.666667	0.000000	0.000000	0.000000	0	0.000000	0	0	0.000000	0.000000	0.000000	0.666667	0.000000	0.000000	0.000000
28|29	28	F	29	I	0.000000	1.000000	0.000000	0.000000	0.000000	0.000000	0.000000	0.000000	0.666667	0.000000	0.000000	0.000000	0	0.000000	0	0.000000	0.000000	0.666667	0.000000	0.000000	0.000000	0	0.000000	0	0	0.000000	0.000000	0.000000	0.666667	0.000000	0.000000	0.000000
29|30	29	I	30	D	1.000000	0.000000	0.000000	0.000000	0.000000	0.000000	0.000000	0.000000	0.666667	0.000000	0.000000	0.000000	0	0.000000	0	0.000000	0.000000	0.666667	0.000000	0.000000	0.000000	0	0.000000	0	0	0.000000	0.000000	0.000000	0.666667	0.000000	0.000000	0.000000
30|31	30	D	31	W	0.000000	1.000000	0.000000	0.000000	0.000000	0.000000	0.000000	0.000000	0.666667	0.000000	0.000000	0.000000	0	0.000000	0	0.000000	0.000000	0.666667	0.000000	0.000000	0.000000	0	0.000000	0	0	0.000000	0.000000	0.000000	0.666667	0.000000	0.000000	0.000000
31|32	31	W	32	I	1.000000	1.000000	0.000000	0.000000	0.000000	0.000000	0.000000	0.000000	0.666667	0.000000	0.000000	0.000000	0	0.000000	0	0.000000	0.000000	0.666667	0.000000	0.000000	0.000000	0	0.000000	0	0	0.000000	0.000000	0.000000	0.666667	0.000000	0.000000	0.000000
32|33	32	I	33	K	1.000000	1.000000	0.000000	0.000000	0.000000	0.000000	0.000000	0.000000	0.666667	0.000000	0.000000	0.000000	0	0.000000	0	0.000000	0.000000	0.666667	0.000000	0.000000	0.000000	0	0.000000	0	0	0.000000	0.000000	0.000000	0.666667	0.000000	0.000000	0.000000
33|34	33	K	34	S	1.000000	0.000000	0.000000	0.000000	0.000000	0.000000	0.000000	0.000000	0.666667	0.000000	0.000000	0.000000	3	1.000000	1:3	0.000000	0.000000	0.666667	0.000000	0.000000	0.000000	3	1.000000	1:3	0	0.000000	0.000000	0.000000	0.666667	0.000000	0.000000	0.000000
34|35	34	S	35	M	0.000000	0.000000	0.000000	0.000000	0.000000	0.000000	0.076525	0.918296	0.666667	0.000000	0.000000	0.000000	0	0.000000	0	0.076525	0.918296	0.666667	0.000000	0.000000	0.000000	0	0.000000	0	0	0.000000	0.076525	0.918296	0.666667	0.000000	0.000000	0.000000
35|36	35	M	36	L	0.000000	1.000000	0.000000	0.000000	0.000000	0.000000	0.076525	0.918296	0.583333	0.000000	0.000000	0.000000	0	0.000000	0	0.076525	0.918296	0.583333	0.000000	0.000000	0.000000	0	0.000000	0	0	0.000000	0.076525	0.918296	0.583333	0.000000	0.000000	0.000000
36|37	36	L	37	P	1.000000	1.000000	0.000000	0.000000	0.000000	0.000000	0.076525	0.918296	0.666667	0.000000	0.000000	0.000000	0	0.000000	0	0.076525	0.918296	0.666667	0.000000	0.000000	0.000000	0	0.000000	0	0	0.000000	0.076525	0.918296	0.666667	0.000000	0.000000	0.000000
37|38	37	P	38	Q	1.000000	1.000000	0.000000	0.000000	0.000000	0.000000	0.076525	0.918296	0.583333	0.000000	0.000000	0.000000	0	0.000000	0	0.076525	0.918296	0.583333	0.000000	0.000000	0.000000	0	0.000000	0	0	0.000000	0.076525	0.918296	0.583333	0.000000	0.000000	0.000000
38|39	38	Q	39	A	1.000000	1.000000	0.000000	0.000000	0.000000	0.000000	0.153049	0.918296	0.527778	0.000000	0.000000	0.000000	0	0.000000	0	0.153049	0.918296	0.527778	0.000000	0.000000	0.000000	0	0.000000	0	0	0.000000	0.153049	0.918296	0.527778	0.000000	0.000000	0.000000
39|40	39	A	40	Q	1.000000	0.000000	0.000000	0.918296	0.000000	0.000000	0.153049	0.918296	0.444444	0.000000	0.000000	0.000000	0	0.000000	0	0.153049	0.918296	0.444444	0.000000	0.000000	0.000000	0	0.000000	0	0	0.000000	0.153049	0.918296	0.444444	0.000000	0.000000	0.000000
40|41	40	Q	41	L	0.000000	0.000000	0.918296	0.000000	0.000000	0.000000	0.153049	0.918296	0.444444	0.000000	0.000000	0.000000	0	0.000000	0	0.153049	0.918296	0.444444	0.000000	0.000000	0.000000	0	0.000000	0	0	0.000000	0.153049	0.918296	0.444444	0.000000	0.000000	0.000000
41|42	41	L	42	K	0.000000	1.000000	0.000000	0.000000	0.000000	0.000000	0.153049	0.918296	0.444444	0.000000	0.000000	0.000000	0	0.000000	0	0.153049	0.918296	0.444444	0.000000	0.000000	0.000000	0	0.000000	0	0	0.000000	0.153049	0.918296	0.444444	0.000000	0.000000	0.000000
42|43	42	K	43	I	1.000000	0.000000	0.000000	0.000000	0.000000	0.000000	0.153049	0.918296	0.444444	0.000000	0.000000	0.000000	0	0.000000	0	0.153049	0.918296	0.444444	0.000000	0.000000	0.000000	0	0.000000	0	0	0.000000	0.153049	0.918296	0.444444	0.000000	0.000000	0.000000
43|44	43	I	44	D	0.000000	0.333333	0.000000	0.918296	0.000000	0.000000	0.153049	0.918296	0.444444	0.000000	0.000000	0.000000	0	0.000000	0	0.153049	0.918296	0.444444	0.000000	0.000000	0.000000	0	0.000000	0	0	0.000000	0.153049	0.918296	0.444444	0.000000	0.000000	0.000000
44|45	44	D	45	Y	0.333333	0.000000	0.918296	0.000000	0.000000	0.000000	0.153049	0.918296	0.444444	0.000000	0.000000	0.000000	0	0.000000	0	0.153049	0.918296	0.444444	0.000000	0.000000	0.000000	0	0.000000	0	0	0.000000	0.153049	0.918296	0.444444	0.000000	0.000000	0.000000
45|46	45	Y	46	L	0.000000	0.000000	0.000000	0.000000	0.000000	0.000000	0.153049	0.918296	0.444444	0.000000	0.000000	0.000000	0	0.000000	0	0.153049	0.918296	0.444444	0.000000	0.000000	0.000000	0	0.000000	0	0	0.000000	0.153049	0.918296	0.444444	0.000000	0.000000	0.000000
46|47	46	L	47	T	0.000000	0.000000	0.000000	0.000000	0.000000	0.000000	0.076525	0.918296	0.527778	0.000000	0.000000	0.000000	0	0.000000	0	0.076525	0.918296	0.527778	0.000000	0.000000	0.000000	0	0.000000	0	0	0.000000	0.076525	0.918296	0.527778	0.000000	0.000000	0.000000
47|48	47	T	48	K	0.000000	1.000000	0.000000	0.000000	0.000000	0.000000	0.076525	0.918296	0.527778	0.000000	0.000000	0.000000	0	0.000000	0	0.076525	0.918296	0.527778	0.000000	0.000000	0.000000	0	0.000000	0	0	0.000000	0.076525	0.918296	0.527778	0.000000	0.000000	0.000000
48|49	48	K	49	L	1.000000	1.000000	0.000000	0.000000	0.000000	0.000000	0.153049	0.918296	0.444444	0.000000	0.000000	0.000000	0	0.000000	0	0.153049	0.918296	0.444444	0.000000	0.000000	0.000000	0	0.000000	0	0	0.000000	0.153049	0.918296	0.444444	0.000000	0.000000	0.000000
49|50	49	L	50	K	1.000000	1.000000	0.000000	0.000000	0.000000	0.000000	0.153049	0.918296	0.527778	0.000000	0.000000	0.000000	0	0.000000	0	0.153049	0.918296	0.527778	0.000000	0.000000	0.000000	0	0.000000	0	0	0.000000	0.153049	0.918296	0.527778	0.000000	0.000000	0.000000
50|51	50	K	51	Q	1.000000	1.000000	0.000000	0.000000	0.000000	0.000000	0.076525	0.918296	0.583333	0.000000	0.000000	0.000000	0	0.000000	0	0.076525	0.918296	0.583333	0.000000	0.000000	0.000000	0	0.000000	0	0	0.000000	0.076525	0.918296	0.583333	0.000000	0.000000	0.000000
51|52	51	Q	52	L	1.000000	1.000000	0.000000	0.000000	0.000000	0.000000	0.076525	0.918296	0.583333	0.000000	0.000000	0.000000	0	0.000000	0	0.076525	0.918296	0.583333	0.000000	0.000000	0.000000	0	0.000000	0	0	0.000000	0.076525	0.918296	0.583333	0.000000	0.000000	0.000000
52|53	52	L	53	N	1.000000	0.000000	0.000000	0.000000	0.000000	0.000000	0.076525	0.918296	0.666667	0.000000	0.000000	0.000000	0	0.000000	0	0.076525	0.918296	0.666667	0.000000	0.000000	0.000000	0	0.000000	0	0	0.000000	0.076525	0.918296	0.666667	0.000000	0.000000	0.000000
53|54	53	N	54	L	0.000000	0.000000	0.000000	0.918296	0.000000	0.000000	0.076525	0.918296	0.750000	0.000000	0.000000	0.000000	0	0.000000	0	0.076525	0.918296	0.750000	0.000000	0.000000	0.000000	0	0.000000	0	0	0.000000	0.076525	0.918296	0.750000	0.000000	0.000000	0.000000
54|55	54	L	55	L	0.000000	1.000000	0.918296	0.000000	0.000000	0.000000	0.153049	0.918296	0.666667	0.000000	0.000000	0.000000	0	0.000000	0	0.153049	0.918296	0.666667	0.000000	0.000000	0.000000	0	0.000000	0	0	0.000000	0.153049	0.918296	0.666667	0.000000	0.000000	0.000000
55|56	55	L	56	E	1.000000	1.000000	0.000000	0.000000	0.000000	0.000000	0.229574	0.918296	0.638889	0.000000	0.000000	0.000000	0	0.000000	0	0.229574	0.918296	0.638889	0.000000	0.000000	0.000000	0	0.000000	0	0	0.000000	0.229574	0.918296	0.638889	0.000000	0.000000	0.000000
56|57	56	E	57	K	1.000000	0.000000	0.000000	0.000000	0.000000	0.000000	0.306099	0.918296	0.611111	0.000000	0.000000	0.000000	0	0.000000	0	0.306099	0.918296	0.611111	0.000000	0.000000	0.000000	0	0.000000	0	0	0.000000	0.306099	0.918296	0.611111	0.000000	0.000000	0.000000
57|58	57	K	58	Q	0.000000	1.000000	0.000000	0.000000	0.000000	0.000000	0.438179	1.584963	0.527778	0.000000	0.000000	0.000000	0	0.000000	0	0.438179	1.584963	0.527778	0.000000	0.000000	0.000000	0	0.000000	0	0	0.000000	0.438179	1.584963	0.527778	0.000000	0.000000	0.000000
58|59	58	Q	59	I	1.000000	1.000000	0.000000	0.000000	0.000000	0.000000	0.514704	1.584963	0.444445	0.000000	0.000000	0.000000	0	0.000000	0	0.514704	1.584963	0.444445	0.000000	0.000000	0.000000	0	0.000000	0	0	0.000000	0.514704	1.584963	0.444445	0.000000	0.000000	0.000000
59|60	59	I	60	E	1.000000	0.000000	0.000000	0.918296	0.000000	0.000000	0.591228	1.584963	0.444445	0.000000	0.000000	0.000000	0	0.000000	0	0.591228	1.584963	0.444445	0.000000	0.000000	0.000000	0	0.000000	0	0	0.000000	0.591228	1.584963	0.444445	0.000000	0.000000	0.000000
60|61	60	E	61	T	0.000000	0.666667	0.918296	0.918296	0.000000	0.000000	0.591228	1.584963	0.500000	0.000000	0.000000	0.000000	0	0.000000	0	0.591228	1.584963	0.500000	0.000000	0.000000	0.000000	0	0.000000	0	0	0.000000	0.591228	1.584963	0.500000	0.000000	0.000000	0.000000
61|62	61	T	62	I	0.666667	0.666667	0.918296	0.918296	0.000000	0.000000	0.591228	1.584963	0.416667	0.000000	0.000000	0.000000	2	0.666667	1:1;2:1	0.591228	1.584963	0.416667	0.000000	0.000000	0.000000	2	0.666667	1:1;2:1	0	0.000000	0.591228	1.584963	0.416667	0.000000	0.000000	0.000000
62|63	62	I	63	R	0.666667	0.000000	0.918296	1.584963	0.000000	0.000000	0.591228	1.584963	0.333333	0.000000	0.000000	0.000000	1	0.333333	1:1	0.591228	1.584963	0.333333	0.000000	0.000000	0.000000	1	0.333333	1:1	0	0.000000	0.591228	1.584963	0.333333	0.000000	0.000000	0.000000
63|64	63	R	64	L	0.000000	0.000000	1.584963	0.918296	0.000000	0.000000	0.591228	1.584963	0.333333	0.000000	0.000000	0.000000	0	0.000000	0	0.591228	1.584963	0.333333	0.000000	0.000000	0.000000	0	0.000000	0	0	0.000000	0.591228	1.584963	0.333333	0.000000	0.000000	0.000000
64|65	64	L	65	A	0.000000	0.000000	0.918296	0.918296	0.000000	0.000000	0.591228	1.584963	0.250000	0.000000	0.000000	0.000000	0	0.000000	0	0.591228	1.584963	0.250000	0.000000	0.000000	0.000000	0	0.000000	0	0	0.000000	0.591228	1.584963	0.250000	0.000000	0.000000	0.000000
65|66	65	A	66	P	0.000000	0.666667	0.918296	0.918296	0.000000	0.000000	0.591228	1.584963	0.250000	0.000000	0.000000	0.000000	0	0.000000	0	0.591228	1.584963	0.250000	0.000000	0.000000	0.000000	0	0.000000	0	0	0.000000	0.591228	1.584963	0.250000	0.000000	0.000000	0.000000
66|67	66	P	67	A	0.666667	0.000000	0.918296	0.000000	0.000000	0.000000	0.514704	1.584963	0.250000	0.000000	0.000000	0.000000	2	0.666667	1:2	0.514704	1.584963	0.250000	0.000000	0.000000	0.000000	2	0.666667	1:2	0	0.000000	0.514704	1.584963	0.250000	0.000000	0.000000	0.000000
67|68	67	A	68	S	0.000000	0.000000	0.000000	0.000000	0.000000	0.000000	0.438179	1.584963	0.194444	0.000000	0.000000	0.000000	0	0.000000	0	0.438179	1.584963	0.194444	0.000000	0.000000	0.000000	0	0.000000	0	0	0.000000	0.438179	1.584963	0.194444	0.000000	0.000000	0.000000
68|69	68	S	69	V	0.000000	0.000000	0.000000	0.000000	0.000000	0.000000	0.361654	1.584963	0.222222	0.000000	0.000000	0.000000	0	0.000000	0	0.361654	1.584963	0.222222	0.000000	0.000000	0.000000	0	0.000000	0	0	0.000000	0.361654	1.584963	0.222222	0.000000	0.000000	0.000000
69|70	69	V	70	Q	0.000000	0.000000	0.000000	0.000000	0.000000	0.000000	0.229574	0.918296	0.222222	0.000000	0.000000	0.000000	0	0.000000	0	0.229574	0.918296	0.222222	0.000000	0.000000	0.000000	0	0.000000	0	0	0.000000	0.229574	0.918296	0.222222	0.000000	0.000000	0.000000
70|71	70	Q	71	E	0.000000	1.000000	0.000000	0.000000	0.000000	0.000000	0.153049	0.918296	0.222222	0.000000	0.000000	0.000000	0	0.000000	0	0.153049	0.918296	0.222222	0.000000	0.000000	0.000000	0	0.000000	0	0	0.000000	0.153049	0.918296	0.222222	0.000000	0.000000	0.000000
71|72	71	E	72	K	1.000000	0.000000	0.000000	0.000000	0.000000	0.000000	0.076525	0.918296	0.222222	0.000000	0.000000	0.000000	0	0.000000	0	0.076525	0.918296	0.222222	0.000000	0.000000	0.000000	0	0.000000	0	0	0.000000	0.076525	0.918296	0.222222	0.000000	0.000000	0.000000
72|73	72	K	73	I	0.000000	0.000000	0.000000	0.000000	0.000000	0.000000	0.076525	0.918296	0.166667	0.000000	0.000000	0.000000	0	0.000000	0	0.076525	0.918296	0.166667	0.000000	0.000000	0.000000	0	0.000000	0	0	0.000000	0.076525	0.918296	0.166667	0.000000	0.000000	0.000000
73|74	73	I	74	F	0.000000	1.000000	0.000000	0.000000	0.000000	0.000000	0.076525	0.918296	0.166667	0.000000	0.000000	0.000000	0	0.000000	0	0.076525	0.918296	0.166667	0.000000	0.000000	0.000000	0	0.000000	0	0	0.000000	0.076525	0.918296	0.166667	0.000000	0.000000	0.000000
74|75	74	F	75	I	1.000000	0.000000	0.000000	0.000000	0.000000	0.000000	0.076525	0.918296	0.250000	0.000000	0.000000	0.000000	0	0.000000	0	0.076525	0.918296	0.250000	0.000000	0.000000	0.000000	0	0.000000	0	0	0.000000	0.076525	0.918296	0.250000	0.000000	0.000000	0.000000
75|76	75	I	76	E	0.000000	0.000000	0.000000	0.000000	0.000000	0.000000	0.076525	0.918296	0.250000	0.000000	0.000000	0.000000	0	0.000000	0	0.076525	0.918296	0.250000	0.000000	0.000000	0.000000	0	0.000000	0	0	0.000000	0.076525	0.918296	0.250000	0.000000	0.000000	0.000000
76|77	76	E	77	I	0.000000	0.000000	0.000000	0.000000	0.000000	0.000000	0.076525	0.918296	0.250000	0.000000	0.000000	0.000000	0	0.000000	0	0.076525	0.918296	0.250000	0.000000	0.000000	0.000000	0	0.000000	0	0	0.000000	0.076525	0.918296	0.250000	0.000000	0.000000	0.000000
77|78	77	I	78	N	0.000000	0.000000	0.000000	0.918296	0.000000	0.000000	0.076525	0.918296	0.166667	0.000000	0.000000	0.000000	0	0.000000	0	0.076525	0.918296	0.166667	0.000000	0.000000	0.000000	0	0.000000	0	0	0.000000	0.076525	0.918296	0.166667	0.000000	0.000000	0.000000
78|79	78	N	79	T	0.000000	0.000000	0.918296	0.000000	0.000000	0.000000	0.076525	0.918296	0.250000	0.000000	0.000000	0.000000	0	0.000000	0	0.076525	0.918296	0.250000	0.000000	0.000000	0.000000	0	0.000000	0	0	0.000000	0.076525	0.918296	0.250000	0.000000	0.000000	0.000000
79|80	79	T	80	L	0.000000	1.000000	0.000000	0.000000	0.000000	0.000000	0.076525	0.918296	0.250000	0.000000	0.000000	0.000000	0	0.000000	0	0.076525	0.918296	0.250000	0.000000	0.000000	0.000000	0	0.000000	0	0	0.000000	0.076525	0.918296	0.250000	0.000000	0.000000	0.000000
80|81	80	L	81	H	1.000000	0.000000	0.000000	0.000000	0.000000	0.000000	0.076525	0.918296	0.250000	0.000000	0.000000	0.000000	0	0.000000	0	0.076525	0.918296	0.250000	0.000000	0.000000	0.000000	0	0.000000	0	0	0.000000	0.076525	0.918296	0.250000	0.000000	0.000000	0.000000
81|82	81	H	82	D	0.000000	0.000000	0.000000	0.000000	0.000000	0.000000	0.076525	0.918296	0.333333	0.000000	0.000000	0.000000	0	0.000000	0	0.076525	0.918296	0.333333	0.000000	0.000000	0.000000	0	0.000000	0	0	0.000000	0.076525	0.918296	0.333333	0.000000	0.000000	0.000000
82|83	82	D	83	L	0.000000	0.000000	0.000000	0.000000	0.000000	0.000000	0.153049	0.918296	0.333333	0.000000	0.000000	0.000000	0	0.000000	0	0.153049	0.918296	0.333333	0.000000	0.000000	0.000000	0	0.000000	0	0	0.000000	0.153049	0.918296	0.333333	0.000000	0.000000	0.000000
83|84	83	L	84	S	0.000000	1.000000	0.000000	0.000000	0.000000	0.000000	0.153049	0.918296	0.416667	0.000000	0.000000	0.000000	0	0.000000	0	0.153049	0.918296	0.416667	0.000000	0.000000	0.000000	0	0.000000	0	0	0.000000	0.153049	0.918296	0.416667	0.000000	0.000000	0.000000
84|85	84	S	85	L	1.000000	0.000000	0.000000	0.000000	0.000000	0.000000	0.076525	0.918296	0.500000	0.000000	0.000000	0.000000	0	0.000000	0	0.076525	0.918296	0.500000	0.000000	0.000000	0.000000	0	0.000000	0	0	0.000000	0.076525	0.918296	0.500000	0.000000	0.000000	0.000000
85|86	85	L	86	K	0.000000	1.000000	0.000000	0.000000	0.000000	0.000000	0.076525	0.918296	0.583333	0.000000	0.000000	0.000000	0	0.000000	0	0.076525	0.918296	0.583333	0.000000	0.000000	0.000000	0	0.000000	0	0	0.000000	0.076525	0.918296	0.583333	0.000000	0.000000	0.000000
86|87	86	K	87	F	1.000000	1.000000	0.000000	0.000000	0.000000	0.000000	0.076525	0.918296	0.583333	0.000000	0.000000	0.000000	0	0.000000	0	0.076525	0.918296	0.583333	0.000000	0.000000	0.000000	0	0.000000	0	0	0.000000	0.076525	0.918296	0.583333	0.000000	0.000000	0.000000
87|88	87	F	88	L	1.000000	0.000000	0.000000	0.918296	0.000000	0.000000	0.208605	1.584963	0.611111	0.000000	0.000000	0.000000	0	0.000000	0	0.208605	1.584963	0.611111	0.000000	0.000000	0.000000	0	0.000000	0	0	0.000000	0.208605	1.584963	0.611111	0.000000	0.000000	0.000000
88|89	88	L	89	P	0.000000	1.000000	0.918296	0.000000	0.000000	0.000000	0.208605	1.584963	0.694444	0.000000	0.000000	0.000000	0	0.000000	0	0.208605	1.584963	0.694444	0.000000	0.000000	0.000000	0	0.000000	0	0	0.000000	0.208605	1.584963	0.694444	0.000000	0.000000	0.000000
89|90	89	P	90	L	1.000000	1.000000	0.000000	0.000000	0.000000	0.000000	0.285130	1.584963	0.750000	0.000000	0.000000	0.000000	0	0.000000	0	0.285130	1.584963	0.750000	0.000000	0.000000	0.000000	0	0.000000	0	0	0.000000	0.285130	1.584963	0.750000	0.000000	0.000000	0.000000
90|91	90	L	91	Y	1.000000	1.000000	0.000000	0.000000	0.000000	0.000000	0.285130	1.584963	0.666667	0.000000	0.000000	0.000000	0	0.000000	0	0.285130	1.584963	0.666667	0.000000	0.000000	0.000000	0	0.000000	0	0	0.000000	0.285130	1.584963	0.666667	0.000000	0.000000	0.000000
91|92	91	Y	92	A	1.000000	1.000000	0.000000	0.000000	0.000000	0.000000	0.285130	1.584963	0.750000	0.000000	0.000000	0.000000	0	0.000000	0	0.285130	1.584963	0.750000	0.000000	0.000000	0.000000	0	0.000000	0	0	0.000000	0.285130	1.584963	0.750000	0.000000	0.000000	0.000000
92|93	92	A	93	S	1.000000	0.333333	0.000000	1.584963	0.000000	0.000000	0.285130	1.584963	0.750000	0.000000	0.000000	0.000000	0	0.000000	0	0.285130	1.584963	0.750000	0.000000	0.000000	0.000000	0	0.000000	0	0	0.000000	0.285130	1.584963	0.750000	0.000000	0.000000	0.000000
93|94	93	S	94	E	0.333333	1.000000	1.584963	0.000000	0.000000	0.000000	0.285130	1.584963	0.666667	0.000000	0.000000	0.000000	0	0.000000	0	0.285130	1.584963	0.666667	0.000000	0.000000	0.000000	0	0.000000	0	0	0.000000	0.285130	1.584963	0.666667	0.000000	0.000000	0.000000
94|95	94	E	95	A	1.000000	0.666667	0.000000	0.918296	0.000000	0.000000	0.285130	1.584963	0.666667	0.000000	0.000000	0.000000	0	0.000000	0	0.285130	1.584963	0.666667	0.000000	0.000000	0.000000	0	0.000000	0	0	0.000000	0.285130	1.584963	0.666667	0.000000	0.000000	0.000000
95|96	95	A	96	R	0.666667	0.000000	0.918296	0.000000	0.000000	0.000000	0.285130	1.584963	0.666667	0.000000	0.000000	0.000000	0	0.000000	0	0.285130	1.584963	0.666667	0.000000	0.000000	0.000000	0	0.000000	0	0	0.000000	0.285130	1.584963	0.666667	0.000000	0.000000	0.000000
96|97	96	R	97	R	0.000000	1.000000	0.000000	0.000000	0.000000	0.000000	0.285130	1.584963	0.583333	0.000000	0.000000	0.000000	0	0.000000	0	0.285130	1.584963	0.583333	0.000000	0.000000	0.000000	0	0.000000	0	0	0.000000	0.285130	1.584963	0.583333	0.000000	0.000000	0.000000
97|98	97	R	98	I	1.000000	1.000000	0.000000	0.000000	0.000000	0.000000	0.285130	1.584963	0.500000	0.000000	0.000000	0.000000	0	0.000000	0	0.285130	1.584963	0.500000	0.000000	0.000000	0.000000	0	0.000000	0	0	0.000000	0.285130	1.584963	0.500000	0.000000	0.000000	0.000000
98|99	98	I	99	K	1.000000	0.000000	0.000000	0.000000	0.000000	0.000000	0.285130	1.584963	0.500000	0.000000	0.000000	0.000000	0	0.000000	0	0.285130	1.584963	0.500000	0.000000	0.000000	0.000000	0	0.000000	0	0	0.000000	0.285130	1.584963	0.500000	0.000000	0.000000	0.000000
99|100	99	K	100	N	0.000000	0.000000	0.000000	0.918296	0.000000	0.000000	0.229574	0.918296	0.472222	0.000000	0.000000	0.000000	0	0.000000	0	0.229574	0.918296	0.472222	0.000000	0.000000	0.000000	0	0.000000	0	0	0.000000	0.229574	0.918296	0.472222	0.000000	0.000000	0.000000
100|101	100	N	101	L	0.000000	1.000000	0.918296	0.000000	0.000000	0.000000	0.361654	1.584963	0.388889	0.000000	0.000000	0.000000	0	0.000000	0	0.361654	1.584963	0.388889	0.000000	0.000000	0.000000	0	0.000000	0	0	0.000000	0.361654	1.584963	0.388889	0.000000	0.000000	0.000000
101|102	101	L	102	Y	1.000000	0.000000	0.000000	0.000000	0.000000	0.000000	0.285130	1.584963	0.416667	0.000000	0.000000	0.000000	0	0.000000	0	0.285130	1.584963	0.416667	0.000000	0.000000	0.000000	0	0.000000	0	0	0.000000	0.285130	1.584963	0.416667	0.000000	0.000000	0.000000
102|103	102	Y	103	I	0.000000	0.000000	0.000000	0.000000	0.000000	0.000000	0.285130	1.584963	0.416667	0.000000	0.000000	0.000000	0	0.000000	0	0.285130	1.584963	0.416667	0.000000	0.000000	0.000000	0	0.000000	0	0	0.000000	0.285130	1.584963	0.416667	0.000000	0.000000	0.000000
103|104	103	I	104	K	0.000000	1.000000	0.000000	0.000000	0.000000	0.000000	0.285130	1.584963	0.333333	0.000000	0.000000	0.000000	0	0.000000	0	0.285130	1.584963	0.333333	0.000000	0.000000	0.000000	0	0.000000	0	0	0.000000	0.285130	1.584963	0.333333	0.000000	0.000000	0.000000
104|105	104	K	105	C	1.000000	0.000000	0.000000	0.918296	0.000000	0.000000	0.285130	1.584963	0.333333	0.000000	0.000000	0.000000	0	0.000000	0	0.285130	1.584963	0.333333	0.000000	0.000000	0.000000	0	0.000000	0	0	0.000000	0.285130	1.584963	0.333333	0.000000	0.000000	0.000000
105|106	105	C	106	S	0.000000	0.000000	0.918296	1.584963	0.000000	0.000000	0.361654	1.584963	0.333333	0.000000	0.000000	0.000000	0	0.000000	0	0.361654	1.584963	0.333333	0.000000	0.000000	0.000000	0	0.000000	0	0	0.000000	0.361654	1.584963	0.333333	0.000000	0.000000	0.000000
106|107	106	S	107	N	0.000000	1.000000	1.584963	0.000000	0.000000	0.000000	0.285130	1.584963	0.333333	0.000000	0.000000	0.000000	0	0.000000	0	0.285130	1.584963	0.333333	0.000000	0.000000	0.000000	0	0.000000	0	0	0.000000	0.285130	1.584963	0.333333	0.000000	0.000000	0.000000
107|108	107	N	108	V	1.000000	0.000000	0.000000	0.000000	0.000000	0.000000	0.285130	1.584963	0.250000	0.000000	0.000000	0.000000	3	1.000000	2:3	0.285130	1.584963	0.250000	0.000000	0.000000	0.000000	3	1.000000	2:3	0	0.000000	0.285130	1.584963	0.250000	0.000000	0.000000	0.000000
108|109	108	V	109	I	0.000000	0.000000	0.000000	0.000000	0.000000	0.000000	0.285130	1.584963	0.333333	0.000000	0.000000	0.000000	0	0.000000	0	0.285130	1.584963	0.333333	0.000000	0.000000	0.000000	0	0.000000	0	0	0.000000	0.285130	1.584963	0.333333	0.000000	0.000000	0.000000
109|110	109	I	110	K	0.000000	1.000000	0.000000	0.000000	0.000000	0.000000	0.361654	1.584963	0.333333	0.000000	0.000000	0.000000	0	0.000000	0	0.361654	1.584963	0.333333	0.000000	0.000000	0.000000	0	0.000000	0	0	0.000000	0.361654	1.584963	0.333333	0.000000	0.000000	0.000000
110|111	110	K	111	G	1.000000	0.000000	0.000000	0.918296	0.000000	0.000000	0.361654	1.584963	0.333333	0.000000	0.000000	0.000000	0	0.000000	0	0.361654	1.584963	0.333333	0.000000	0.000000	0.000000	0	0.000000	0	0	0.000000	0.361654	1.584963	0.333333	0.000000	0.000000	0.000000
111|112	111	G	112	G	0.000000	0.000000	0.918296	0.000000	0.000000	0.000000	0.285130	1.584963	0.416667	0.000000	0.000000	0.000000	0	0.000000	0	0.285130	1.584963	0.416667	0.000000	0.000000	0.000000	0	0.000000	0	0	0.000000	0.285130	1.584963	0.416667	0.000000	0.000000	0.000000
112|113	112	G	113	K	0.000000	0.000000	0.000000	0.000000	0.000000	0.000000	0.153049	0.918296	0.500000	0.000000	0.000000	0.000000	0	0.000000	0	0.153049	0.918296	0.500000	0.000000	0.000000	0.000000	0	0.000000	0	0	0.000000	0.153049	0.918296	0.500000	0.000000	0.000000	0.000000
113|114	113	K	114	R	0.000000	1.000000	0.000000	0.000000	0.000000	0.000000	0.153049	0.918296	0.416667	0.000000	0.000000	0.000000	0	0.000000	0	0.153049	0.918296	0.416667	0.000000	0.000000	0.000000	0	0.000000	0	0	0.000000	0.153049	0.918296	0.416667	0.000000	0.000000	0.000000
114|115	114	R	115	N	1.000000	0.000000	0.000000	0.918296	0.000000	0.000000	0.153049	0.918296	0.500000	0.000000	0.000000	0.000000	0	0.000000	0	0.153049	0.918296	0.500000	0.000000	0.000000	0.000000	0	0.000000	0	0	0.000000	0.153049	0.918296	0.500000	0.000000	0.000000	0.000000
115|116	115	N	116	E	0.000000	1.000000	0.918296	0.000000	0.000000	0.000000	0.153049	0.918296	0.583333	0.000000	0.000000	0.000000	0	0.000000	0	0.153049	0.918296	0.583333	0.000000	0.000000	0.000000	0	0.000000	0	0	0.000000	0.153049	0.918296	0.583333	0.000000	0.000000	0.000000
116|117	116	E	117	P	1.000000	1.000000	0.000000	0.000000	0.000000	0.000000	0.153049	0.918296	0.583333	0.000000	0.000000	0.000000	0	0.000000	0	0.153049	0.918296	0.583333	0.000000	0.000000	0.000000	0	0.000000	0	0	0.000000	0.153049	0.918296	0.583333	0.000000	0.000000	0.000000
117|118	117	P	118	V	1.000000	1.000000	0.000000	0.000000	0.000000	0.000000	0.076525	0.918296	0.666667	0.000000	0.000000	0.000000	0	0.000000	0	0.076525	0.918296	0.666667	0.000000	0.000000	0.000000	0	0.000000	0	0	0.000000	0.076525	0.918296	0.666667	0.000000	0.000000	0.000000
118|119	118	V	119	A	1.000000	0.000000	0.000000	0.000000	0.000000	0.000000	0.076525	0.918296	0.750000	0.000000	0.000000	0.000000	0	0.000000	0	0.076525	0.918296	0.750000	0.000000	0.000000	0.000000	0	0.000000	0	0	0.000000	0.076525	0.918296	0.750000	0.000000	0.000000	0.000000
119|120	119	A	120	V	0.000000	1.000000	0.000000	0.000000	0.000000	0.000000	0.076525	0.918296	0.750000	0.000000	0.000000	0.000000	0	0.000000	0	0.076525	0.918296	0.750000	0.000000	0.000000	0.000000	0	0.000000	0	0	0.000000	0.076525	0.918296	0.750000	0.000000	0.000000	0.000000
120|121	120	V	121	L	1.000000	1.000000	0.000000	0.000000	0.000000	0.000000	0.076525	0.918296	0.750000	0.000000	0.000000	0.000000	0	0.000000	0	0.076525	0.918296	0.750000	0.000000	0.000000	0.000000	0	0.000000	0	0	0.000000	0.076525	0.918296	0.750000	0.000000	0.000000	0.000000
121|122	121	L	122	I	1.000000	1.000000	0.000000	0.000000	0.000000	0.000000	0.000000	0.000000	0.833333	0.000000	0.000000	0.000000	0	0.000000	0	0.000000	0.000000	0.833333	0.000000	0.000000	0.000000	0	0.000000	0	0	0.000000	0.000000	0.000000	0.833333	0.000000	0.000000	0.000000
122|123	122	I	123	H	1.000000	1.000000	0.000000	0.000000	0.000000	0.000000	0.000000	0.000000	0.750000	0.000000	0.000000	0.000000	0	0.000000	0	0.000000	0.000000	0.750000	0.000000	0.000000	0.000000	0	0.000000	0	0	0.000000	0.000000	0.000000	0.750000	0.000000	0.000000	0.000000
123|124	123	H	124	G	1.000000	1.000000	0.000000	0.000000	0.000000	0.000000	0.000000	0.000000	0.750000	0.000000	0.000000	0.000000	0	0.000000	0	0.000000	0.000000	0.750000	0.000000	0.000000	0.000000	0	0.000000	0	0	0.000000	0.000000	0.000000	0.750000	0.000000	0.000000	0.000000
124|125	124	G	125	S	1.000000	0.000000	0.000000	0.000000	0.000000	0.000000	0.000000	0.000000	0.750000	0.000000	0.000000	0.000000	0	0.000000	0	0.000000	0.000000	0.750000	0.000000	0.000000	0.000000	0	0.000000	0	0	0.000000	0.000000	0.000000	0.750000	0.000000	0.000000	0.000000
125|126	125	S	126	P	0.000000	1.000000	0.000000	0.000000	0.000000	0.000000	0.000000	0.000000	0.833333	0.000000	0.000000	0.000000	0	0.000000	0	0.000000	0.000000	0.833333	0.000000	0.000000	0.000000	0	0.000000	0	0	0.000000	0.000000	0.000000	0.833333	0.000000	0.000000	0.000000
126|127	126	P	127	G	1.000000	1.000000	0.000000	0.000000	0.000000	0.000000	0.000000	0.000000	0.833333	0.000000	0.000000	0.000000	0	0.000000	0	0.000000	0.000000	0.833333	0.000000	0.000000	0.000000	0	0.000000	0	0	0.000000	0.000000	0.000000	0.833333	0.000000	0.000000	0.000000
127|128	127	G	128	T	1.000000	0.000000	0.000000	0.000000	0.000000	0.000000	0.000000	0.000000	0.750000	0.000000	0.000000	0.000000	0	0.000000	0	0.000000	0.000000	0.750000	0.000000	0.000000	0.000000	0	0.000000	0	0	0.000000	0.000000	0.000000	0.750000	0.000000	0.000000	0.000000
128|129	128	T	129	G	0.000000	1.000000	0.000000	0.000000	0.000000	0.000000	0.000000	0.000000	0.750000	0.000000	0.000000	0.000000	0	0.000000	0	0.000000	0.000000	0.750000	0.000000	0.000000	0.000000	0	0.000000	0	0	0.000000	0.000000	0.000000	0.750000	0.000000	0.000000	0.000000
129|130	129	G	130	K	1.000000	1.000000	0.000000	0.000000	0.000000	0.000000	0.000000	0.000000	0.750000	0.000000	0.000000	0.000000	0	0.000000	0	0.000000	0.000000	0.750000	0.000000	0.000000	0.000000	0	0.000000	0	0	0.000000	0.000000	0.000000	0.750000	0.000000	0.000000	0.000000
130|131	130	K	131	S	1.000000	1.000000	0.000000	0.000000	0.000000	0.000000	0.000000	0.000000	0.750000	0.000000	0.000000	0.000000	0	0.000000	0	0.000000	0.000000	0.750000	0.000000	0.000000	0.000000	0	0.000000	0	0	0.000000	0.000000	0.000000	0.750000	0.000000	0.000000	0.000000
131|132	131	S	132	L	1.000000	1.000000	0.000000	0.000000	0.000000	0.000000	0.000000	0.000000	0.750000	0.000000	0.000000	0.000000	0	0.000000	0	0.000000	0.000000	0.750000	0.000000	0.000000	0.000000	0	0.000000	0	0	0.000000	0.000000	0.000000	0.750000	0.000000	0.000000	0.000000
132|133	132	L	133	A	1.000000	0.000000	0.000000	0.000000	0.000000	0.000000	0.000000	0.000000	0.750000	0.000000	0.000000	0.000000	0	0.000000	0	0.000000	0.000000	0.750000	0.000000	0.000000	0.000000	0	0.000000	0	0	0.000000	0.000000	0.000000	0.750000	0.000000	0.000000	0.000000
133|134	133	A	134	T	0.000000	1.000000	0.000000	0.000000	0.000000	0.000000	0.076525	0.918296	0.666667	0.000000	0.000000	0.000000	0	0.000000	0	0.076525	0.918296	0.666667	0.000000	0.000000	0.000000	0	0.000000	0	0	0.000000	0.076525	0.918296	0.666667	0.000000	0.000000	0.000000
134|135	134	T	135	S	1.000000	1.000000	0.000000	0.000000	0.000000	0.000000	0.076525	0.918296	0.666667	0.000000	0.000000	0.000000	0	0.000000	0	0.076525	0.918296	0.666667	0.000000	0.000000	0.000000	0	0.000000	0	0	0.000000	0.076525	0.918296	0.666667	0.000000	0.000000	0.000000
135|136	135	S	136	V	1.000000	1.000000	0.000000	0.000000	0.000000	0.000000	0.076525	0.918296	0.583333	0.000000	0.000000	0.000000	3	1.000000	1:3	0.076525	0.918296	0.583333	0.000000	0.000000	0.000000	3	1.000000	1:3	0	0.000000	0.076525	0.918296	0.583333	0.000000	0.000000	0.000000
136|137	136	V	137	L	1.000000	0.000000	0.000000	0.000000	0.000000	0.000000	0.076525	0.918296	0.500000	0.000000	0.000000	0.000000	3	1.000000	1:3	0.076525	0.918296	0.500000	0.000000	0.000000	0.000000	3	1.000000	1:3	0	0.000000	0.076525	0.918296	0.500000	0.000000	0.000000	0.000000
137|138	137	L	138	A	0.000000	1.000000	0.000000	0.000000	0.000000	0.000000	0.153049	0.918296	0.416667	0.000000	0.000000	0.000000	0	0.000000	0	0.153049	0.918296	0.416667	0.000000	0.000000	0.000000	0	0.000000	0	0	0.000000	0.153049	0.918296	0.416667	0.000000	0.000000	0.000000
138|139	138	A	139	R	1.000000	0.000000	0.000000	0.918296	0.000000	0.000000	0.153049	0.918296	0.333333	0.000000	0.000000	0.000000	0	0.000000	0	0.153049	0.918296	0.333333	0.000000	0.000000	0.000000	0	0.000000	0	0	0.000000	0.153049	0.918296	0.333333	0.000000	0.000000	0.000000
139|140	139	R	140	M	0.000000	0.000000	0.918296	0.000000	0.000000	0.000000	0.153049	0.918296	0.333333	0.000000	0.000000	0.000000	0	0.000000	0	0.153049	0.918296	0.333333	0.000000	0.000000	0.000000	0	0.000000	0	0	0.000000	0.153049	0.918296	0.333333	0.000000	0.000000	0.000000
140|141	140	M	141	L	0.000000	0.000000	0.000000	0.000000	0.000000	0.000000	0.229574	0.918296	0.250000	0.000000	0.000000	0.000000	0	0.000000	0	0.229574	0.918296	0.250000	0.000000	0.000000	0.000000	0	0.000000	0	0	0.000000	0.229574	0.918296	0.250000	0.000000	0.000000	0.000000
141|142	141	L	142	T	0.000000	0.000000	0.000000	0.000000	0.000000	0.000000	0.229574	0.918296	0.166667	0.000000	0.000000	0.000000	0	0.000000	0	0.229574	0.918296	0.166667	0.000000	0.000000	0.000000	0	0.000000	0	0	0.000000	0.229574	0.918296	0.166667	0.000000	0.000000	0.000000
142|143	142	T	143	V	0.000000	0.000000	0.000000	0.918296	0.000000	0.000000	0.229574	0.918296	0.166667	0.000000	0.000000	0.000000	0	0.000000	0	0.229574	0.918296	0.166667	0.000000	0.000000	0.000000	0	0.000000	0	0	0.000000	0.229574	0.918296	0.166667	0.000000	0.000000	0.000000
143|144	143	V	144	E	0.000000	0.000000	0.918296	0.000000	0.000000	0.000000	0.229574	0.918296	0.250000	0.000000	0.000000	0.000000	0	0.000000	0	0.229574	0.918296	0.250000	0.000000	0.000000	0.000000	0	0.000000	0	0	0.000000	0.229574	0.918296	0.250000	0.000000	0.000000	0.000000
144|145	144	E	145	T	0.000000	0.000000	0.000000	0.000000	0.000000	0.000000	0.229574	0.918296	0.250000	0.000000	0.000000	0.000000	0	0.000000	0	0.229574	0.918296	0.250000	0.000000	0.000000	0.000000	0	0.000000	0	0	0.000000	0.229574	0.918296	0.250000	0.000000	0.000000	0.000000
145|146	145	T	146	D	0.000000	0.000000	0.000000	0.918296	0.000000	0.000000	0.153049	0.918296	0.333333	0.000000	0.000000	0.000000	0	0.000000	0	0.153049	0.918296	0.333333	0.000000	0.000000	0.000000	0	0.000000	0	0	0.000000	0.153049	0.918296	0.333333	0.000000	0.000000	0.000000
146|147	146	D	147	I	0.000000	0.000000	0.918296	0.000000	0.000000	0.000000	0.153049	0.918296	0.416667	0.000000	0.000000	0.000000	0	0.000000	0	0.153049	0.918296	0.416667	0.000000	0.000000	0.000000	0	0.000000	0	0	0.000000	0.153049	0.918296	0.416667	0.000000	0.000000	0.000000
147|148	147	I	148	Y	0.000000	1.000000	0.000000	0.000000	0.000000	0.000000	0.153049	0.918296	0.500000	0.000000	0.000000	0.000000	0	0.000000	0	0.153049	0.918296	0.500000	0.000000	0.000000	0.000000	0	0.000000	0	0	0.000000	0.153049	0.918296	0.500000	0.000000	0.000000	0.000000
148|149	148	Y	149	S	1.000000	1.000000	0.000000	0.000000	0.000000	0.000000	0.153049	0.918296	0.583333	0.000000	0.000000	0.000000	0	0.000000	0	0.153049	0.918296	0.583333	0.000000	0.000000	0.000000	0	0.000000	0	0	0.000000	0.153049	0.918296	0.583333	0.000000	0.000000	0.000000
149|150	149	S	150	L	1.000000	1.000000	0.000000	0.000000	0.000000	0.000000	0.076525	0.918296	0.666667	0.000000	0.000000	0.000000	0	0.000000	0	0.076525	0.918296	0.666667	0.000000	0.000000	0.000000	0	0.000000	0	0	0.000000	0.076525	0.918296	0.666667	0.000000	0.000000	0.000000
150|151	150	L	151	P	1.000000	1.000000	0.000000	0.000000	0.000000	0.000000	0.076525	0.918296	0.666667	0.000000	0.000000	0.000000	0	0.000000	0	0.076525	0.918296	0.666667	0.000000	0.000000	0.000000	0	0.000000	0	0	0.000000	0.076525	0.918296	0.666667	0.000000	0.000000	0.000000
151|152	151	P	152	P	1.000000	1.000000	0.000000	0.000000	0.000000	0.000000	0.076525	0.918296	0.750000	0.000000	0.000000	0.000000	0	0.000000	0	0.076525	0.918296	0.750000	0.000000	0.000000	0.000000	0	0.000000	0	0	0.000000	0.076525	0.918296	0.750000	0.000000	0.000000	0.000000
152|153	152	P	153	D	1.000000	1.000000	0.000000	0.000000	0.000000	0.000000	0.000000	0.000000	0.833333	0.000000	0.000000	0.000000	0	0.000000	0	0.000000	0.000000	0.833333	0.000000	0.000000	0.000000	0	0.000000	0	0	0.000000	0.000000	0.000000	0.833333	0.000000	0.000000	0.000000
153|154	153	D	154	P	1.000000	1.000000	0.000000	0.000000	0.000000	0.000000	0.000000	0.000000	0.916667	0.000000	0.000000	0.000000	0	0.000000	0	0.000000	0.000000	0.916667	0.000000	0.000000	0.000000	0	0.000000	0	0	0.000000	0.000000	0.000000	0.916667	0.000000	0.000000	0.000000
154|155	154	P	155	K	1.000000	1.000000	0.000000	0.000000	0.000000	0.000000	0.000000	0.000000	0.916667	0.000000	0.000000	0.000000	0	0.000000	0	0.000000	0.000000	0.916667	0.000000	0.000000	0.000000	0	0.000000	0	0	0.000000	0.000000	0.000000	0.916667	0.000000	0.000000	0.000000
155|156	155	K	156	Y	1.000000	0.000000	0.000000	0.000000	0.000000	0.000000	0.000000	0.000000	0.833333	0.000000	0.000000	0.000000	0	0.000000	0	0.000000	0.000000	0.833333	0.000000	0.000000	0.000000	0	0.000000	0	0	0.000000	0.000000	0.000000	0.833333	0.000000	0.000000	0.000000
156|157	156	Y	157	F	0.000000	1.000000	0.000000	0.000000	0.000000	0.000000	0.000000	0.000000	0.833333	0.000000	0.000000	0.000000	0	0.000000	0	0.000000	0.000000	0.833333	0.000000	0.000000	0.000000	0	0.000000	0	0	0.000000	0.000000	0.000000	0.833333	0.000000	0.000000	0.000000
157|158	157	F	158	D	1.000000	1.000000	0.000000	0.000000	0.000000	0.000000	0.000000	0.000000	0.833333	0.000000	0.000000	0.000000	0	0.000000	0	0.000000	0.000000	0.833333	0.000000	0.000000	0.000000	0	0.000000	0	0	0.000000	0.000000	0.000000	0.833333	0.000000	0.000000	0.000000
158|159	158	D	159	G	1.000000	1.000000	0.000000	0.000000	0.000000	0.000000	0.000000	0.000000	0.750000	0.000000	0.000000	0.000000	0	0.000000	0	0.000000	0.000000	0.750000	0.000000	0.000000	0.000000	0	0.000000	0	0	0.000000	0.000000	0.000000	0.750000	0.000000	0.000000	0.000000
159|160	159	G	160	Y	1.000000	1.000000	0.000000	0.000000	0.000000	0.000000	0.000000	0.000000	0.750000	0.000000	0.000000	0.000000	0	0.000000	0	0.000000	0.000000	0.750000	0.000000	0.000000	0.000000	0	0.000000	0	0	0.000000	0.000000	0.000000	0.750000	0.000000	0.000000	0.000000
160|161	160	Y	161	D	1.000000	0.000000	0.000000	0.000000	0.000000	0.000000	0.000000	0.000000	0.750000	0.000000	0.000000	0.000000	0	0.000000	0	0.000000	0.000000	0.750000	0.000000	0.000000	0.000000	0	0.000000	0	0	0.000000	0.000000	0.000000	0.750000	0.000000	0.000000	0.000000
161|162	161	D	162	Q	0.000000	1.000000	0.000000	0.000000	0.000000	0.000000	0.000000	0.000000	0.750000	0.000000	0.000000	0.000000	0	0.000000	0	0.000000	0.000000	0.750000	0.000000	0.000000	0.000000	0	0.000000	0	0	0.000000	0.000000	0.000000	0.750000	0.000000	0.000000	0.000000
162|163	162	Q	163	Q	1.000000	1.000000	0.000000	0.000000	0.000000	0.000000	0.000000	0.000000	0.833333	0.000000	0.000000	0.000000	0	0.000000	0	0.000000	0.000000	0.833333	0.000000	0.000000	0.000000	0	0.000000	0	0	0.000000	0.000000	0.000000	0.833333	0.000000	0.000000	0.000000
163|164	163	Q	164	S	1.000000	0.000000	0.000000	0.000000	0.000000	0.000000	0.000000	0.000000	0.833333	0.000000	0.000000	0.000000	0	0.000000	0	0.000000	0.000000	0.833333	0.000000	0.000000	0.000000	0	0.000000	0	0	0.000000	0.000000	0.000000	0.833333	0.000000	0.000000	0.000000
164|165	164	S	165	V	0.000000	1.000000	0.000000	0.000000	0.000000	0.000000	0.000000	0.000000	0.833333	0.000000	0.000000	0.000000	0	0.000000	0	0.000000	0.000000	0.833333	0.000000	0.000000	0.000000	0	0.000000	0	0	0.000000	0.000000	0.000000	0.833333	0.000000	0.000000	0.000000
165|166	165	V	166	V	1.000000	1.000000	0.000000	0.000000	0.000000	0.000000	0.000000	0.000000	0.750000	0.000000	0.000000	0.000000	0	0.000000	0	0.000000	0.000000	0.750000	0.000000	0.000000	0.000000	0	0.000000	0	0	0.000000	0.000000	0.000000	0.750000	0.000000	0.000000	0.000000
166|167	166	V	167	I	1.000000	1.000000	0.000000	0.000000	0.000000	0.000000	0.000000	0.000000	0.666667	0.000000	0.000000	0.000000	0	0.000000	0	0.000000	0.000000	0.666667	0.000000	0.000000	0.000000	0	0.000000	0	0	0.000000	0.000000	0.000000	0.666667	0.000000	0.000000	0.000000
167|168	167	I	168	M	1.000000	1.000000	0.000000	0.000000	0.000000	0.000000	0.000000	0.000000	0.750000	0.000000	0.000000	0.000000	0	0.000000	0	0.000000	0.000000	0.750000	0.000000	0.000000	0.000000	0	0.000000	0	0	0.000000	0.000000	0.000000	0.750000	0.000000	0.000000	0.000000
168|169	168	M	169	D	1.000000	1.000000	0.000000	0.000000	0.000000	0.000000	0.000000	0.000000	0.750000	0.000000	0.000000	0.000000	0	0.000000	0	0.000000	0.000000	0.750000	0.000000	0.000000	0.000000	0	0.000000	0	0	0.000000	0.000000	0.000000	0.750000	0.000000	0.000000	0.000000
169|170	169	D	170	D	1.000000	1.000000	0.000000	0.000000	0.000000	0.000000	0.000000	0.000000	0.750000	0.000000	0.000000	0.000000	0	0.000000	0	0.000000	0.000000	0.750000	0.000000	0.000000	0.000000	0	0.000000	0	0	0.000000	0.000000	0.000000	0.750000	0.000000	0.000000	0.000000
170|171	170	D	171	I	1.000000	0.000000	0.000000	0.000000	0.000000	0.000000	0.000000	0.000000	0.750000	0.000000	0.000000	0.000000	0	0.000000	0	0.000000	0.000000	0.750000	0.000000	0.000000	0.000000	0	0.000000	0	0	0.000000	0.000000	0.000000	0.750000	0.000000	0.000000	0.000000
171|172	171	I	172	M	0.000000	0.000000	0.000000	0.000000	0.000000	0.000000	0.000000	0.000000	0.750000	0.000000	0.000000	0.000000	0	0.000000	0	0.000000	0.000000	0.750000	0.000000	0.000000	0.000000	0	0.000000	0	0	0.000000	0.000000	0.000000	0.750000	0.000000	0.000000	0.000000
172|173	172	M	173	Q	0.000000	1.000000	0.000000	0.000000	0.000000	0.000000	0.000000	0.000000	0.666667	0.000000	0.000000	0.000000	0	0.000000	0	0.000000	0.000000	0.666667	0.000000	0.000000	0.000000	0	0.000000	0	0	0.000000	0.000000	0.000000	0.666667	0.000000	0.000000	0.000000
173|174	173	Q	174	N	1.000000	1.000000	0.000000	0.000000	0.000000	0.000000	0.000000	0.000000	0.666667	0.000000	0.000000	0.000000	0	0.000000	0	0.000000	0.000000	0.666667	0.000000	0.000000	0.000000	0	0.000000	0	0	0.000000	0.000000	0.000000	0.666667	0.000000	0.000000	0.000000
174|175	174	N	175	P	1.000000	1.000000	0.000000	0.000000	0.000000	0.000000	0.000000	0.000000	0.583333	0.000000	0.000000	0.000000	0	0.000000	0	0.000000	0.000000	0.583333	0.000000	0.000000	0.000000	0	0.000000	0	0	0.000000	0.000000	0.000000	0.583333	0.000000	0.000000	0.000000
175|176	175	P	176	S	1.000000	0.000000	0.000000	0.000000	0.000000	0.000000	0.000000	0.000000	0.500000	0.000000	0.000000	0.000000	0	0.000000	0	0.000000	0.000000	0.500000	0.000000	0.000000	0.000000	0	0.000000	0	0	0.000000	0.000000	0.000000	0.500000	0.000000	0.000000	0.000000
176|177	176	S	177	G	0.000000	1.000000	0.000000	0.000000	0.000000	0.000000	0.000000	0.000000	0.416667	0.000000	0.000000	0.000000	0	0.000000	0	0.000000	0.000000	0.416667	0.000000	0.000000	0.000000	0	0.000000	0	0	0.000000	0.000000	0.000000	0.416667	0.000000	0.000000	0.000000
177|178	177	G	178	E	1.000000	0.000000	0.000000	0.000000	0.000000	0.000000	0.000000	0.000000	0.500000	0.000000	0.000000	0.000000	0	0.000000	0	0.000000	0.000000	0.500000	0.000000	0.000000	0.000000	0	0.000000	0	0	0.000000	0.000000	0.000000	0.500000	0.000000	0.000000	0.000000
178|179	178	E	179	D	0.000000	1.000000	0.000000	0.000000	0.000000	0.000000	0.000000	0.000000	0.583333	0.000000	0.000000	0.000000	0	0.000000	0	0.000000	0.000000	0.583333	0.000000	0.000000	0.000000	0	0.000000	0	0	0.000000	0.000000	0.000000	0.583333	0.000000	0.000000	0.000000
179|180	179	D	180	M	1.000000	0.000000	0.000000	0.000000	0.000000	0.000000	0.000000	0.000000	0.583333	0.000000	0.000000	0.000000	0	0.000000	0	0.000000	0.000000	0.583333	0.000000	0.000000	0.000000	0	0.000000	0	0	0.000000	0.000000	0.000000	0.583333	0.000000	0.000000	0.000000
180|181	180	M	181	T	0.000000	0.000000	0.000000	0.000000	0.000000	0.000000	0.000000	0.000000	0.583333	0.000000	0.000000	0.000000	0	0.000000	0	0.000000	0.000000	0.583333	0.000000	0.000000	0.000000	0	0.000000	0	0	0.000000	0.000000	0.000000	0.583333	0.000000	0.000000	0.000000
181|182	181	T	182	L	0.000000	0.000000	0.000000	0.000000	0.000000	0.000000	0.000000	0.000000	0.583333	0.000000	0.000000	0.000000	0	0.000000	0	0.000000	0.000000	0.583333	0.000000	0.000000	0.000000	0	0.000000	0	0	0.000000	0.000000	0.000000	0.583333	0.000000	0.000000	0.000000
182|183	182	L	183	F	0.000000	1.000000	0.000000	0.000000	0.000000	0.000000	0.000000	0.000000	0.666667	0.000000	0.000000	0.000000	0	0.000000	0	0.000000	0.000000	0.666667	0.000000	0.000000	0.000000	0	0.000000	0	0	0.000000	0.000000	0.000000	0.666667	0.000000	0.000000	0.000000
183|184	183	F	184	C	1.000000	1.000000	0.000000	0.000000	0.000000	0.000000	0.000000	0.000000	0.666667	0.000000	0.000000	0.000000	0	0.000000	0	0.000000	0.000000	0.666667	0.000000	0.000000	0.000000	0	0.000000	0	0	0.000000	0.000000	0.000000	0.666667	0.000000	0.000000	0.000000
184|185	184	C	185	Q	1.000000	1.000000	0.000000	0.000000	0.000000	0.000000	0.000000	0.000000	0.750000	0.000000	0.000000	0.000000	0	0.000000	0	0.000000	0.000000	0.750000	0.000000	0.000000	0.000000	0	0.000000	0	0	0.000000	0.000000	0.000000	0.750000	0.000000	0.000000	0.000000
185|186	185	Q	186	M	1.000000	1.000000	0.000000	0.000000	0.000000	0.000000	0.000000	0.000000	0.666667	0.000000	0.000000	0.000000	0	0.000000	0	0.000000	0.000000	0.666667	0.000000	0.000000	0.000000	0	0.000000	0	0	0.000000	0.000000	0.000000	0.666667	0.000000	0.000000	0.000000
186|187	186	M	187	V	1.000000	1.000000	0.000000	0.000000	0.000000	0.000000	0.000000	0.000000	0.750000	0.000000	0.000000	0.000000	0	0.000000	0	0.000000	0.000000	0.750000	0.000000	0.000000	0.000000	0	0.000000	0	0	0.000000	0.000000	0.000000	0.750000	0.000000	0.000000	0.000000
187|188	187	V	188	S	1.000000	1.000000	0.000000	0.000000	0.000000	0.000000	0.076525	0.918296	0.777778	0.000000	0.000000	0.000000	0	0.000000	0	0.076525	0.918296	0.777778	0.000000	0.000000	0.000000	0	0.000000	0	0	0.000000	0.076525	0.918296	0.777778	0.000000	0.000000	0.000000
188|189	188	S	189	S	1.000000	1.000000	0.000000	0.000000	0.000000	0.000000	0.076525	0.918296	0.861111	0.000000	0.000000	0.000000	0	0.000000	0	0.076525	0.918296	0.861111	0.000000	0.000000	0.000000	0	0.000000	0	0	0.000000	0.076525	0.918296	0.861111	0.000000	0.000000	0.000000
189|190	189	S	190	V	1.000000	1.000000	0.000000	0.000000	0.000000	0.000000	0.076525	0.918296	0.861111	0.000000	0.000000	0.000000	0	0.000000	0	0.076525	0.918296	0.861111	0.000000	0.000000	0.000000	0	0.000000	0	0	0.000000	0.076525	0.918296	0.861111	0.000000	0.000000	0.000000
190|191	190	V	191	P	1.000000	0.000000	0.000000	0.000000	0.000000	0.000000	0.076525	0.918296	0.861111	0.000000	0.000000	0.000000	0	0.000000	0	0.076525	0.918296	0.861111	0.000000	0.000000	0.000000	0	0.000000	0	0	0.000000	0.076525	0.918296	0.861111	0.000000	0.000000	0.000000
191|192	191	P	192	F	0.000000	1.000000	0.000000	0.000000	0.000000	0.000000	0.076525	0.918296	0.861111	0.000000	0.000000	0.000000	0	0.000000	0	0.076525	0.918296	0.861111	0.000000	0.000000	0.000000	0	0.000000	0	0	0.000000	0.076525	0.918296	0.861111	0.000000	0.000000	0.000000
192|193	192	F	193	I	1.000000	0.333333	0.000000	0.918296	0.000000	0.000000	0.076525	0.918296	0.777778	0.000000	0.000000	0.000000	0	0.000000	0	0.076525	0.918296	0.777778	0.000000	0.000000	0.000000	0	0.000000	0	0	0.000000	0.076525	0.918296	0.777778	0.000000	0.000000	0.000000
193|194	193	I	194	P	0.333333	1.000000	0.918296	0.000000	0.000000	0.000000	0.076525	0.918296	0.777778	0.000000	0.000000	0.000000	0	0.000000	0	0.076525	0.918296	0.777778	0.000000	0.000000	0.000000	0	0.000000	0	0	0.000000	0.076525	0.918296	0.777778	0.000000	0.000000	0.000000
194|195	194	P	195	P	1.000000	1.000000	0.000000	0.000000	0.000000	0.000000	0.076525	0.918296	0.694444	0.000000	0.000000	0.000000	0	0.000000	0	0.076525	0.918296	0.694444	0.000000	0.000000	0.000000	0	0.000000	0	0	0.000000	0.076525	0.918296	0.694444	0.000000	0.000000	0.000000
195|196	195	P	196	M	1.000000	1.000000	0.000000	0.000000	0.000000	0.000000	0.076525	0.918296	0.611111	0.000000	0.000000	0.000000	0	0.000000	0	0.076525	0.918296	0.611111	0.000000	0.000000	0.000000	0	0.000000	0	0	0.000000	0.076525	0.918296	0.611111	0.000000	0.000000	0.000000
196|197	196	M	197	A	1.000000	1.000000	0.000000	0.000000	0.000000	0.000000	0.076525	0.918296	0.611111	0.000000	0.000000	0.000000	0	0.000000	0	0.076525	0.918296	0.611111	0.000000	0.000000	0.000000	0	0.000000	0	0	0.000000	0.076525	0.918296	0.611111	0.000000	0.000000	0.000000
197|198	197	A	198	D	1.000000	0.000000	0.000000	0.000000	0.000000	0.000000	0.076525	0.918296	0.694444	0.000000	0.000000	0.000000	0	0.000000	0	0.076525	0.918296	0.694444	0.000000	0.000000	0.000000	0	0.000000	0	0	0.000000	0.076525	0.918296	0.694444	0.000000	0.000000	0.000000
198|199	198	D	199	L	0.000000	1.000000	0.000000	0.000000	0.000000	0.000000	0.076525	0.918296	0.611111	0.000000	0.000000	0.000000	0	0.000000	0	0.076525	0.918296	0.611111	0.000000	0.000000	0.000000	0	0.000000	0	0	0.000000	0.076525	0.918296	0.611111	0.000000	0.000000	0.000000
199|200	199	L	200	P	1.000000	0.000000	0.000000	0.000000	0.000000	0.000000	0.000000	0.000000	0.583333	0.000000	0.000000	0.000000	0	0.000000	0	0.000000	0.000000	0.583333	0.000000	0.000000	0.000000	0	0.000000	0	0	0.000000	0.000000	0.000000	0.583333	0.000000	0.000000	0.000000
200|201	200	P	201	D	0.000000	0.000000	0.000000	0.000000	0.000000	0.000000	0.000000	0.000000	0.583333	0.000000	0.000000	0.000000	0	0.000000	0	0.000000	0.000000	0.583333	0.000000	0.000000	0.000000	0	0.000000	0	0	0.000000	0.000000	0.000000	0.583333	0.000000	0.000000	0.000000
201|202	201	D	202	K	0.000000	1.000000	0.000000	0.000000	0.000000	0.000000	0.000000	0.000000	0.583333	0.000000	0.000000	0.000000	0	0.000000	0	0.000000	0.000000	0.583333	0.000000	0.000000	0.000000	0	0.000000	0	0	0.000000	0.000000	0.000000	0.583333	0.000000	0.000000	0.000000
202|203	202	K	203	G	1.000000	1.000000	0.000000	0.000000	0.000000	0.000000	0.000000	0.000000	0.583333	0.000000	0.000000	0.000000	0	0.000000	0	0.000000	0.000000	0.583333	0.000000	0.000000	0.000000	0	0.000000	0	0	0.000000	0.000000	0.000000	0.583333	0.000000	0.000000	0.000000
203|204	203	G	204	K	1.000000	0.000000	0.000000	0.000000	0.000000	0.000000	0.000000	0.000000	0.500000	0.000000	0.000000	0.000000	0	0.000000	0	0.000000	0.000000	0.500000	0.000000	0.000000	0.000000	0	0.000000	0	0	0.000000	0.000000	0.000000	0.500000	0.000000	0.000000	0.000000
204|205	204	K	205	P	0.000000	0.000000	0.000000	0.000000	0.000000	0.000000	0.000000	0.000000	0.583333	0.000000	0.000000	0.000000	0	0.000000	0	0.000000	0.000000	0.583333	0.000000	0.000000	0.000000	0	0.000000	0	0	0.000000	0.000000	0.000000	0.583333	0.000000	0.000000	0.000000
205|206	205	P	206	F	0.000000	1.000000	0.000000	0.000000	0.000000	0.000000	0.000000	0.000000	0.583333	0.000000	0.000000	0.000000	0	0.000000	0	0.000000	0.000000	0.583333	0.000000	0.000000	0.000000	0	0.000000	0	0	0.000000	0.000000	0.000000	0.583333	0.000000	0.000000	0.000000
206|207	206	F	207	T	1.000000	1.000000	0.000000	0.000000	0.000000	0.000000	0.000000	0.000000	0.666667	0.000000	0.000000	0.000000	0	0.000000	0	0.000000	0.000000	0.666667	0.000000	0.000000	0.000000	0	0.000000	0	0	0.000000	0.000000	0.000000	0.666667	0.000000	0.000000	0.000000
207|208	207	T	208	S	1.000000	1.000000	0.000000	0.000000	0.000000	0.000000	0.000000	0.000000	0.750000	0.000000	0.000000	0.000000	0	0.000000	0	0.000000	0.000000	0.750000	0.000000	0.000000	0.000000	0	0.000000	0	0	0.000000	0.000000	0.000000	0.750000	0.000000	0.000000	0.000000
208|209	208	S	209	K	1.000000	0.000000	0.000000	0.000000	0.000000	0.000000	0.000000	0.000000	0.750000	0.000000	0.000000	0.000000	0	0.000000	0	0.000000	0.000000	0.750000	0.000000	0.000000	0.000000	0	0.000000	0	0	0.000000	0.000000	0.000000	0.750000	0.000000	0.000000	0.000000
209|210	209	K	210	F	0.000000	1.000000	0.000000	0.000000	0.000000	0.000000	0.000000	0.000000	0.750000	0.000000	0.000000	0.000000	0	0.000000	0	0.000000	0.000000	0.750000	0.000000	0.000000	0.000000	0	0.000000	0	0	0.000000	0.000000	0.000000	0.750000	0.000000	0.000000	0.000000
210|211	210	F	211	V	1.000000	1.000000	0.000000	0.000000	0.000000	0.000000	0.000000	0.000000	0.833333	0.000000	0.000000	0.000000	0	0.000000	0	0.000000	0.000000	0.833333	0.000000	0.000000	0.000000	0	0.000000	0	0	0.000000	0.000000	0.000000	0.833333	0.000000	0.000000	0.000000
211|212	211	V	212	L	1.000000	1.000000	0.000000	0.000000	0.000000	0.000000	0.000000	0.000000	0.833333	0.000000	0.000000	0.000000	0	0.000000	0	0.000000	0.000000	0.833333	0.000000	0.000000	0.000000	0	0.000000	0	0	0.000000	0.000000	0.000000	0.833333	0.000000	0.000000	0.000000
212|213	212	L	213	A	1.000000	1.000000	0.000000	0.000000	0.000000	0.000000	0.000000	0.000000	0.750000	0.000000	0.000000	0.000000	0	0.000000	0	0.000000	0.000000	0.750000	0.000000	0.000000	0.000000	0	0.000000	0	0	0.000000	0.000000	0.000000	0.750000	0.000000	0.000000	0.000000
213|214	213	A	214	S	1.000000	1.000000	0.000000	0.000000	0.000000	0.000000	0.000000	0.000000	0.666667	0.000000	0.000000	0.000000	0	0.000000	0	0.000000	0.000000	0.666667	0.000000	0.000000	0.000000	0	0.000000	0	0	0.000000	0.000000	0.000000	0.666667	0.000000	0.000000	0.000000
214|215	214	S	215	T	1.000000	1.000000	0.000000	0.000000	0.000000	0.000000	0.000000	0.000000	0.666667	0.000000	0.000000	0.000000	0	0.000000	0	0.000000	0.000000	0.666667	0.000000	0.000000	0.000000	0	0.000000	0	0	0.000000	0.000000	0.000000	0.666667	0.000000	0.000000	0.000000
215|216	215	T	216	N	1.000000	1.000000	0.000000	0.000000	0.000000	0.000000	0.000000	0.000000	0.666667	0.000000	0.000000	0.000000	0	0.000000	0	0.000000	0.000000	0.666667	0.000000	0.000000	0.000000	0	0.000000	0	0	0.000000	0.000000	0.000000	0.666667	0.000000	0.000000	0.000000
216|217	216	N	217	H	1.000000	0.000000	0.000000	0.000000	0.000000	0.000000	0.000000	0.000000	0.666667	0.000000	0.000000	0.000000	0	0.000000	0	0.000000	0.000000	0.666667	0.000000	0.000000	0.000000	0	0.000000	0	0	0.000000	0.000000	0.000000	0.666667	0.000000	0.000000	0.000000
217|218	217	H	218	T	0.000000	0.000000	0.000000	0.000000	0.000000	0.000000	0.000000	0.000000	0.666667	0.000000	0.000000	0.000000	0	0.000000	0	0.000000	0.000000	0.666667	0.000000	0.000000	0.000000	0	0.000000	0	0	0.000000	0.000000	0.000000	0.666667	0.000000	0.000000	0.000000
218|219	218	T	219	L	0.000000	0.000000	0.000000	0.000000	0.000000	0.000000	0.000000	0.000000	0.666667	0.000000	0.000000	0.000000	0	0.000000	0	0.000000	0.000000	0.666667	0.000000	0.000000	0.000000	0	0.000000	0	0	0.000000	0.000000	0.000000	0.666667	0.000000	0.000000	0.000000
219|220	219	L	220	L	0.000000	1.000000	0.000000	0.000000	0.000000	0.000000	0.000000	0.000000	0.583333	0.000000	0.000000	0.000000	0	0.000000	0	0.000000	0.000000	0.583333	0.000000	0.000000	0.000000	0	0.000000	0	0	0.000000	0.000000	0.000000	0.583333	0.000000	0.000000	0.000000
220|221	220	L	221	T	1.000000	0.000000	0.000000	0.000000	0.000000	0.000000	0.000000	0.000000	0.500000	0.000000	0.000000	0.000000	0	0.000000	0	0.000000	0.000000	0.500000	0.000000	0.000000	0.000000	0	0.000000	0	0	0.000000	0.000000	0.000000	0.500000	0.000000	0.000000	0.000000
221|222	221	T	222	P	0.000000	1.000000	0.000000	0.000000	0.000000	0.000000	0.000000	0.000000	0.416667	0.000000	0.000000	0.000000	0	0.000000	0	0.000000	0.000000	0.416667	0.000000	0.000000	0.000000	0	0.000000	0	0	0.000000	0.000000	0.000000	0.416667	0.000000	0.000000	0.000000
222|223	222	P	223	P	1.000000	1.000000	0.000000	0.000000	0.000000	0.000000	0.000000	0.000000	0.333333	0.000000	0.000000	0.000000	0	0.000000	0	0.000000	0.000000	0.333333	0.000000	0.000000	0.000000	0	0.000000	0	0	0.000000	0.000000	0.000000	0.333333	0.000000	0.000000	0.000000
223|224	223	P	224	T	1.000000	1.000000	0.000000	0.000000	0.000000	0.000000	0.000000	0.000000	0.333333	0.000000	0.000000	0.000000	0	0.000000	0	0.000000	0.000000	0.333333	0.000000	0.000000	0.000000	0	0.000000	0	0	0.000000	0.000000	0.000000	0.333333	0.000000	0.000000	0.000000
224|225	224	T	225	V	1.000000	0.000000	0.000000	0.000000	0.000000	0.000000	0.000000	0.000000	0.416667	0.000000	0.000000	0.000000	0	0.000000	0	0.000000	0.000000	0.416667	0.000000	0.000000	0.000000	0	0.000000	0	0	0.000000	0.000000	0.000000	0.416667	0.000000	0.000000	0.000000
225|226	225	V	226	S	0.000000	0.000000	0.000000	0.000000	0.000000	0.000000	0.000000	0.000000	0.416667	0.000000	0.000000	0.000000	0	0.000000	0	0.000000	0.000000	0.416667	0.000000	0.000000	0.000000	0	0.000000	0	0	0.000000	0.000000	0.000000	0.416667	0.000000	0.000000	0.000000
226|227	226	S	227	S	0.000000	0.000000	0.000000	0.000000	0.000000	0.000000	0.132080	1.584963	0.361111	0.000000	0.000000	0.000000	0	0.000000	0	0.132080	1.584963	0.361111	0.000000	0.000000	0.000000	0	0.000000	0	0	0.000000	0.132080	1.584963	0.361111	0.000000	0.000000	0.000000
227|228	227	S	228	L	0.000000	0.000000	0.000000	0.000000	0.000000	0.000000	0.132080	1.584963	0.444444	0.000000	0.000000	0.000000	0	0.000000	0	0.132080	1.584963	0.444444	0.000000	0.000000	0.000000	0	0.000000	0	0	0.000000	0.132080	1.584963	0.444444	0.000000	0.000000	0.000000
228|229	228	L	229	P	0.000000	0.000000	0.000000	0.000000	0.000000	0.000000	0.132080	1.584963	0.444444	0.000000	0.000000	0.000000	0	0.000000	0	0.132080	1.584963	0.444444	0.000000	0.000000	0.000000	0	0.000000	0	0	0.000000	0.132080	1.584963	0.444444	0.000000	0.000000	0.000000
229|230	229	P	230	A	0.000000	1.000000	0.000000	0.000000	0.000000	0.000000	0.132080	1.584963	0.444444	0.000000	0.000000	0.000000	0	0.000000	0	0.132080	1.584963	0.444444	0.000000	0.000000	0.000000	0	0.000000	0	0	0.000000	0.132080	1.584963	0.444444	0.000000	0.000000	0.000000
230|231	230	A	231	M	1.000000	0.000000	0.000000	0.000000	0.000000	0.000000	0.132080	1.584963	0.361111	0.000000	0.000000	0.000000	0	0.000000	0	0.132080	1.584963	0.361111	0.000000	0.000000	0.000000	0	0.000000	0	0	0.000000	0.132080	1.584963	0.361111	0.000000	0.000000	0.000000
231|232	231	M	232	A	0.000000	0.333333	0.000000	1.584963	0.000000	0.000000	0.132080	1.584963	0.444444	0.000000	0.000000	0.000000	0	0.000000	0	0.132080	1.584963	0.444444	0.000000	0.000000	0.000000	0	0.000000	0	0	0.000000	0.132080	1.584963	0.444444	0.000000	0.000000	0.000000
232|233	232	A	233	R	0.333333	1.000000	1.584963	0.000000	0.000000	0.000000	0.132080	1.584963	0.527778	0.000000	0.000000	0.000000	0	0.000000	0	0.132080	1.584963	0.527778	0.000000	0.000000	0.000000	0	0.000000	0	0	0.000000	0.132080	1.584963	0.527778	0.000000	0.000000	0.000000
233|234	233	R	234	R	1.000000	1.000000	0.000000	0.000000	0.000000	0.000000	0.132080	1.584963	0.611111	0.000000	0.000000	0.000000	0	0.000000	0	0.132080	1.584963	0.611111	0.000000	0.000000	0.000000	0	0.000000	0	0	0.000000	0.132080	1.584963	0.611111	0.000000	0.000000	0.000000
234|235	234	R	235	F	1.000000	1.000000	0.000000	0.000000	0.000000	0.000000	0.132080	1.584963	0.694444	0.000000	0.000000	0.000000	0	0.000000	0	0.132080	1.584963	0.694444	0.000000	0.000000	0.000000	0	0.000000	0	0	0.000000	0.132080	1.584963	0.694444	0.000000	0.000000	0.000000
235|236	235	F	236	Y	1.000000	0.000000	0.000000	0.000000	0.000000	0.000000	0.132080	1.584963	0.777778	0.000000	0.000000	0.000000	0	0.000000	0	0.132080	1.584963	0.777778	0.000000	0.000000	0.000000	0	0.000000	0	0	0.000000	0.132080	1.584963	0.777778	0.000000	0.000000	0.000000
236|237	236	Y	237	F	0.000000	1.000000	0.000000	0.000000	0.000000	0.000000	0.132080	1.584963	0.694444	0.000000	0.000000	0.000000	0	0.000000	0	0.132080	1.584963	0.694444	0.000000	0.000000	0.000000	0	0.000000	0	0	0.000000	0.132080	1.584963	0.694444	0.000000	0.000000	0.000000
237|238	237	F	238	D	1.000000	1.000000	0.000000	0.000000	0.000000	0.000000	0.208605	1.584963	0.694444	0.000000	0.000000	0.000000	0	0.000000	0	0.208605	1.584963	0.694444	0.000000	0.000000	0.000000	0	0.000000	0	0	0.000000	0.208605	1.584963	0.694444	0.000000	0.000000	0.000000
238|239	238	D	239	L	1.000000	1.000000	0.000000	0.000000	0.000000	0.000000	0.076525	0.918296	0.666667	0.000000	0.000000	0.000000	0	0.000000	0	0.076525	0.918296	0.666667	0.000000	0.000000	0.000000	0	0.000000	0	0	0.000000	0.076525	0.918296	0.666667	0.000000	0.000000	0.000000
239|240	239	L	240	D	1.000000	1.000000	0.000000	0.000000	0.000000	0.000000	0.153049	0.918296	0.583333	0.000000	0.000000	0.000000	0	0.000000	0	0.153049	0.918296	0.583333	0.000000	0.000000	0.000000	0	0.000000	0	0	0.000000	0.153049	0.918296	0.583333	0.000000	0.000000	0.000000
240|241	240	D	241	I	1.000000	1.000000	0.000000	0.000000	0.000000	0.000000	0.153049	0.918296	0.500000	0.000000	0.000000	0.000000	0	0.000000	0	0.153049	0.918296	0.500000	0.000000	0.000000	0.000000	0	0.000000	0	0	0.000000	0.153049	0.918296	0.500000	0.000000	0.000000	0.000000
241|242	241	I	242	Q	1.000000	0.000000	0.000000	0.000000	0.000000	0.000000	0.153049	0.918296	0.500000	0.000000	0.000000	0.000000	0	0.000000	0	0.153049	0.918296	0.500000	0.000000	0.000000	0.000000	0	0.000000	0	0	0.000000	0.153049	0.918296	0.500000	0.000000	0.000000	0.000000
242|243	242	Q	243	V	0.000000	0.000000	0.000000	0.918296	0.000000	0.000000	0.153049	0.918296	0.500000	0.000000	0.000000	0.000000	0	0.000000	0	0.153049	0.918296	0.500000	0.000000	0.000000	0.000000	0	0.000000	0	0	0.000000	0.153049	0.918296	0.500000	0.000000	0.000000	0.000000
243|244	243	V	244	K	0.000000	0.000000	0.918296	0.000000	0.000000	0.000000	0.153049	0.918296	0.416667	0.000000	0.000000	0.000000	0	0.000000	0	0.153049	0.918296	0.416667	0.000000	0.000000	0.000000	0	0.000000	0	0	0.000000	0.153049	0.918296	0.416667	0.000000	0.000000	0.000000
244|245	244	K	245	K	0.000000	0.000000	0.000000	0.918296	0.000000	0.000000	0.153049	0.918296	0.333333	0.000000	0.000000	0.000000	0	0.000000	0	0.153049	0.918296	0.333333	0.000000	0.000000	0.000000	0	0.000000	0	0	0.000000	0.153049	0.918296	0.333333	0.000000	0.000000	0.000000
245|246	245	K	246	E	0.000000	0.000000	0.918296	0.000000	0.000000	0.000000	0.153049	0.918296	0.333333	0.000000	0.000000	0.000000	0	0.000000	0	0.153049	0.918296	0.333333	0.000000	0.000000	0.000000	0	0.000000	0	0	0.000000	0.153049	0.918296	0.333333	0.000000	0.000000	0.000000
246|247	246	E	247	Y	0.000000	1.000000	0.000000	0.000000	0.000000	0.000000	0.153049	0.918296	0.333333	0.000000	0.000000	0.000000	0	0.000000	0	0.153049	0.918296	0.333333	0.000000	0.000000	0.000000	0	0.000000	0	0	0.000000	0.153049	0.918296	0.333333	0.000000	0.000000	0.000000
247|248	247	Y	248	L	1.000000	0.000000	0.000000	0.000000	0.000000	0.000000	0.153049	0.918296	0.333333	0.000000	0.000000	0.000000	0	0.000000	0	0.153049	0.918296	0.333333	0.000000	0.000000	0.000000	0	0.000000	0	0	0.000000	0.153049	0.918296	0.333333	0.000000	0.000000	0.000000
248|249	248	L	249	L	0.000000	0.000000	0.000000	0.000000	0.000000	0.000000	0.153049	0.918296	0.333333	0.000000	0.000000	0.000000	0	0.000000	0	0.153049	0.918296	0.333333	0.000000	0.000000	0.000000	0	0.000000	0	0	0.000000	0.153049	0.918296	0.333333	0.000000	0.000000	0.000000
249|250	249	L	250	D	0.000000	0.000000	0.000000	0.000000	0.000000	0.000000	0.076525	0.918296	0.333333	0.000000	0.000000	0.000000	0	0.000000	0	0.076525	0.918296	0.333333	0.000000	0.000000	0.000000	0	0.000000	0	0	0.000000	0.076525	0.918296	0.333333	0.000000	0.000000	0.000000
250|251	250	D	251	G	0.000000	1.000000	0.000000	0.000000	0.000000	0.000000	0.153049	0.918296	0.388889	0.000000	0.000000	0.000000	0	0.000000	0	0.153049	0.918296	0.388889	0.000000	0.000000	0.000000	0	0.000000	0	0	0.000000	0.153049	0.918296	0.388889	0.000000	0.000000	0.000000
251|252	251	G	252	K	1.000000	1.000000	0.000000	0.000000	0.000000	0.000000	0.076525	0.918296	0.388889	0.000000	0.000000	0.000000	0	0.000000	0	0.076525	0.918296	0.388889	0.000000	0.000000	0.000000	0	0.000000	0	0	0.000000	0.076525	0.918296	0.388889	0.000000	0.000000	0.000000
252|253	252	K	253	L	1.000000	1.000000	0.000000	0.000000	0.000000	0.000000	0.208605	1.584963	0.416667	0.000000	0.000000	0.000000	0	0.000000	0	0.208605	1.584963	0.416667	0.000000	0.000000	0.000000	0	0.000000	0	0	0.000000	0.208605	1.584963	0.416667	0.000000	0.000000	0.000000
253|254	253	L	254	D	1.000000	0.000000	0.000000	0.000000	0.000000	0.000000	0.208605	1.584963	0.333333	0.000000	0.000000	0.000000	0	0.000000	0	0.208605	1.584963	0.333333	0.000000	0.000000	0.000000	0	0.000000	0	0	0.000000	0.208605	1.584963	0.333333	0.000000	0.000000	0.000000
254|255	254	D	255	I	0.000000	0.000000	0.000000	0.000000	0.000000	0.000000	0.340685	1.584963	0.333333	0.000000	0.000000	0.000000	0	0.000000	0	0.340685	1.584963	0.333333	0.000000	0.000000	0.000000	0	0.000000	0	0	0.000000	0.340685	1.584963	0.333333	0.000000	0.000000	0.000000
255|256	255	I	256	A	0.000000	0.666667	0.000000	0.918296	0.000000	0.000000	0.472765	1.584963	0.333333	0.000000	0.000000	0.000000	0	0.000000	0	0.472765	1.584963	0.333333	0.000000	0.000000	0.000000	0	0.000000	0	0	0.000000	0.472765	1.584963	0.333333	0.000000	0.000000	0.000000
256|257	256	A	257	K	0.666667	0.000000	0.918296	0.000000	0.000000	0.000000	0.472765	1.584963	0.416667	0.000000	0.000000	0.000000	0	0.000000	0	0.472765	1.584963	0.416667	0.000000	0.000000	0.000000	0	0.000000	0	0	0.000000	0.472765	1.584963	0.416667	0.000000	0.000000	0.000000
257|258	257	K	258	S	0.000000	0.333333	0.000000	1.584963	0.000000	0.000000	0.472765	1.584963	0.416667	0.000000	0.000000	0.000000	0	0.000000	0	0.472765	1.584963	0.416667	0.000000	0.000000	0.000000	0	0.000000	0	0	0.000000	0.472765	1.584963	0.416667	0.000000	0.000000	0.000000
258|259	258	S	259	F	0.333333	0.000000	1.584963	0.000000	0.000000	0.000000	0.472765	1.584963	0.333333	0.000000	0.000000	0.000000	0	0.000000	0	0.472765	1.584963	0.333333	0.000000	0.000000	0.000000	0	0.000000	0	0	0.000000	0.472765	1.584963	0.333333	0.000000	0.000000	0.000000
259|260	259	F	260	R	0.000000	0.000000	0.000000	1.584963	0.000000	0.000000	0.472765	1.584963	0.250000	0.000000	0.000000	0.000000	0	0.000000	0	0.472765	1.584963	0.250000	0.000000	0.000000	0.000000	0	0.000000	0	0	0.000000	0.472765	1.584963	0.250000	0.000000	0.000000	0.000000
260|261	260	R	261	P	0.000000	0.000000	1.584963	1.584963	0.000000	0.000000	0.472765	1.584963	0.250000	0.000000	0.000000	0.000000	0	0.000000	0	0.472765	1.584963	0.250000	0.000000	0.000000	0.000000	0	0.000000	0	0	0.000000	0.472765	1.584963	0.250000	0.000000	0.000000	0.000000
261|262	261	P	262	C	0.000000	1.000000	1.584963	0.000000	0.000000	0.000000	0.472765	1.584963	0.250000	0.000000	0.000000	0.000000	0	0.000000	0	0.472765	1.584963	0.250000	0.000000	0.000000	0.000000	0	0.000000	0	0	0.000000	0.472765	1.584963	0.250000	0.000000	0.000000	0.000000
262|263	262	C	263	D	1.000000	1.000000	0.000000	0.000000	0.000000	0.000000	0.472765	1.584963	0.194444	0.000000	0.000000	0.000000	3	1.000000	1:3	0.472765	1.584963	0.194444	0.000000	0.000000	0.000000	3	1.000000	1:3	0	0.000000	0.472765	1.584963	0.194444	0.000000	0.000000	0.000000
263|264	263	D	264	V	1.000000	0.000000	0.000000	0.000000	0.000000	0.000000	0.472765	1.584963	0.194444	0.000000	0.000000	0.000000	0	0.000000	0	0.472765	1.584963	0.194444	0.000000	0.000000	0.000000	0	0.000000	0	0	0.000000	0.472765	1.584963	0.194444	0.000000	0.000000	0.000000
264|265	264	V	265	N	0.000000	0.000000	0.000000	0.000000	0.000000	0.000000	0.340685	1.584963	0.166667	0.000000	0.000000	0.000000	0	0.000000	0	0.340685	1.584963	0.166667	0.000000	0.000000	0.000000	0	0.000000	0	0	0.000000	0.340685	1.584963	0.166667	0.000000	0.000000	0.000000
265|266	265	N	266	I	0.000000	0.000000	0.000000	0.000000	0.000000	0.000000	0.340685	1.584963	0.166667	0.000000	0.000000	0.000000	0	0.000000	0	0.340685	1.584963	0.166667	0.000000	0.000000	0.000000	0	0.000000	0	0	0.000000	0.340685	1.584963	0.166667	0.000000	0.000000	0.000000
266|267	266	I	267	K	0.000000	0.000000	0.000000	0.000000	0.000000	0.000000	0.208605	1.584963	0.250000	0.000000	0.000000	0.000000	0	0.000000	0	0.208605	1.584963	0.250000	0.000000	0.000000	0.000000	0	0.000000	0	0	0.000000	0.208605	1.584963	0.250000	0.000000	0.000000	0.000000
267|268	267	K	268	I	0.000000	0.000000	0.000000	0.918296	0.000000	0.000000	0.076525	0.918296	0.333333	0.000000	0.000000	0.000000	0	0.000000	0	0.076525	0.918296	0.333333	0.000000	0.000000	0.000000	0	0.000000	0	0	0.000000	0.076525	0.918296	0.333333	0.000000	0.000000	0.000000
268|269	268	I	269	G	0.000000	0.000000	0.918296	0.000000	0.000000	0.000000	0.076525	0.918296	0.333333	0.000000	0.000000	0.000000	0	0.000000	0	0.076525	0.918296	0.333333	0.000000	0.000000	0.000000	0	0.000000	0	0	0.000000	0.076525	0.918296	0.333333	0.000000	0.000000	0.000000
269|270	269	G	270	N	0.000000	0.000000	0.000000	0.000000	0.000000	0.000000	0.076525	0.918296	0.333333	0.000000	0.000000	0.000000	0	0.000000	0	0.076525	0.918296	0.333333	0.000000	0.000000	0.000000	0	0.000000	0	0	0.000000	0.076525	0.918296	0.333333	0.000000	0.000000	0.000000
270|271	270	N	271	A	0.000000	0.000000	0.000000	0.000000	0.000000	0.000000	0.076525	0.918296	0.333333	0.000000	0.000000	0.000000	0	0.000000	0	0.076525	0.918296	0.333333	0.000000	0.000000	0.000000	0	0.000000	0	0	0.000000	0.076525	0.918296	0.333333	0.000000	0.000000	0.000000
271|272	271	A	272	K	0.000000	1.000000	0.000000	0.000000	0.000000	0.000000	0.076525	0.918296	0.333333	0.000000	0.000000	0.000000	0	0.000000	0	0.076525	0.918296	0.333333	0.000000	0.000000	0.000000	0	0.000000	0	0	0.000000	0.076525	0.918296	0.333333	0.000000	0.000000	0.000000
272|273	272	K	273	C	1.000000	1.000000	0.000000	0.000000	0.000000	0.000000	0.076525	0.918296	0.416667	0.000000	0.000000	0.000000	0	0.000000	0	0.076525	0.918296	0.416667	0.000000	0.000000	0.000000	0	0.000000	0	0	0.000000	0.076525	0.918296	0.416667	0.000000	0.000000	0.000000
273|274	273	C	274	C	1.000000	1.000000	0.000000	0.000000	0.000000	0.000000	0.076525	0.918296	0.500000	0.000000	0.000000	0.000000	0	0.000000	0	0.076525	0.918296	0.500000	0.000000	0.000000	0.000000	0	0.000000	0	0	0.000000	0.076525	0.918296	0.500000	0.000000	0.000000	0.000000
274|275	274	C	275	P	1.000000	1.000000	0.000000	0.000000	0.000000	0.000000	0.000000	0.000000	0.583333	0.000000	0.000000	0.000000	0	0.000000	0	0.000000	0.000000	0.583333	0.000000	0.000000	0.000000	0	0.000000	0	0	0.000000	0.000000	0.000000	0.583333	0.000000	0.000000	0.000000
275|276	275	P	276	F	1.000000	0.000000	0.000000	0.000000	0.000000	0.000000	0.000000	0.000000	0.666667	0.000000	0.000000	0.000000	0	0.000000	0	0.000000	0.000000	0.666667	0.000000	0.000000	0.000000	0	0.000000	0	0	0.000000	0.000000	0.000000	0.666667	0.000000	0.000000	0.000000
276|277	276	F	277	I	0.000000	0.000000	0.000000	0.000000	0.000000	0.000000	0.000000	0.000000	0.666667	0.000000	0.000000	0.000000	0	0.000000	0	0.000000	0.000000	0.666667	0.000000	0.000000	0.000000	0	0.000000	0	0	0.000000	0.000000	0.000000	0.666667	0.000000	0.000000	0.000000
277|278	277	I	278	C	0.000000	1.000000	0.000000	0.000000	0.000000	0.000000	0.000000	0.000000	0.666667	0.000000	0.000000	0.000000	0	0.000000	0	0.000000	0.000000	0.666667	0.000000	0.000000	0.000000	0	0.000000	0	0	0.000000	0.000000	0.000000	0.666667	0.000000	0.000000	0.000000
278|279	278	C	279	G	1.000000	1.000000	0.000000	0.000000	0.000000	0.000000	0.000000	0.000000	0.583333	0.000000	0.000000	0.000000	0	0.000000	0	0.000000	0.000000	0.583333	0.000000	0.000000	0.000000	0	0.000000	0	0	0.000000	0.000000	0.000000	0.583333	0.000000	0.000000	0.000000
279|280	279	G	280	K	1.000000	1.000000	0.000000	0.000000	0.000000	0.000000	0.000000	0.000000	0.500000	0.000000	0.000000	0.000000	0	0.000000	0	0.000000	0.000000	0.500000	0.000000	0.000000	0.000000	0	0.000000	0	0	0.000000	0.000000	0.000000	0.500000	0.000000	0.000000	0.000000
280|281	280	K	281	A	1.000000	1.000000	0.000000	0.000000	0.000000	0.000000	0.000000	0.000000	0.500000	0.000000	0.000000	0.000000	0	0.000000	0	0.000000	0.000000	0.500000	0.000000	0.000000	0.000000	0	0.000000	0	0	0.000000	0.000000	0.000000	0.500000	0.000000	0.000000	0.000000
281|282	281	A	282	V	1.000000	0.000000	0.000000	0.000000	0.000000	0.000000	0.000000	0.000000	0.500000	0.000000	0.000000	0.000000	0	0.000000	0	0.000000	0.000000	0.500000	0.000000	0.000000	0.000000	0	0.000000	0	0	0.000000	0.000000	0.000000	0.500000	0.000000	0.000000	0.000000
282|283	282	V	283	E	0.000000	0.000000	0.000000	0.000000	0.000000	0.000000	0.132080	1.584963	0.500000	0.000000	0.000000	0.000000	0	0.000000	0	0.132080	1.584963	0.500000	0.000000	0.000000	0.000000	0	0.000000	0	0	0.000000	0.132080	1.584963	0.500000	0.000000	0.000000	0.000000
283|284	283	E	284	F	0.000000	0.000000	0.000000	0.000000	0.000000	0.000000	0.208605	1.584963	0.527778	0.000000	0.000000	0.000000	0	0.000000	0	0.208605	1.584963	0.527778	0.000000	0.000000	0.000000	0	0.000000	0	0	0.000000	0.208605	1.584963	0.527778	0.000000	0.000000	0.000000
284|285	284	F	285	K	0.000000	0.000000	0.000000	0.000000	0.000000	0.000000	0.208605	1.584963	0.444444	0.000000	0.000000	0.000000	0	0.000000	0	0.208605	1.584963	0.444444	0.000000	0.000000	0.000000	0	0.000000	0	0	0.000000	0.208605	1.584963	0.444444	0.000000	0.000000	0.000000
285|286	285	K	286	D	0.000000	1.000000	0.000000	0.000000	0.000000	0.000000	0.285130	1.584963	0.361111	0.000000	0.000000	0.000000	0	0.000000	0	0.285130	1.584963	0.361111	0.000000	0.000000	0.000000	0	0.000000	0	0	0.000000	0.285130	1.584963	0.361111	0.000000	0.000000	0.000000
286|287	286	D	287	R	1.000000	1.000000	0.000000	0.000000	0.000000	0.000000	0.285130	1.584963	0.277778	0.000000	0.000000	0.000000	0	0.000000	0	0.285130	1.584963	0.277778	0.000000	0.000000	0.000000	0	0.000000	0	0	0.000000	0.285130	1.584963	0.277778	0.000000	0.000000	0.000000
287|288	287	R	288	N	1.000000	0.000000	0.000000	1.584963	0.000000	0.000000	0.361654	1.584963	0.194444	0.000000	0.000000	0.000000	0	0.000000	0	0.361654	1.584963	0.194444	0.000000	0.000000	0.000000	0	0.000000	0	0	0.000000	0.361654	1.584963	0.194444	0.000000	0.000000	0.000000
288|289	288	N	289	S	0.000000	0.333333	1.584963	0.918296	0.000000	0.000000	0.361654	1.584963	0.277778	0.000000	0.000000	0.000000	0	0.000000	0	0.361654	1.584963	0.277778	0.000000	0.000000	0.000000	0	0.000000	0	0	0.000000	0.361654	1.584963	0.277778	0.000000	0.000000	0.000000
289|290	289	S	290	C	0.333333	0.000000	0.918296	0.000000	0.000000	0.000000	0.438179	1.584963	0.277778	0.000000	0.000000	0.000000	0	0.000000	0	0.438179	1.584963	0.277778	0.000000	0.000000	0.000000	0	0.000000	0	0	0.000000	0.438179	1.584963	0.277778	0.000000	0.000000	0.000000
290|291	290	C	291	T	0.000000	0.000000	0.000000	0.918296	0.000000	0.000000	0.438179	1.584963	0.277778	0.000000	0.000000	0.000000	0	0.000000	0	0.438179	1.584963	0.277778	0.000000	0.000000	0.000000	0	0.000000	0	0	0.000000	0.438179	1.584963	0.277778	0.000000	0.000000	0.000000
291|292	291	T	292	T	0.000000	0.000000	0.918296	0.000000	0.000000	0.000000	0.438179	1.584963	0.361111	0.000000	0.000000	0.000000	0	0.000000	0	0.438179	1.584963	0.361111	0.000000	0.000000	0.000000	0	0.000000	0	0	0.000000	0.438179	1.584963	0.361111	0.000000	0.000000	0.000000
292|293	292	T	293	L	0.000000	0.000000	0.000000	0.918296	0.000000	0.000000	0.438179	1.584963	0.361111	0.000000	0.000000	0.000000	0	0.000000	0	0.438179	1.584963	0.361111	0.000000	0.000000	0.000000	0	0.000000	0	0	0.000000	0.438179	1.584963	0.361111	0.000000	0.000000	0.000000
293|294	293	L	294	S	0.000000	1.000000	0.918296	0.000000	0.000000	0.000000	0.438179	1.584963	0.277778	0.000000	0.000000	0.000000	0	0.000000	0	0.438179	1.584963	0.277778	0.000000	0.000000	0.000000	0	0.000000	0	0	0.000000	0.438179	1.584963	0.277778	0.000000	0.000000	0.000000
294|295	294	S	295	L	1.000000	0.000000	0.000000	0.918296	0.000000	0.000000	0.382623	0.918296	0.305556	0.000000	0.000000	0.000000	0	0.000000	0	0.382623	0.918296	0.305556	0.000000	0.000000	0.000000	0	0.000000	0	0	0.000000	0.382623	0.918296	0.305556	0.000000	0.000000	0.000000
295|296	295	L	296	S	0.000000	0.000000	0.918296	0.000000	0.000000	0.000000	0.306099	0.918296	0.277778	0.000000	0.000000	0.000000	0	0.000000	0	0.306099	0.918296	0.277778	0.000000	0.000000	0.000000	0	0.000000	0	0	0.000000	0.306099	0.918296	0.277778	0.000000	0.000000	0.000000
296|297	296	S	297	Q	0.000000	1.000000	0.000000	0.000000	0.000000	0.000000	0.306099	0.918296	0.361111	0.000000	0.000000	0.000000	0	0.000000	0	0.306099	0.918296	0.361111	0.000000	0.000000	0.000000	0	0.000000	0	0	0.000000	0.306099	0.918296	0.361111	0.000000	0.000000	0.000000
297|298	297	Q	298	L	1.000000	1.000000	0.000000	0.000000	0.000000	0.000000	0.229574	0.918296	0.361111	0.000000	0.000000	0.000000	0	0.000000	0	0.229574	0.918296	0.361111	0.000000	0.000000	0.000000	0	0.000000	0	0	0.000000	0.229574	0.918296	0.361111	0.000000	0.000000	0.000000
298|299	298	L	299	Y	1.000000	0.000000	0.000000	0.000000	0.000000	0.000000	0.306099	0.918296	0.361111	0.000000	0.000000	0.000000	0	0.000000	0	0.306099	0.918296	0.361111	0.000000	0.000000	0.000000	0	0.000000	0	0	0.000000	0.306099	0.918296	0.361111	0.000000	0.000000	0.000000
299|300	299	Y	300	S	0.000000	0.333333	0.000000	0.918296	0.000000	0.000000	0.229574	0.918296	0.361111	0.000000	0.000000	0.000000	0	0.000000	0	0.229574	0.918296	0.361111	0.000000	0.000000	0.000000	0	0.000000	0	0	0.000000	0.229574	0.918296	0.361111	0.000000	0.000000	0.000000
300|301	300	S	301	H	0.333333	0.000000	0.918296	0.000000	0.000000	0.000000	0.306099	0.918296	0.277778	0.000000	0.000000	0.000000	0	0.000000	0	0.306099	0.918296	0.277778	0.000000	0.000000	0.000000	0	0.000000	0	0	0.000000	0.306099	0.918296	0.277778	0.000000	0.000000	0.000000
301|302	301	H	302	I	0.000000	1.000000	0.000000	0.000000	0.000000	0.000000	0.306099	0.918296	0.305556	0.000000	0.000000	0.000000	0	0.000000	0	0.306099	0.918296	0.305556	0.000000	0.000000	0.000000	0	0.000000	0	0	0.000000	0.306099	0.918296	0.305556	0.000000	0.000000	0.000000
302|303	302	I	303	K	1.000000	0.000000	0.000000	0.000000	0.000000	0.000000	0.382623	0.918296	0.305556	0.000000	0.000000	0.000000	0	0.000000	0	0.382623	0.918296	0.305556	0.000000	0.000000	0.000000	0	0.000000	0	0	0.000000	0.382623	0.918296	0.305556	0.000000	0.000000	0.000000
303|304	303	K	304	E	0.000000	0.000000	0.000000	0.918296	0.000000	0.000000	0.382623	0.918296	0.222222	0.000000	0.000000	0.000000	0	0.000000	0	0.382623	0.918296	0.222222	0.000000	0.000000	0.000000	0	0.000000	0	0	0.000000	0.382623	0.918296	0.222222	0.000000	0.000000	0.000000
304|305	304	E	305	E	0.000000	0.000000	0.918296	0.000000	0.000000	0.000000	0.514704	1.584963	0.138889	0.000000	0.000000	0.000000	0	0.000000	0	0.514704	1.584963	0.138889	0.000000	0.000000	0.000000	0	0.000000	0	0	0.000000	0.514704	1.584963	0.138889	0.000000	0.000000	0.000000
305|306	305	E	306	D	0.000000	0.000000	0.000000	0.918296	0.000000	0.000000	0.591228	1.584963	0.138889	0.000000	0.000000	0.000000	0	0.000000	0	0.591228	1.584963	0.138889	0.000000	0.000000	0.000000	0	0.000000	0	0	0.000000	0.591228	1.584963	0.138889	0.000000	0.000000	0.000000
306|307	306	D	307	R	0.000000	0.333333	0.918296	0.918296	0.000000	0.000000	0.514704	1.584963	0.111111	0.000000	0.000000	0.000000	0	0.000000	0	0.514704	1.584963	0.111111	0.000000	0.000000	0.000000	0	0.000000	0	0	0.000000	0.514704	1.584963	0.111111	0.000000	0.000000	0.000000
307|308	307	R	308	R	0.333333	0.000000	0.918296	0.918296	0.000000	0.000000	0.514704	1.584963	0.111111	0.000000	0.000000	0.000000	0	0.000000	0	0.514704	1.584963	0.111111	0.000000	0.000000	0.000000	0	0.000000	0	0	0.000000	0.514704	1.584963	0.111111	0.000000	0.000000	0.000000
308|309	308	R	309	R	0.000000	0.000000	0.918296	0.000000	0.000000	0.000000	0.514704	1.584963	0.027778	0.000000	0.000000	0.000000	0	0.000000	0	0.514704	1.584963	0.027778	0.000000	0.000000	0.000000	0	0.000000	0	0	0.000000	0.514704	1.584963	0.027778	0.000000	0.000000	0.000000
309|310	309	R	310	S	0.000000	0.000000	0.000000	1.584963	0.000000	0.000000	0.514704	1.584963	0.027778	0.000000	0.000000	0.000000	0	0.000000	0	0.514704	1.584963	0.027778	0.000000	0.000000	0.000000	0	0.000000	0	0	0.000000	0.514704	1.584963	0.027778	0.000000	0.000000	0.000000
310|311	310	S	311	S	0.000000	0.000000	1.584963	0.918296	0.000000	0.000000	0.438179	1.584963	0.027778	0.000000	0.000000	0.000000	0	0.000000	0	0.438179	1.584963	0.027778	0.000000	0.000000	0.000000	0	0.000000	0	0	0.000000	0.438179	1.584963	0.027778	0.000000	0.000000	0.000000
311|312	311	S	312	A	0.000000	0.000000	0.918296	0.000000	0.000000	0.000000	0.438179	1.584963	0.111111	0.000000	0.000000	0.000000	0	0.000000	0	0.438179	1.584963	0.111111	0.000000	0.000000	0.000000	0	0.000000	0	0	0.000000	0.438179	1.584963	0.111111	0.000000	0.000000	0.000000
312|313	312	A	313	A	0.000000	0.000000	0.000000	0.000000	0.000000	0.000000	0.493734	1.584963	0.138889	0.000000	0.000000	0.000000	0	0.000000	0	0.493734	1.584963	0.138889	0.000000	0.000000	0.000000	0	0.000000	0	0	0.000000	0.493734	1.584963	0.138889	0.000000	0.000000	0.000000
313|314	313	A	314	Q	0.000000	0.000000	0.000000	0.000000	0.000000	0.000000	0.417210	1.584963	0.111111	0.000000	0.000000	0.000000	0	0.000000	0	0.417210	1.584963	0.111111	0.000000	0.000000	0.000000	0	0.000000	0	0	0.000000	0.417210	1.584963	0.111111	0.000000	0.000000	0.000000
314|315	314	Q	315	A	0.000000	0.000000	0.000000	0.000000	0.000000	0.000000	0.340685	1.584963	0.194444	0.000000	0.000000	0.000000	0	0.000000	0	0.340685	1.584963	0.194444	0.000000	0.000000	0.000000	0	0.000000	0	0	0.000000	0.340685	1.584963	0.194444	0.000000	0.000000	0.000000
315|316	315	A	316	M	0.000000	0.000000	0.000000	0.000000	0.000000	0.000000	0.340685	1.584963	0.277778	0.000000	0.000000	0.000000	0	0.000000	0	0.340685	1.584963	0.277778	0.000000	0.000000	0.000000	0	0.000000	0	0	0.000000	0.340685	1.584963	0.277778	0.000000	0.000000	0.000000
316|317	316	M	317	E	0.000000	1.000000	0.000000	0.000000	0.000000	0.000000	0.227569	1.584963	0.303030	0.000000	0.000000	0.000000	0	0.000000	0	0.227569	1.584963	0.303030	0.000000	0.000000	0.000000	0	0.000000	0	0	0.000000	0.227569	1.584963	0.303030	0.000000	0.000000	0.000000
317|318	317	E	318	A	1.000000	0.333333	0.000000	1.584963	0.000000	0.000000	0.158496	1.584963	0.333333	0.000000	0.000000	0.000000	0	0.000000	0	0.158496	1.584963	0.333333	0.000000	0.000000	0.000000	0	0.000000	0	0	0.000000	0.158496	1.584963	0.333333	0.000000	0.000000	0.000000
318|319	318	A	319	I	0.333333	0.000000	1.584963	0.000000	0.000000	0.000000	0.176107	1.584963	0.370370	0.000000	0.000000	0.000000	0	0.000000	0	0.176107	1.584963	0.370370	0.000000	0.000000	0.000000	0	0.000000	0	0	0.000000	0.176107	1.584963	0.370370	0.000000	0.000000	0.000000
319|320	319	I	320	F	0.000000	1.000000	0.000000	0.000000	0.000000	0.000000	0.198120	1.584963	0.416667	0.000000	0.000000	0.000000	0	0.000000	0	0.198120	1.584963	0.416667	0.000000	0.000000	0.000000	0	0.000000	0	0	0.000000	0.198120	1.584963	0.416667	0.000000	0.000000	0.000000
320|321	320	F	321	Q	1.000000	1.000000	0.000000	0.000000	0.000000	0.000000	0.226423	1.584963	0.476190	0.000000	0.000000	0.000000	0	0.000000	0	0.226423	1.584963	0.476190	0.000000	0.000000	0.000000	0	0.000000	0	0	0.000000	0.226423	1.584963	0.476190	0.000000	0.000000	0.000000
