construct_id	junction	tag_form	model_file	hexamer_model	status	min_tag_neighbor_A	tag_neighbor_clashes_2p5A	tag_neighbor_contacts_5A
A89_2C_155_156_G196_minimal	155|156	G196_minimal	results/open_structure_007/tier1_shallow/A89_2C_155_156_G196_minimal_unrelaxed_rank_001_alphafold2_ptm_model_1_seed_011.pdb	hexamer_01	completed	1.4275996570716456	3	13
A89_2C_155_156_G196_minimal	155|156	G196_minimal	results/open_structure_007/tier1_shallow/A89_2C_155_156_G196_minimal_unrelaxed_rank_001_alphafold2_ptm_model_1_seed_011.pdb	hexamer_02	completed	3.8648446966666543	0	4
A89_2C_155_156_G196_practical_GS	155|156	G196_practical_GS	results/open_structure_007/tier1_shallow/A89_2C_155_156_G196_practical_GS_unrelaxed_rank_001_alphafold2_ptm_model_1_seed_011.pdb	hexamer_01	completed	0.27376160617122663	19	34
A89_2C_155_156_G196_practical_GS	155|156	G196_practical_GS	results/open_structure_007/tier1_shallow/A89_2C_155_156_G196_practical_GS_unrelaxed_rank_001_alphafold2_ptm_model_1_seed_011.pdb	hexamer_02	completed	0.8549176351354335	13	24
A89_2C_155_156_HA	155|156	HA	results/open_structure_007/tier1_shallow/A89_2C_155_156_HA_unrelaxed_rank_001_alphafold2_ptm_model_1_seed_011.pdb	hexamer_01	completed	0.2882784008298403	22	45
A89_2C_155_156_HA	155|156	HA	results/open_structure_007/tier1_shallow/A89_2C_155_156_HA_unrelaxed_rank_001_alphafold2_ptm_model_1_seed_011.pdb	hexamer_02	completed	0.4151314317847384	20	36
A89_2C_155_156_MAP8	155|156	MAP8	results/open_structure_007/tier1_shallow/A89_2C_155_156_MAP8_unrelaxed_rank_001_alphafold2_ptm_model_1_seed_011.pdb	hexamer_01	completed	0.8141441394769098	13	30
A89_2C_155_156_MAP8	155|156	MAP8	results/open_structure_007/tier1_shallow/A89_2C_155_156_MAP8_unrelaxed_rank_001_alphafold2_ptm_model_1_seed_011.pdb	hexamer_02	completed	0.5529709215597581	4	22
A89_2C_203_204_G196_minimal	203|204	G196_minimal	results/open_structure_007/tier1_shallow/A89_2C_203_204_G196_minimal_unrelaxed_rank_001_alphafold2_ptm_model_1_seed_011.pdb	hexamer_01	completed	2.0008774495093062	3	10
A89_2C_203_204_G196_minimal	203|204	G196_minimal	results/open_structure_007/tier1_shallow/A89_2C_203_204_G196_minimal_unrelaxed_rank_001_alphafold2_ptm_model_1_seed_011.pdb	hexamer_02	completed	1.545434942163938	6	12
A89_2C_203_204_G196_practical_GS	203|204	G196_practical_GS	results/open_structure_007/tier1_shallow/A89_2C_203_204_G196_practical_GS_unrelaxed_rank_001_alphafold2_ptm_model_1_seed_011.pdb	hexamer_01	completed	0.1833552238813598	48	58
A89_2C_203_204_G196_practical_GS	203|204	G196_practical_GS	results/open_structure_007/tier1_shallow/A89_2C_203_204_G196_practical_GS_unrelaxed_rank_001_alphafold2_ptm_model_1_seed_011.pdb	hexamer_02	completed	0.10714041954896496	52	60
A89_2C_203_204_HA	203|204	HA	results/open_structure_007/tier1_shallow/A89_2C_203_204_HA_unrelaxed_rank_001_alphafold2_ptm_model_1_seed_011.pdb	hexamer_01	completed	1.3749097912220487	3	30
A89_2C_203_204_HA	203|204	HA	results/open_structure_007/tier1_shallow/A89_2C_203_204_HA_unrelaxed_rank_001_alphafold2_ptm_model_1_seed_011.pdb	hexamer_02	completed	1.2729572811483798	10	36
A89_2C_203_204_MAP8	203|204	MAP8	results/open_structure_007/tier1_shallow/A89_2C_203_204_MAP8_unrelaxed_rank_001_alphafold2_ptm_model_1_seed_011.pdb	hexamer_01	completed	0.39871302577158774	48	49
A89_2C_203_204_MAP8	203|204	MAP8	results/open_structure_007/tier1_shallow/A89_2C_203_204_MAP8_unrelaxed_rank_001_alphafold2_ptm_model_1_seed_011.pdb	hexamer_02	completed	0.4326373826485684	49	49
A89_2C_216_217_G196_minimal	216|217	G196_minimal	results/open_structure_007/tier1_shallow/A89_2C_216_217_G196_minimal_unrelaxed_rank_001_alphafold2_ptm_model_1_seed_011.pdb	hexamer_01	completed	8.125227542023637	0	0
A89_2C_216_217_G196_minimal	216|217	G196_minimal	results/open_structure_007/tier1_shallow/A89_2C_216_217_G196_minimal_unrelaxed_rank_001_alphafold2_ptm_model_1_seed_011.pdb	hexamer_02	completed	8.811376732720666	0	0
A89_2C_216_217_G196_practical_GS	216|217	G196_practical_GS	results/open_structure_007/tier1_shallow/A89_2C_216_217_G196_practical_GS_unrelaxed_rank_001_alphafold2_ptm_model_1_seed_011.pdb	hexamer_01	completed	6.499368510725799	0	0
A89_2C_216_217_G196_practical_GS	216|217	G196_practical_GS	results/open_structure_007/tier1_shallow/A89_2C_216_217_G196_practical_GS_unrelaxed_rank_001_alphafold2_ptm_model_1_seed_011.pdb	hexamer_02	completed	6.033284100619278	0	0
A89_2C_216_217_HA	216|217	HA	results/open_structure_007/tier1_shallow/A89_2C_216_217_HA_unrelaxed_rank_001_alphafold2_ptm_model_1_seed_011.pdb	hexamer_01	completed	5.006360112868548	0	0
A89_2C_216_217_HA	216|217	HA	results/open_structure_007/tier1_shallow/A89_2C_216_217_HA_unrelaxed_rank_001_alphafold2_ptm_model_1_seed_011.pdb	hexamer_02	completed	5.962430026796845	0	0
A89_2C_216_217_MAP8	216|217	MAP8	results/open_structure_007/tier1_shallow/A89_2C_216_217_MAP8_unrelaxed_rank_001_alphafold2_ptm_model_1_seed_011.pdb	hexamer_01	completed	7.387114807718412	0	0
A89_2C_216_217_MAP8	216|217	MAP8	results/open_structure_007/tier1_shallow/A89_2C_216_217_MAP8_unrelaxed_rank_001_alphafold2_ptm_model_1_seed_011.pdb	hexamer_02	completed	8.044716569208903	0	0
A89_2C_224_225_G196_minimal	224|225	G196_minimal	results/open_structure_007/tier1_shallow/A89_2C_224_225_G196_minimal_unrelaxed_rank_001_alphafold2_ptm_model_1_seed_011.pdb	hexamer_01	completed	6.886566632178586	0	0
A89_2C_224_225_G196_minimal	224|225	G196_minimal	results/open_structure_007/tier1_shallow/A89_2C_224_225_G196_minimal_unrelaxed_rank_001_alphafold2_ptm_model_1_seed_011.pdb	hexamer_02	completed	7.57839337833488	0	0
A89_2C_224_225_G196_practical_GS	224|225	G196_practical_GS	results/open_structure_007/tier1_shallow/A89_2C_224_225_G196_practical_GS_unrelaxed_rank_001_alphafold2_ptm_model_1_seed_011.pdb	hexamer_01	completed	9.887858395644704	0	0
A89_2C_224_225_G196_practical_GS	224|225	G196_practical_GS	results/open_structure_007/tier1_shallow/A89_2C_224_225_G196_practical_GS_unrelaxed_rank_001_alphafold2_ptm_model_1_seed_011.pdb	hexamer_02	completed	8.904156066943354	0	0
A89_2C_224_225_HA	224|225	HA	results/open_structure_007/tier1_shallow/A89_2C_224_225_HA_unrelaxed_rank_001_alphafold2_ptm_model_1_seed_011.pdb	hexamer_01	completed	7.614385965485899	0	0
A89_2C_224_225_HA	224|225	HA	results/open_structure_007/tier1_shallow/A89_2C_224_225_HA_unrelaxed_rank_001_alphafold2_ptm_model_1_seed_011.pdb	hexamer_02	completed	8.069186390517377	0	0
A89_2C_224_225_MAP8	224|225	MAP8	results/open_structure_007/tier1_shallow/A89_2C_224_225_MAP8_unrelaxed_rank_001_alphafold2_ptm_model_1_seed_011.pdb	hexamer_01	completed	6.753383797590259	0	0
A89_2C_224_225_MAP8	224|225	MAP8	results/open_structure_007/tier1_shallow/A89_2C_224_225_MAP8_unrelaxed_rank_001_alphafold2_ptm_model_1_seed_011.pdb	hexamer_02	completed	7.683172910425335	0	0
A89_2C_248_249_G196_minimal	248|249	G196_minimal	results/open_structure_007/tier1_shallow/A89_2C_248_249_G196_minimal_unrelaxed_rank_001_alphafold2_ptm_model_1_seed_011.pdb	hexamer_01	completed	1.3794462268847847	2	15
A89_2C_248_249_G196_minimal	248|249	G196_minimal	results/open_structure_007/tier1_shallow/A89_2C_248_249_G196_minimal_unrelaxed_rank_001_alphafold2_ptm_model_1_seed_011.pdb	hexamer_02	completed	1.1528549493645417	5	13
A89_2C_248_249_G196_practical_GS	248|249	G196_practical_GS	results/open_structure_007/tier1_shallow/A89_2C_248_249_G196_practical_GS_unrelaxed_rank_001_alphafold2_ptm_model_1_seed_011.pdb	hexamer_01	completed	0.1620207637197661	6	18
A89_2C_248_249_G196_practical_GS	248|249	G196_practical_GS	results/open_structure_007/tier1_shallow/A89_2C_248_249_G196_practical_GS_unrelaxed_rank_001_alphafold2_ptm_model_1_seed_011.pdb	hexamer_02	completed	1.358362954558307	3	14
A89_2C_248_249_HA	248|249	HA	results/open_structure_007/tier1_shallow/A89_2C_248_249_HA_unrelaxed_rank_001_alphafold2_ptm_model_1_seed_011.pdb	hexamer_01	completed	0.3512524738482679	12	31
A89_2C_248_249_HA	248|249	HA	results/open_structure_007/tier1_shallow/A89_2C_248_249_HA_unrelaxed_rank_001_alphafold2_ptm_model_1_seed_011.pdb	hexamer_02	completed	0.4143152901680647	13	29
A89_2C_248_249_MAP8	248|249	MAP8	results/open_structure_007/tier1_shallow/A89_2C_248_249_MAP8_unrelaxed_rank_001_alphafold2_ptm_model_1_seed_011.pdb	hexamer_01	completed	3.7808289867632143	0	9
A89_2C_248_249_MAP8	248|249	MAP8	results/open_structure_007/tier1_shallow/A89_2C_248_249_MAP8_unrelaxed_rank_001_alphafold2_ptm_model_1_seed_011.pdb	hexamer_02	completed	3.791992058233121	0	11
A89_2C_256_257_G196_minimal	256|257	G196_minimal	results/open_structure_007/tier1_shallow/A89_2C_256_257_G196_minimal_unrelaxed_rank_001_alphafold2_ptm_model_1_seed_011.pdb	hexamer_01	completed	0.6244061641067433	21	39
A89_2C_256_257_G196_minimal	256|257	G196_minimal	results/open_structure_007/tier1_shallow/A89_2C_256_257_G196_minimal_unrelaxed_rank_001_alphafold2_ptm_model_1_seed_011.pdb	hexamer_02	completed	0.3768316351720681	27	41
A89_2C_256_257_G196_practical_GS	256|257	G196_practical_GS	results/open_structure_007/tier1_shallow/A89_2C_256_257_G196_practical_GS_unrelaxed_rank_001_alphafold2_ptm_model_1_seed_011.pdb	hexamer_01	completed	0.3208085429258735	18	47
A89_2C_256_257_G196_practical_GS	256|257	G196_practical_GS	results/open_structure_007/tier1_shallow/A89_2C_256_257_G196_practical_GS_unrelaxed_rank_001_alphafold2_ptm_model_1_seed_011.pdb	hexamer_02	completed	0.8411075362474268	28	50
A89_2C_256_257_HA	256|257	HA	results/open_structure_007/tier1_shallow/A89_2C_256_257_HA_unrelaxed_rank_001_alphafold2_ptm_model_1_seed_011.pdb	hexamer_01	completed	0.46316665181578603	37	62
A89_2C_256_257_HA	256|257	HA	results/open_structure_007/tier1_shallow/A89_2C_256_257_HA_unrelaxed_rank_001_alphafold2_ptm_model_1_seed_011.pdb	hexamer_02	completed	0.357595593711891	43	65
A89_2C_256_257_MAP8	256|257	MAP8	results/open_structure_007/tier1_shallow/A89_2C_256_257_MAP8_unrelaxed_rank_001_alphafold2_ptm_model_1_seed_011.pdb	hexamer_01	completed	0.24974889858684202	18	42
A89_2C_256_257_MAP8	256|257	MAP8	results/open_structure_007/tier1_shallow/A89_2C_256_257_MAP8_unrelaxed_rank_001_alphafold2_ptm_model_1_seed_011.pdb	hexamer_02	completed	0.11851112956355764	24	47
A89_2C_287_288_G196_minimal	287|288	G196_minimal	results/open_structure_007/tier1_shallow/A89_2C_287_288_G196_minimal_unrelaxed_rank_001_alphafold2_ptm_model_1_seed_011.pdb	hexamer_01	completed	9.444708654306185	0	0
A89_2C_287_288_G196_minimal	287|288	G196_minimal	results/open_structure_007/tier1_shallow/A89_2C_287_288_G196_minimal_unrelaxed_rank_001_alphafold2_ptm_model_1_seed_011.pdb	hexamer_02	completed	9.07402966120361	0	0
A89_2C_287_288_G196_practical_GS	287|288	G196_practical_GS	results/open_structure_007/tier1_shallow/A89_2C_287_288_G196_practical_GS_unrelaxed_rank_001_alphafold2_ptm_model_1_seed_011.pdb	hexamer_01	completed	4.295652393287122	0	2
A89_2C_287_288_G196_practical_GS	287|288	G196_practical_GS	results/open_structure_007/tier1_shallow/A89_2C_287_288_G196_practical_GS_unrelaxed_rank_001_alphafold2_ptm_model_1_seed_011.pdb	hexamer_02	completed	5.07883456950162	0	0
A89_2C_287_288_HA	287|288	HA	results/open_structure_007/tier1_shallow/A89_2C_287_288_HA_unrelaxed_rank_001_alphafold2_ptm_model_1_seed_011.pdb	hexamer_01	completed	1.4541413255646853	1	7
A89_2C_287_288_HA	287|288	HA	results/open_structure_007/tier1_shallow/A89_2C_287_288_HA_unrelaxed_rank_001_alphafold2_ptm_model_1_seed_011.pdb	hexamer_02	completed	2.603673632991878	0	4
A89_2C_287_288_MAP8	287|288	MAP8	results/open_structure_007/tier1_shallow/A89_2C_287_288_MAP8_unrelaxed_rank_001_alphafold2_ptm_model_1_seed_011.pdb	hexamer_01	completed	1.8596531864011892	1	4
A89_2C_287_288_MAP8	287|288	MAP8	results/open_structure_007/tier1_shallow/A89_2C_287_288_MAP8_unrelaxed_rank_001_alphafold2_ptm_model_1_seed_011.pdb	hexamer_02	completed	2.9967739830738243	0	3
A89_2C_288_289_G196_minimal	288|289	G196_minimal	results/open_structure_007/tier1_shallow/A89_2C_288_289_G196_minimal_unrelaxed_rank_001_alphafold2_ptm_model_1_seed_011.pdb	hexamer_01	completed	6.863608855178566	0	0
A89_2C_288_289_G196_minimal	288|289	G196_minimal	results/open_structure_007/tier1_shallow/A89_2C_288_289_G196_minimal_unrelaxed_rank_001_alphafold2_ptm_model_1_seed_011.pdb	hexamer_02	completed	7.384201012818663	0	0
A89_2C_288_289_G196_practical_GS	288|289	G196_practical_GS	results/open_structure_007/tier1_shallow/A89_2C_288_289_G196_practical_GS_unrelaxed_rank_001_alphafold2_ptm_model_1_seed_011.pdb	hexamer_01	completed	6.819758273006993	0	0
A89_2C_288_289_G196_practical_GS	288|289	G196_practical_GS	results/open_structure_007/tier1_shallow/A89_2C_288_289_G196_practical_GS_unrelaxed_rank_001_alphafold2_ptm_model_1_seed_011.pdb	hexamer_02	completed	7.823571236877322	0	0
A89_2C_288_289_HA	288|289	HA	results/open_structure_007/tier1_shallow/A89_2C_288_289_HA_unrelaxed_rank_001_alphafold2_ptm_model_1_seed_011.pdb	hexamer_01	completed	10.48454668967866	0	0
A89_2C_288_289_HA	288|289	HA	results/open_structure_007/tier1_shallow/A89_2C_288_289_HA_unrelaxed_rank_001_alphafold2_ptm_model_1_seed_011.pdb	hexamer_02	completed	11.529292136029936	0	0
A89_2C_288_289_MAP8	288|289	MAP8	results/open_structure_007/tier1_shallow/A89_2C_288_289_MAP8_unrelaxed_rank_001_alphafold2_ptm_model_1_seed_011.pdb	hexamer_01	completed	6.777915189870146	0	0
A89_2C_288_289_MAP8	288|289	MAP8	results/open_structure_007/tier1_shallow/A89_2C_288_289_MAP8_unrelaxed_rank_001_alphafold2_ptm_model_1_seed_011.pdb	hexamer_02	completed	8.394123843347218	0	0
A89_2C_289_290_G196_minimal	289|290	G196_minimal	results/open_structure_007/tier1_shallow/A89_2C_289_290_G196_minimal_unrelaxed_rank_001_alphafold2_ptm_model_1_seed_011.pdb	hexamer_01	completed	9.452113297272767	0	0
A89_2C_289_290_G196_minimal	289|290	G196_minimal	results/open_structure_007/tier1_shallow/A89_2C_289_290_G196_minimal_unrelaxed_rank_001_alphafold2_ptm_model_1_seed_011.pdb	hexamer_02	completed	10.217751473721117	0	0
A89_2C_289_290_G196_practical_GS	289|290	G196_practical_GS	results/open_structure_007/tier1_shallow/A89_2C_289_290_G196_practical_GS_unrelaxed_rank_001_alphafold2_ptm_model_1_seed_011.pdb	hexamer_01	completed	4.4201338778536154	0	1
A89_2C_289_290_G196_practical_GS	289|290	G196_practical_GS	results/open_structure_007/tier1_shallow/A89_2C_289_290_G196_practical_GS_unrelaxed_rank_001_alphafold2_ptm_model_1_seed_011.pdb	hexamer_02	completed	5.457710733026714	0	0
A89_2C_289_290_HA	289|290	HA	results/open_structure_007/tier1_shallow/A89_2C_289_290_HA_unrelaxed_rank_001_alphafold2_ptm_model_1_seed_011.pdb	hexamer_01	completed	11.925703389683083	0	0
A89_2C_289_290_HA	289|290	HA	results/open_structure_007/tier1_shallow/A89_2C_289_290_HA_unrelaxed_rank_001_alphafold2_ptm_model_1_seed_011.pdb	hexamer_02	completed	12.824911232241774	0	0
A89_2C_289_290_MAP8	289|290	MAP8	results/open_structure_007/tier1_shallow/A89_2C_289_290_MAP8_unrelaxed_rank_001_alphafold2_ptm_model_1_seed_011.pdb	hexamer_01	completed	4.332556980780564	0	2
A89_2C_289_290_MAP8	289|290	MAP8	results/open_structure_007/tier1_shallow/A89_2C_289_290_MAP8_unrelaxed_rank_001_alphafold2_ptm_model_1_seed_011.pdb	hexamer_02	completed	5.945484114264115	0	0
A89_2C_290_291_G196_minimal	290|291	G196_minimal	results/open_structure_007/tier1_shallow/A89_2C_290_291_G196_minimal_unrelaxed_rank_001_alphafold2_ptm_model_1_seed_011.pdb	hexamer_01	completed	14.29396706520098	0	0
A89_2C_290_291_G196_minimal	290|291	G196_minimal	results/open_structure_007/tier1_shallow/A89_2C_290_291_G196_minimal_unrelaxed_rank_001_alphafold2_ptm_model_1_seed_011.pdb	hexamer_02	completed	15.595446253296576	0	0
A89_2C_290_291_G196_practical_GS	290|291	G196_practical_GS	results/open_structure_007/tier1_shallow/A89_2C_290_291_G196_practical_GS_unrelaxed_rank_001_alphafold2_ptm_model_1_seed_011.pdb	hexamer_01	completed	10.612201000648959	0	0
A89_2C_290_291_G196_practical_GS	290|291	G196_practical_GS	results/open_structure_007/tier1_shallow/A89_2C_290_291_G196_practical_GS_unrelaxed_rank_001_alphafold2_ptm_model_1_seed_011.pdb	hexamer_02	completed	11.225615802770793	0	0
A89_2C_290_291_HA	290|291	HA	results/open_structure_007/tier1_shallow/A89_2C_290_291_HA_unrelaxed_rank_001_alphafold2_ptm_model_1_seed_011.pdb	hexamer_01	completed	8.916349895123433	0	0
A89_2C_290_291_HA	290|291	HA	results/open_structure_007/tier1_shallow/A89_2C_290_291_HA_unrelaxed_rank_001_alphafold2_ptm_model_1_seed_011.pdb	hexamer_02	completed	8.535960685226517	0	0
A89_2C_290_291_MAP8	290|291	MAP8	results/open_structure_007/tier1_shallow/A89_2C_290_291_MAP8_unrelaxed_rank_001_alphafold2_ptm_model_1_seed_011.pdb	hexamer_01	completed	4.8332528315907375	0	1
A89_2C_290_291_MAP8	290|291	MAP8	results/open_structure_007/tier1_shallow/A89_2C_290_291_MAP8_unrelaxed_rank_001_alphafold2_ptm_model_1_seed_011.pdb	hexamer_02	completed	5.818364815916585	0	0
A89_2C_289_290_G196_minimal	289|290	G196_minimal	results/open_structure_007/deep_subset/A89_2C_289_290_G196_minimal_unrelaxed_rank_001_alphafold2_ptm_model_1_seed_022.pdb	hexamer_01	completed	9.313184583200847	0	0
A89_2C_289_290_G196_minimal	289|290	G196_minimal	results/open_structure_007/deep_subset/A89_2C_289_290_G196_minimal_unrelaxed_rank_001_alphafold2_ptm_model_1_seed_022.pdb	hexamer_02	completed	9.872559653809699	0	0
A89_2C_289_290_G196_minimal	289|290	G196_minimal	results/open_structure_007/deep_subset/A89_2C_289_290_G196_minimal_unrelaxed_rank_002_alphafold2_ptm_model_1_seed_021.pdb	hexamer_01	completed	8.937932061959572	0	0
A89_2C_289_290_G196_minimal	289|290	G196_minimal	results/open_structure_007/deep_subset/A89_2C_289_290_G196_minimal_unrelaxed_rank_002_alphafold2_ptm_model_1_seed_021.pdb	hexamer_02	completed	9.335852867588882	0	0
A89_2C_289_290_MAP8	289|290	MAP8	results/open_structure_007/deep_subset/A89_2C_289_290_MAP8_unrelaxed_rank_001_alphafold2_ptm_model_1_seed_022.pdb	hexamer_01	completed	3.709954379659562	0	1
A89_2C_289_290_MAP8	289|290	MAP8	results/open_structure_007/deep_subset/A89_2C_289_290_MAP8_unrelaxed_rank_001_alphafold2_ptm_model_1_seed_022.pdb	hexamer_02	completed	5.3225377089054025	0	0
A89_2C_289_290_MAP8	289|290	MAP8	results/open_structure_007/deep_subset/A89_2C_289_290_MAP8_unrelaxed_rank_002_alphafold2_ptm_model_1_seed_021.pdb	hexamer_01	completed	3.62549483782359	0	1
A89_2C_289_290_MAP8	289|290	MAP8	results/open_structure_007/deep_subset/A89_2C_289_290_MAP8_unrelaxed_rank_002_alphafold2_ptm_model_1_seed_021.pdb	hexamer_02	completed	4.841400326516026	0	1
A89_2C_290_291_G196_minimal	290|291	G196_minimal	results/open_structure_007/deep_subset/A89_2C_290_291_G196_minimal_unrelaxed_rank_001_alphafold2_ptm_model_1_seed_022.pdb	hexamer_01	completed	14.187061621598593	0	0
A89_2C_290_291_G196_minimal	290|291	G196_minimal	results/open_structure_007/deep_subset/A89_2C_290_291_G196_minimal_unrelaxed_rank_001_alphafold2_ptm_model_1_seed_022.pdb	hexamer_02	completed	15.506728835213845	0	0
A89_2C_290_291_G196_minimal	290|291	G196_minimal	results/open_structure_007/deep_subset/A89_2C_290_291_G196_minimal_unrelaxed_rank_002_alphafold2_ptm_model_1_seed_021.pdb	hexamer_01	completed	14.328387852728918	0	0
A89_2C_290_291_G196_minimal	290|291	G196_minimal	results/open_structure_007/deep_subset/A89_2C_290_291_G196_minimal_unrelaxed_rank_002_alphafold2_ptm_model_1_seed_021.pdb	hexamer_02	completed	15.605219058645202	0	0
A89_2C_290_291_MAP8	290|291	MAP8	results/open_structure_007/deep_subset/A89_2C_290_291_MAP8_unrelaxed_rank_001_alphafold2_ptm_model_1_seed_022.pdb	hexamer_01	completed	3.214708348543321	0	5
A89_2C_290_291_MAP8	290|291	MAP8	results/open_structure_007/deep_subset/A89_2C_290_291_MAP8_unrelaxed_rank_001_alphafold2_ptm_model_1_seed_022.pdb	hexamer_02	completed	4.427771864588794	0	1
A89_2C_290_291_MAP8	290|291	MAP8	results/open_structure_007/deep_subset/A89_2C_290_291_MAP8_unrelaxed_rank_002_alphafold2_ptm_model_1_seed_021.pdb	hexamer_01	completed	3.1969268458560984	0	3
A89_2C_290_291_MAP8	290|291	MAP8	results/open_structure_007/deep_subset/A89_2C_290_291_MAP8_unrelaxed_rank_002_alphafold2_ptm_model_1_seed_021.pdb	hexamer_02	completed	4.316870561219847	0	1
