construct_id	junction	tag_form	model_file	wt_contact_count	tagged_native_contact_count	native_contact_loss_count	native_contact_gain_count	local_contact_loss_count	local_contact_gain_count
A89_2C_155_156_G196_minimal	155|156	G196_minimal	results/open_structure_007/tier1_shallow/A89_2C_155_156_G196_minimal_unrelaxed_rank_001_alphafold2_ptm_model_1_seed_011.pdb	815	808	19	12	13	3
A89_2C_155_156_G196_practical_GS	155|156	G196_practical_GS	results/open_structure_007/tier1_shallow/A89_2C_155_156_G196_practical_GS_unrelaxed_rank_001_alphafold2_ptm_model_1_seed_011.pdb	815	809	23	17	18	10
A89_2C_155_156_HA	155|156	HA	results/open_structure_007/tier1_shallow/A89_2C_155_156_HA_unrelaxed_rank_001_alphafold2_ptm_model_1_seed_011.pdb	815	807	20	12	13	2
A89_2C_155_156_MAP8	155|156	MAP8	results/open_structure_007/tier1_shallow/A89_2C_155_156_MAP8_unrelaxed_rank_001_alphafold2_ptm_model_1_seed_011.pdb	815	803	22	10	13	2
A89_2C_203_204_G196_minimal	203|204	G196_minimal	results/open_structure_007/tier1_shallow/A89_2C_203_204_G196_minimal_unrelaxed_rank_001_alphafold2_ptm_model_1_seed_011.pdb	815	801	26	12	12	5
A89_2C_203_204_G196_practical_GS	203|204	G196_practical_GS	results/open_structure_007/tier1_shallow/A89_2C_203_204_G196_practical_GS_unrelaxed_rank_001_alphafold2_ptm_model_1_seed_011.pdb	815	799	22	6	13	0
A89_2C_203_204_HA	203|204	HA	results/open_structure_007/tier1_shallow/A89_2C_203_204_HA_unrelaxed_rank_001_alphafold2_ptm_model_1_seed_011.pdb	815	808	20	13	13	1
A89_2C_203_204_MAP8	203|204	MAP8	results/open_structure_007/tier1_shallow/A89_2C_203_204_MAP8_unrelaxed_rank_001_alphafold2_ptm_model_1_seed_011.pdb	815	802	29	16	16	1
A89_2C_216_217_G196_minimal	216|217	G196_minimal	results/open_structure_007/tier1_shallow/A89_2C_216_217_G196_minimal_unrelaxed_rank_001_alphafold2_ptm_model_1_seed_011.pdb	815	793	39	17	10	3
A89_2C_216_217_G196_practical_GS	216|217	G196_practical_GS	results/open_structure_007/tier1_shallow/A89_2C_216_217_G196_practical_GS_unrelaxed_rank_001_alphafold2_ptm_model_1_seed_011.pdb	815	796	36	17	10	1
A89_2C_216_217_HA	216|217	HA	results/open_structure_007/tier1_shallow/A89_2C_216_217_HA_unrelaxed_rank_001_alphafold2_ptm_model_1_seed_011.pdb	815	799	27	11	8	4
A89_2C_216_217_MAP8	216|217	MAP8	results/open_structure_007/tier1_shallow/A89_2C_216_217_MAP8_unrelaxed_rank_001_alphafold2_ptm_model_1_seed_011.pdb	815	802	31	18	10	3
A89_2C_224_225_G196_minimal	224|225	G196_minimal	results/open_structure_007/tier1_shallow/A89_2C_224_225_G196_minimal_unrelaxed_rank_001_alphafold2_ptm_model_1_seed_011.pdb	815	790	39	14	16	2
A89_2C_224_225_G196_practical_GS	224|225	G196_practical_GS	results/open_structure_007/tier1_shallow/A89_2C_224_225_G196_practical_GS_unrelaxed_rank_001_alphafold2_ptm_model_1_seed_011.pdb	815	798	32	15	16	6
A89_2C_224_225_HA	224|225	HA	results/open_structure_007/tier1_shallow/A89_2C_224_225_HA_unrelaxed_rank_001_alphafold2_ptm_model_1_seed_011.pdb	815	804	26	15	13	6
A89_2C_224_225_MAP8	224|225	MAP8	results/open_structure_007/tier1_shallow/A89_2C_224_225_MAP8_unrelaxed_rank_001_alphafold2_ptm_model_1_seed_011.pdb	815	805	26	16	13	4
A89_2C_248_249_G196_minimal	248|249	G196_minimal	results/open_structure_007/tier1_shallow/A89_2C_248_249_G196_minimal_unrelaxed_rank_001_alphafold2_ptm_model_1_seed_011.pdb	815	813	5	3	2	0
A89_2C_248_249_G196_practical_GS	248|249	G196_practical_GS	results/open_structure_007/tier1_shallow/A89_2C_248_249_G196_practical_GS_unrelaxed_rank_001_alphafold2_ptm_model_1_seed_011.pdb	815	805	15	5	3	3
A89_2C_248_249_HA	248|249	HA	results/open_structure_007/tier1_shallow/A89_2C_248_249_HA_unrelaxed_rank_001_alphafold2_ptm_model_1_seed_011.pdb	815	817	3	5	1	1
A89_2C_248_249_MAP8	248|249	MAP8	results/open_structure_007/tier1_shallow/A89_2C_248_249_MAP8_unrelaxed_rank_001_alphafold2_ptm_model_1_seed_011.pdb	815	813	10	8	3	5
A89_2C_256_257_G196_minimal	256|257	G196_minimal	results/open_structure_007/tier1_shallow/A89_2C_256_257_G196_minimal_unrelaxed_rank_001_alphafold2_ptm_model_1_seed_011.pdb	815	814	15	14	8	1
A89_2C_256_257_G196_practical_GS	256|257	G196_practical_GS	results/open_structure_007/tier1_shallow/A89_2C_256_257_G196_practical_GS_unrelaxed_rank_001_alphafold2_ptm_model_1_seed_011.pdb	815	814	10	9	3	0
A89_2C_256_257_HA	256|257	HA	results/open_structure_007/tier1_shallow/A89_2C_256_257_HA_unrelaxed_rank_001_alphafold2_ptm_model_1_seed_011.pdb	815	816	7	8	2	1
A89_2C_256_257_MAP8	256|257	MAP8	results/open_structure_007/tier1_shallow/A89_2C_256_257_MAP8_unrelaxed_rank_001_alphafold2_ptm_model_1_seed_011.pdb	815	817	8	10	2	0
A89_2C_287_288_G196_minimal	287|288	G196_minimal	results/open_structure_007/tier1_shallow/A89_2C_287_288_G196_minimal_unrelaxed_rank_001_alphafold2_ptm_model_1_seed_011.pdb	815	808	13	6	5	0
A89_2C_287_288_G196_practical_GS	287|288	G196_practical_GS	results/open_structure_007/tier1_shallow/A89_2C_287_288_G196_practical_GS_unrelaxed_rank_001_alphafold2_ptm_model_1_seed_011.pdb	815	809	12	6	4	0
A89_2C_287_288_HA	287|288	HA	results/open_structure_007/tier1_shallow/A89_2C_287_288_HA_unrelaxed_rank_001_alphafold2_ptm_model_1_seed_011.pdb	815	806	13	4	4	0
A89_2C_287_288_MAP8	287|288	MAP8	results/open_structure_007/tier1_shallow/A89_2C_287_288_MAP8_unrelaxed_rank_001_alphafold2_ptm_model_1_seed_011.pdb	815	805	14	4	3	1
A89_2C_288_289_G196_minimal	288|289	G196_minimal	results/open_structure_007/tier1_shallow/A89_2C_288_289_G196_minimal_unrelaxed_rank_001_alphafold2_ptm_model_1_seed_011.pdb	815	806	13	4	5	0
A89_2C_288_289_G196_practical_GS	288|289	G196_practical_GS	results/open_structure_007/tier1_shallow/A89_2C_288_289_G196_practical_GS_unrelaxed_rank_001_alphafold2_ptm_model_1_seed_011.pdb	815	809	14	8	3	0
A89_2C_288_289_HA	288|289	HA	results/open_structure_007/tier1_shallow/A89_2C_288_289_HA_unrelaxed_rank_001_alphafold2_ptm_model_1_seed_011.pdb	815	813	9	7	3	2
A89_2C_288_289_MAP8	288|289	MAP8	results/open_structure_007/tier1_shallow/A89_2C_288_289_MAP8_unrelaxed_rank_001_alphafold2_ptm_model_1_seed_011.pdb	815	809	14	8	3	1
A89_2C_289_290_G196_minimal	289|290	G196_minimal	results/open_structure_007/tier1_shallow/A89_2C_289_290_G196_minimal_unrelaxed_rank_001_alphafold2_ptm_model_1_seed_011.pdb	815	807	14	6	4	2
A89_2C_289_290_G196_practical_GS	289|290	G196_practical_GS	results/open_structure_007/tier1_shallow/A89_2C_289_290_G196_practical_GS_unrelaxed_rank_001_alphafold2_ptm_model_1_seed_011.pdb	815	807	14	6	3	0
A89_2C_289_290_HA	289|290	HA	results/open_structure_007/tier1_shallow/A89_2C_289_290_HA_unrelaxed_rank_001_alphafold2_ptm_model_1_seed_011.pdb	815	810	12	7	2	1
A89_2C_289_290_MAP8	289|290	MAP8	results/open_structure_007/tier1_shallow/A89_2C_289_290_MAP8_unrelaxed_rank_001_alphafold2_ptm_model_1_seed_011.pdb	815	808	13	6	4	2
A89_2C_290_291_G196_minimal	290|291	G196_minimal	results/open_structure_007/tier1_shallow/A89_2C_290_291_G196_minimal_unrelaxed_rank_001_alphafold2_ptm_model_1_seed_011.pdb	815	813	10	8	3	0
A89_2C_290_291_G196_practical_GS	290|291	G196_practical_GS	results/open_structure_007/tier1_shallow/A89_2C_290_291_G196_practical_GS_unrelaxed_rank_001_alphafold2_ptm_model_1_seed_011.pdb	815	813	10	8	2	1
A89_2C_290_291_HA	290|291	HA	results/open_structure_007/tier1_shallow/A89_2C_290_291_HA_unrelaxed_rank_001_alphafold2_ptm_model_1_seed_011.pdb	815	809	14	8	2	1
A89_2C_290_291_MAP8	290|291	MAP8	results/open_structure_007/tier1_shallow/A89_2C_290_291_MAP8_unrelaxed_rank_001_alphafold2_ptm_model_1_seed_011.pdb	815	816	7	8	4	5
