construct_id	junction	tag_form	model_file	native_ca_count	native_2c_ca_rmsd_to_wt_A	local_window_ca_rmsd_A	usalign_tm_score	usalign_status	native_2c_mean_plddt	wt_native_2c_mean_plddt	native_2c_plddt_delta_vs_wt	tag_mean_plddt	tag_native_min_heavy_atom_A	severe_clashes_2A_pre_openmm
A89_2C_WT	WT	WT	results/open_structure_007/wt_smoke/A89_2C_WT_unrelaxed_rank_001_alphafold2_ptm_model_1_seed_007.pdb	321	7.282507951053673e-15		1.0	WT_reference	86.48959501557631	86.48959501557631	0.0			7
A89_2C_155_156_G196_minimal	155|156	G196_minimal	results/open_structure_007/tier1_shallow/A89_2C_155_156_G196_minimal_unrelaxed_rank_001_alphafold2_ptm_model_1_seed_011.pdb	321	1.710599398213795	5.259720764683483	0.93565	completed	83.9691277258567	86.48959501557631	-2.520467289719619	47.482	1.4178712775880995	4
A89_2C_155_156_G196_practical_GS	155|156	G196_practical_GS	results/open_structure_007/tier1_shallow/A89_2C_155_156_G196_practical_GS_unrelaxed_rank_001_alphafold2_ptm_model_1_seed_011.pdb	321	2.208656088001477	8.479613161580907	0.91134	completed	84.31725856697818	86.48959501557631	-2.1723364485981307	47.705555555555556	1.4136868877271147	1
A89_2C_155_156_HA	155|156	HA	results/open_structure_007/tier1_shallow/A89_2C_155_156_HA_unrelaxed_rank_001_alphafold2_ptm_model_1_seed_011.pdb	321	2.724093832953984	7.416219196749806	0.86000	completed	84.21495327102804	86.48959501557631	-2.2746417445482763	48.54888888888889	1.0146712899652033	5
A89_2C_155_156_MAP8	155|156	MAP8	results/open_structure_007/tier1_shallow/A89_2C_155_156_MAP8_unrelaxed_rank_001_alphafold2_ptm_model_1_seed_011.pdb	321	1.089765193919869	4.730778674363309	0.96018	completed	84.63267912772585	86.48959501557631	-1.8569158878504624	49.52375	1.4134559256744486	0
A89_2C_203_204_G196_minimal	203|204	G196_minimal	results/open_structure_007/tier1_shallow/A89_2C_203_204_G196_minimal_unrelaxed_rank_001_alphafold2_ptm_model_1_seed_011.pdb	321	3.758373772207448	9.960073813010357	0.79916	completed	83.10271028037384	86.48959501557631	-3.3868847352024716	53.39200000000001	1.3178608157309502	2
A89_2C_203_204_G196_practical_GS	203|204	G196_practical_GS	results/open_structure_007/tier1_shallow/A89_2C_203_204_G196_practical_GS_unrelaxed_rank_001_alphafold2_ptm_model_1_seed_011.pdb	321	1.961553589067236	6.353252810836298	0.91289	completed	85.17822429906542	86.48959501557631	-1.3113707165108934	45.91555555555556	1.3401064576961594	4
A89_2C_203_204_HA	203|204	HA	results/open_structure_007/tier1_shallow/A89_2C_203_204_HA_unrelaxed_rank_001_alphafold2_ptm_model_1_seed_011.pdb	321	4.890553832523364	11.804852071304582	0.76022	completed	83.79127725856698	86.48959501557631	-2.6983177570093346	43.99555555555556	1.3452916684959837	10
A89_2C_203_204_MAP8	203|204	MAP8	results/open_structure_007/tier1_shallow/A89_2C_203_204_MAP8_unrelaxed_rank_001_alphafold2_ptm_model_1_seed_011.pdb	321	7.479453066664005	8.727311209214381	0.73102	completed	85.2826168224299	86.48959501557631	-1.206978193146412	47.94	1.3110452058976376	2
A89_2C_216_217_G196_minimal	216|217	G196_minimal	results/open_structure_007/tier1_shallow/A89_2C_216_217_G196_minimal_unrelaxed_rank_001_alphafold2_ptm_model_1_seed_011.pdb	321	2.145142105955235	6.4039650066731415	0.91346	completed	78.73090342679129	86.48959501557631	-7.758691588785027	55.42	1.332789741669416	1
A89_2C_216_217_G196_practical_GS	216|217	G196_practical_GS	results/open_structure_007/tier1_shallow/A89_2C_216_217_G196_practical_GS_unrelaxed_rank_001_alphafold2_ptm_model_1_seed_011.pdb	321	2.508460583168561	9.044991249312408	0.89237	completed	81.43660436137071	86.48959501557631	-5.052990654205601	44.57666666666667	1.33455621273149	2
A89_2C_216_217_HA	216|217	HA	results/open_structure_007/tier1_shallow/A89_2C_216_217_HA_unrelaxed_rank_001_alphafold2_ptm_model_1_seed_011.pdb	321	1.1641635145501026	4.49496095004635	0.95376	completed	83.73239875389407	86.48959501557631	-2.757196261682239	55.09222222222222	1.3538162853748943	9
A89_2C_216_217_MAP8	216|217	MAP8	results/open_structure_007/tier1_shallow/A89_2C_216_217_MAP8_unrelaxed_rank_001_alphafold2_ptm_model_1_seed_011.pdb	321	2.040627575529677	7.025468631839968	0.91546	completed	82.40227414330218	86.48959501557631	-4.087320872274134	43.761250000000004	1.4036945151650557	3
A89_2C_224_225_G196_minimal	224|225	G196_minimal	results/open_structure_007/tier1_shallow/A89_2C_224_225_G196_minimal_unrelaxed_rank_001_alphafold2_ptm_model_1_seed_011.pdb	321	1.6850136841923165	6.210888122722283	0.94190	completed	77.15576323987538	86.48959501557631	-9.33383177570093	42.168	1.3017857651763303	1
A89_2C_224_225_G196_practical_GS	224|225	G196_practical_GS	results/open_structure_007/tier1_shallow/A89_2C_224_225_G196_practical_GS_unrelaxed_rank_001_alphafold2_ptm_model_1_seed_011.pdb	321	1.68800345262094	7.8756243033067195	0.93914	completed	81.88931464174455	86.48959501557631	-4.600280373831765	42.32333333333333	1.3497071459887342	8
A89_2C_224_225_HA	224|225	HA	results/open_structure_007/tier1_shallow/A89_2C_224_225_HA_unrelaxed_rank_001_alphafold2_ptm_model_1_seed_011.pdb	321	1.5198205464308778	6.468604315462744	0.94187	completed	83.41161993769471	86.48959501557631	-3.0779750778816037	48.56333333333333	1.3285879671536773	1
A89_2C_224_225_MAP8	224|225	MAP8	results/open_structure_007/tier1_shallow/A89_2C_224_225_MAP8_unrelaxed_rank_001_alphafold2_ptm_model_1_seed_011.pdb	321	1.938441107626909	6.2001451499638724	0.91586	completed	82.01841121495328	86.48959501557631	-4.471183800623038	46.64375	1.2538575148549145	1
A89_2C_248_249_G196_minimal	248|249	G196_minimal	results/open_structure_007/tier1_shallow/A89_2C_248_249_G196_minimal_unrelaxed_rank_001_alphafold2_ptm_model_1_seed_011.pdb	321	2.9266880156225006	4.548431894548867	0.84564	completed	86.46794392523364	86.48959501557631	-0.02165109034267232	68.564	1.300874143310352	3
A89_2C_248_249_G196_practical_GS	248|249	G196_practical_GS	results/open_structure_007/tier1_shallow/A89_2C_248_249_G196_practical_GS_unrelaxed_rank_001_alphafold2_ptm_model_1_seed_011.pdb	321	0.9417505759425475	4.474235114054866	0.96340	completed	85.65084112149532	86.48959501557631	-0.8387538940809947	50.49777777777778	1.289112876744631	10
A89_2C_248_249_HA	248|249	HA	results/open_structure_007/tier1_shallow/A89_2C_248_249_HA_unrelaxed_rank_001_alphafold2_ptm_model_1_seed_011.pdb	321	1.3043409904892382	2.2307325818390344	0.93900	completed	87.24408099688473	86.48959501557631	0.7544859813084202	74.75111111111111	1.323092085790256	2
A89_2C_248_249_MAP8	248|249	MAP8	results/open_structure_007/tier1_shallow/A89_2C_248_249_MAP8_unrelaxed_rank_001_alphafold2_ptm_model_1_seed_011.pdb	321	1.0770952494121495	5.2531301900704435	0.96499	completed	84.81809968847352	86.48959501557631	-1.6714953271027895	57.39	1.3532104579632098	6
A89_2C_256_257_G196_minimal	256|257	G196_minimal	results/open_structure_007/tier1_shallow/A89_2C_256_257_G196_minimal_unrelaxed_rank_001_alphafold2_ptm_model_1_seed_011.pdb	321	1.9076238280676947	3.4031795085541288	0.91703	completed	82.81894080996884	86.48959501557631	-3.6706542056074767	46.25	1.056865308294471	3
A89_2C_256_257_G196_practical_GS	256|257	G196_practical_GS	results/open_structure_007/tier1_shallow/A89_2C_256_257_G196_practical_GS_unrelaxed_rank_001_alphafold2_ptm_model_1_seed_011.pdb	321	2.251912768701315	2.934017849188518	0.88081	completed	83.28380062305295	86.48959501557631	-3.2057943925233587	53.086666666666666	1.3264399212961284	5
A89_2C_256_257_HA	256|257	HA	results/open_structure_007/tier1_shallow/A89_2C_256_257_HA_unrelaxed_rank_001_alphafold2_ptm_model_1_seed_011.pdb	321	1.9968504611882074	2.711133908348342	0.89701	completed	86.29757009345795	86.48959501557631	-0.19202492211836386	58.22333333333333	1.3320693043019682	1
A89_2C_256_257_MAP8	256|257	MAP8	results/open_structure_007/tier1_shallow/A89_2C_256_257_MAP8_unrelaxed_rank_001_alphafold2_ptm_model_1_seed_011.pdb	321	2.786557639958217	3.6890285169491674	0.84435	completed	86.64398753894082	86.48959501557631	0.15439252336450693	66.11125	1.2598382940710644	0
A89_2C_287_288_G196_minimal	287|288	G196_minimal	results/open_structure_007/tier1_shallow/A89_2C_287_288_G196_minimal_unrelaxed_rank_001_alphafold2_ptm_model_1_seed_011.pdb	321	1.5971530820873452	4.7649234180259	0.94127	completed	84.17109034267912	86.48959501557631	-2.318504672897191	47.966	1.3527031551466315	0
A89_2C_287_288_G196_practical_GS	287|288	G196_practical_GS	results/open_structure_007/tier1_shallow/A89_2C_287_288_G196_practical_GS_unrelaxed_rank_001_alphafold2_ptm_model_1_seed_011.pdb	321	1.4873485065542231	4.087127125455452	0.93466	completed	85.00451713395638	86.48959501557631	-1.4850778816199295	43.72333333333333	1.3216466909432814	1
A89_2C_287_288_HA	287|288	HA	results/open_structure_007/tier1_shallow/A89_2C_287_288_HA_unrelaxed_rank_001_alphafold2_ptm_model_1_seed_011.pdb	321	2.803714463156261	5.028897423337851	0.84719	completed	86.12744548286604	86.48959501557631	-0.3621495327102764	48.04888888888889	1.4078092380607685	2
A89_2C_287_288_MAP8	287|288	MAP8	results/open_structure_007/tier1_shallow/A89_2C_287_288_MAP8_unrelaxed_rank_001_alphafold2_ptm_model_1_seed_011.pdb	321	1.2818663969084538	3.2780716473168994	0.94609	completed	85.11978193146416	86.48959501557631	-1.3698130841121525	49.88875	1.4092871286814554	8
A89_2C_288_289_G196_minimal	288|289	G196_minimal	results/open_structure_007/tier1_shallow/A89_2C_288_289_G196_minimal_unrelaxed_rank_001_alphafold2_ptm_model_1_seed_011.pdb	321	1.3958025538833043	3.6870830955128953	0.94728	completed	86.08806853582554	86.48959501557631	-0.40152647975077116	50.666000000000004	1.3243263698212628	2
A89_2C_288_289_G196_practical_GS	288|289	G196_practical_GS	results/open_structure_007/tier1_shallow/A89_2C_288_289_G196_practical_GS_unrelaxed_rank_001_alphafold2_ptm_model_1_seed_011.pdb	321	1.9749983886576448	3.80154152698323	0.90034	completed	84.78470404984424	86.48959501557631	-1.7048909657320763	41.728888888888896	1.2980947018128937	2
A89_2C_288_289_HA	288|289	HA	results/open_structure_007/tier1_shallow/A89_2C_288_289_HA_unrelaxed_rank_001_alphafold2_ptm_model_1_seed_011.pdb	321	1.4558269431072544	3.1237609757465052	0.93203	completed	86.00831775700935	86.48959501557631	-0.481277258566962	43.53444444444444	1.3659694257026362	1
A89_2C_288_289_MAP8	288|289	MAP8	results/open_structure_007/tier1_shallow/A89_2C_288_289_MAP8_unrelaxed_rank_001_alphafold2_ptm_model_1_seed_011.pdb	321	1.1052675194088317	2.654280513079287	0.95255	completed	85.46305295950155	86.48959501557631	-1.02654205607476	43.24375	1.3962801689192492	0
A89_2C_289_290_G196_minimal	289|290	G196_minimal	results/open_structure_007/tier1_shallow/A89_2C_289_290_G196_minimal_unrelaxed_rank_001_alphafold2_ptm_model_1_seed_011.pdb	321	0.7225295404240522	2.5304656575194118	0.97519	completed	85.44214953271027	86.48959501557631	-1.0474454828660384	53.15	1.4266688852472715	7
A89_2C_289_290_G196_practical_GS	289|290	G196_practical_GS	results/open_structure_007/tier1_shallow/A89_2C_289_290_G196_practical_GS_unrelaxed_rank_001_alphafold2_ptm_model_1_seed_011.pdb	321	1.3175970551338072	1.7139009495894972	0.93747	completed	84.95884735202492	86.48959501557631	-1.530747663551395	42.79555555555555	1.4439289833849307	1
A89_2C_289_290_HA	289|290	HA	results/open_structure_007/tier1_shallow/A89_2C_289_290_HA_unrelaxed_rank_001_alphafold2_ptm_model_1_seed_011.pdb	321	0.7780157318897245	1.3489362833581198	0.95992	completed	85.18894080996886	86.48959501557631	-1.300654205607458	45.07666666666667	1.366792415817058	2
A89_2C_289_290_MAP8	289|290	MAP8	results/open_structure_007/tier1_shallow/A89_2C_289_290_MAP8_unrelaxed_rank_001_alphafold2_ptm_model_1_seed_011.pdb	321	0.6083297070808262	2.518411276139776	0.96915	completed	84.90155763239876	86.48959501557631	-1.58803738317755	43.57625	1.404748117859267	7
A89_2C_290_291_G196_minimal	290|291	G196_minimal	results/open_structure_007/tier1_shallow/A89_2C_290_291_G196_minimal_unrelaxed_rank_001_alphafold2_ptm_model_1_seed_011.pdb	321	2.6931584479188837	4.431601149781875	0.86247	completed	87.13685358255452	86.48959501557631	0.6472585669782092	48.844	1.3499304136923473	0
A89_2C_290_291_G196_practical_GS	290|291	G196_practical_GS	results/open_structure_007/tier1_shallow/A89_2C_290_291_G196_practical_GS_unrelaxed_rank_001_alphafold2_ptm_model_1_seed_011.pdb	321	1.9607782159728302	3.307726542767766	0.90114	completed	84.42978193146418	86.48959501557631	-2.059813084112136	40.857777777777784	1.3818407627512526	0
A89_2C_290_291_HA	290|291	HA	results/open_structure_007/tier1_shallow/A89_2C_290_291_HA_unrelaxed_rank_001_alphafold2_ptm_model_1_seed_011.pdb	321	2.0716719673110116	3.6367637446980314	0.89442	completed	85.06834890965733	86.48959501557631	-1.421246105918982	42.02111111111112	1.3951282425002927	0
A89_2C_290_291_MAP8	290|291	MAP8	results/open_structure_007/tier1_shallow/A89_2C_290_291_MAP8_unrelaxed_rank_001_alphafold2_ptm_model_1_seed_011.pdb	321	1.7650934794908524	4.506048652973642	0.92153	completed	85.91031152647976	86.48959501557631	-0.5792834890965537	58.9575	1.3844835307776424	1
A89_2C_289_290_G196_minimal	289|290	G196_minimal	results/open_structure_007/deep_subset/A89_2C_289_290_G196_minimal_unrelaxed_rank_001_alphafold2_ptm_model_1_seed_022.pdb	321	1.3520761872512184	1.4804022939158934	0.94623	completed	85.45644859813085	86.48959501557631	-1.0331464174454652	46.326	1.437111831513534	0
A89_2C_289_290_G196_minimal	289|290	G196_minimal	results/open_structure_007/deep_subset/A89_2C_289_290_G196_minimal_unrelaxed_rank_002_alphafold2_ptm_model_1_seed_021.pdb	321	1.8297048898821069	1.987721772517394	0.91845	completed	85.20595015576325	86.48959501557631	-1.2836448598130659	45.769999999999996	1.4468000762590205	0
A89_2C_289_290_MAP8	289|290	MAP8	results/open_structure_007/deep_subset/A89_2C_289_290_MAP8_unrelaxed_rank_001_alphafold2_ptm_model_1_seed_022.pdb	321	1.2759186990683946	2.474794442726933	0.94277	completed	87.00601246105919	86.48959501557631	0.5164174454828725	42.49125	1.4224918397643036	0
A89_2C_289_290_MAP8	289|290	MAP8	results/open_structure_007/deep_subset/A89_2C_289_290_MAP8_unrelaxed_rank_002_alphafold2_ptm_model_1_seed_021.pdb	321	1.614149499452513	2.6731552438586377	0.92422	completed	84.99707165109035	86.48959501557631	-1.4925233644859617	41.66375	1.3049769943900094	0
A89_2C_290_291_G196_minimal	290|291	G196_minimal	results/open_structure_007/deep_subset/A89_2C_290_291_G196_minimal_unrelaxed_rank_001_alphafold2_ptm_model_1_seed_022.pdb	321	2.576867229731408	4.240077698109845	0.87171	completed	86.93376947040498	86.48959501557631	0.44417445482866924	47.525999999999996	1.3600953088581056	0
A89_2C_290_291_G196_minimal	290|291	G196_minimal	results/open_structure_007/deep_subset/A89_2C_290_291_G196_minimal_unrelaxed_rank_002_alphafold2_ptm_model_1_seed_021.pdb	321	2.1047469857155274	3.889526169583615	0.90319	completed	86.26940809968848	86.48959501557631	-0.22018691588783668	47.756	1.3410069146266876	2
A89_2C_290_291_MAP8	290|291	MAP8	results/open_structure_007/deep_subset/A89_2C_290_291_MAP8_unrelaxed_rank_001_alphafold2_ptm_model_1_seed_022.pdb	321	1.9618731521668695	5.042346248349419	0.91029	completed	86.29859813084111	86.48959501557631	-0.19099688473519905	55.60625	1.3610187066759982	3
A89_2C_290_291_MAP8	290|291	MAP8	results/open_structure_007/deep_subset/A89_2C_290_291_MAP8_unrelaxed_rank_002_alphafold2_ptm_model_1_seed_021.pdb	321	1.5723003630671497	4.443654711605349	0.93415	completed	86.22757009345796	86.48959501557631	-0.26202492211835704	57.207499999999996	1.3763867599795132	2
