construct_id	junction	tag_form	tag_sequence	tag_length	method_status	primary_loop_method	tag_extended_contour_length_A	tag_length_class	both_AF_coil	min_hex_coil_fraction	min_AF_rSASA	min_hexamer_mean_rSASA	max_any_chain_burial_fraction	min_AF_CA_pLDDT	loop_feasibility_class	closure_success_count	conformer_diversity	local_strain_energy	severe_clash_count	proxy_limit
A89_2C_155_156_MAP8	155|156	MAP8	GDGMVPPG	8	COMPLETED_PROXY_ONLY__PRIMARY_LOOP_REMODEL_DEFERRED_SOFTWARE	Rosetta Remodel/KIC-like workflow searched; not available	30.4	medium_tag	True	1.0	0.4379809200763702	0.4421064040808926	0.0	82.23999786376953	FUNCTIONAL_NEGATIVE_CONTROL					WT anchor geometry only; not a loop-closure ensemble.
A89_2C_155_156_HA	155|156	HA	YPYDVPDYA	9	COMPLETED_PROXY_ONLY__PRIMARY_LOOP_REMODEL_DEFERRED_SOFTWARE	Rosetta Remodel/KIC-like workflow searched; not available	34.199999999999996	longer_flanked_tag	True	1.0	0.4379809200763702	0.4421064040808926	0.0	82.23999786376953	FUNCTIONAL_NEGATIVE_CONTROL					WT anchor geometry only; not a loop-closure ensemble.
A89_2C_155_156_G196_minimal	155|156	G196_minimal	DLVPR	5	COMPLETED_PROXY_ONLY__PRIMARY_LOOP_REMODEL_DEFERRED_SOFTWARE	Rosetta Remodel/KIC-like workflow searched; not available	19.0	shortest_tag	True	1.0	0.4379809200763702	0.4421064040808926	0.0	82.23999786376953	FUNCTIONAL_NEGATIVE_CONTROL					WT anchor geometry only; not a loop-closure ensemble.
A89_2C_155_156_G196_practical_GS	155|156	G196_practical_GS	GSDLVPRGS	9	COMPLETED_PROXY_ONLY__PRIMARY_LOOP_REMODEL_DEFERRED_SOFTWARE	Rosetta Remodel/KIC-like workflow searched; not available	34.199999999999996	longer_flanked_tag	True	1.0	0.4379809200763702	0.4421064040808926	0.0	82.23999786376953	FUNCTIONAL_NEGATIVE_CONTROL					WT anchor geometry only; not a loop-closure ensemble.
A89_2C_216_217_MAP8	216|217	MAP8	GDGMVPPG	8	COMPLETED_PROXY_ONLY__PRIMARY_LOOP_REMODEL_DEFERRED_SOFTWARE	Rosetta Remodel/KIC-like workflow searched; not available	30.4	medium_tag	True	1.0	0.3227745592594147	0.3061352102165548	0.0751113823859132	86.62999725341797	FUNCTIONAL_NEGATIVE_CONTROL					WT anchor geometry only; not a loop-closure ensemble.
A89_2C_216_217_HA	216|217	HA	YPYDVPDYA	9	COMPLETED_PROXY_ONLY__PRIMARY_LOOP_REMODEL_DEFERRED_SOFTWARE	Rosetta Remodel/KIC-like workflow searched; not available	34.199999999999996	longer_flanked_tag	True	1.0	0.3227745592594147	0.3061352102165548	0.0751113823859132	86.62999725341797	FUNCTIONAL_NEGATIVE_CONTROL					WT anchor geometry only; not a loop-closure ensemble.
A89_2C_216_217_G196_minimal	216|217	G196_minimal	DLVPR	5	COMPLETED_PROXY_ONLY__PRIMARY_LOOP_REMODEL_DEFERRED_SOFTWARE	Rosetta Remodel/KIC-like workflow searched; not available	19.0	shortest_tag	True	1.0	0.3227745592594147	0.3061352102165548	0.0751113823859132	86.62999725341797	FUNCTIONAL_NEGATIVE_CONTROL					WT anchor geometry only; not a loop-closure ensemble.
A89_2C_216_217_G196_practical_GS	216|217	G196_practical_GS	GSDLVPRGS	9	COMPLETED_PROXY_ONLY__PRIMARY_LOOP_REMODEL_DEFERRED_SOFTWARE	Rosetta Remodel/KIC-like workflow searched; not available	34.199999999999996	longer_flanked_tag	True	1.0	0.3227745592594147	0.3061352102165548	0.0751113823859132	86.62999725341797	FUNCTIONAL_NEGATIVE_CONTROL					WT anchor geometry only; not a loop-closure ensemble.
A89_2C_3_4_MAP8	3|4	MAP8	GDGMVPPG	8	COMPLETED_PROXY_ONLY__PRIMARY_LOOP_REMODEL_DEFERRED_SOFTWARE	Rosetta Remodel/KIC-like workflow searched; not available	30.4	medium_tag	False	0.0	0.4967087805271148	0.4778793211906187	0.0	83.56999969482422	LOOP_PROXY_MIXED					WT anchor geometry only; not a loop-closure ensemble.
A89_2C_3_4_HA	3|4	HA	YPYDVPDYA	9	COMPLETED_PROXY_ONLY__PRIMARY_LOOP_REMODEL_DEFERRED_SOFTWARE	Rosetta Remodel/KIC-like workflow searched; not available	34.199999999999996	longer_flanked_tag	False	0.0	0.4967087805271148	0.4778793211906187	0.0	83.56999969482422	LOOP_PROXY_MIXED					WT anchor geometry only; not a loop-closure ensemble.
A89_2C_3_4_G196_minimal	3|4	G196_minimal	DLVPR	5	COMPLETED_PROXY_ONLY__PRIMARY_LOOP_REMODEL_DEFERRED_SOFTWARE	Rosetta Remodel/KIC-like workflow searched; not available	19.0	shortest_tag	False	0.0	0.4967087805271148	0.4778793211906187	0.0	83.56999969482422	LOOP_PROXY_MIXED					WT anchor geometry only; not a loop-closure ensemble.
A89_2C_3_4_G196_practical_GS	3|4	G196_practical_GS	GSDLVPRGS	9	COMPLETED_PROXY_ONLY__PRIMARY_LOOP_REMODEL_DEFERRED_SOFTWARE	Rosetta Remodel/KIC-like workflow searched; not available	34.199999999999996	longer_flanked_tag	False	0.0	0.4967087805271148	0.4778793211906187	0.0	83.56999969482422	LOOP_PROXY_MIXED					WT anchor geometry only; not a loop-closure ensemble.
A89_2C_245_246_MAP8	245|246	MAP8	GDGMVPPG	8	COMPLETED_PROXY_ONLY__PRIMARY_LOOP_REMODEL_DEFERRED_SOFTWARE	Rosetta Remodel/KIC-like workflow searched; not available	30.4	medium_tag	False	0.0	0.5973514318466187	0.5631054648725797	0.0	91.1500015258789	LOOP_PROXY_MIXED					WT anchor geometry only; not a loop-closure ensemble.
A89_2C_245_246_HA	245|246	HA	YPYDVPDYA	9	COMPLETED_PROXY_ONLY__PRIMARY_LOOP_REMODEL_DEFERRED_SOFTWARE	Rosetta Remodel/KIC-like workflow searched; not available	34.199999999999996	longer_flanked_tag	False	0.0	0.5973514318466187	0.5631054648725797	0.0	91.1500015258789	LOOP_PROXY_MIXED					WT anchor geometry only; not a loop-closure ensemble.
A89_2C_245_246_G196_minimal	245|246	G196_minimal	DLVPR	5	COMPLETED_PROXY_ONLY__PRIMARY_LOOP_REMODEL_DEFERRED_SOFTWARE	Rosetta Remodel/KIC-like workflow searched; not available	19.0	shortest_tag	False	0.0	0.5973514318466187	0.5631054648725797	0.0	91.1500015258789	LOOP_PROXY_MIXED					WT anchor geometry only; not a loop-closure ensemble.
A89_2C_245_246_G196_practical_GS	245|246	G196_practical_GS	GSDLVPRGS	9	COMPLETED_PROXY_ONLY__PRIMARY_LOOP_REMODEL_DEFERRED_SOFTWARE	Rosetta Remodel/KIC-like workflow searched; not available	34.199999999999996	longer_flanked_tag	False	0.0	0.5973514318466187	0.5631054648725797	0.0	91.1500015258789	LOOP_PROXY_MIXED					WT anchor geometry only; not a loop-closure ensemble.
A89_2C_63_64_MAP8	63|64	MAP8	GDGMVPPG	8	COMPLETED_PROXY_ONLY__PRIMARY_LOOP_REMODEL_DEFERRED_SOFTWARE	Rosetta Remodel/KIC-like workflow searched; not available	30.4	medium_tag	False	0.1666666666666666	0.6958425641059875	0.0081887286872469	0.9944364613859936	71.63999938964844	LOOP_PROXY_UNFAVORABLE					WT anchor geometry only; not a loop-closure ensemble.
A89_2C_63_64_HA	63|64	HA	YPYDVPDYA	9	COMPLETED_PROXY_ONLY__PRIMARY_LOOP_REMODEL_DEFERRED_SOFTWARE	Rosetta Remodel/KIC-like workflow searched; not available	34.199999999999996	longer_flanked_tag	False	0.1666666666666666	0.6958425641059875	0.0081887286872469	0.9944364613859936	71.63999938964844	LOOP_PROXY_UNFAVORABLE					WT anchor geometry only; not a loop-closure ensemble.
A89_2C_63_64_G196_minimal	63|64	G196_minimal	DLVPR	5	COMPLETED_PROXY_ONLY__PRIMARY_LOOP_REMODEL_DEFERRED_SOFTWARE	Rosetta Remodel/KIC-like workflow searched; not available	19.0	shortest_tag	False	0.1666666666666666	0.6958425641059875	0.0081887286872469	0.9944364613859936	71.63999938964844	LOOP_PROXY_UNFAVORABLE					WT anchor geometry only; not a loop-closure ensemble.
A89_2C_63_64_G196_practical_GS	63|64	G196_practical_GS	GSDLVPRGS	9	COMPLETED_PROXY_ONLY__PRIMARY_LOOP_REMODEL_DEFERRED_SOFTWARE	Rosetta Remodel/KIC-like workflow searched; not available	34.199999999999996	longer_flanked_tag	False	0.1666666666666666	0.6958425641059875	0.0081887286872469	0.9944364613859936	71.63999938964844	LOOP_PROXY_UNFAVORABLE					WT anchor geometry only; not a loop-closure ensemble.
A89_2C_250_251_MAP8	250|251	MAP8	GDGMVPPG	8	COMPLETED_PROXY_ONLY__PRIMARY_LOOP_REMODEL_DEFERRED_SOFTWARE	Rosetta Remodel/KIC-like workflow searched; not available	30.4	medium_tag	True	1.0	0.5505656599998474	0.5990533339671599	0.2355446974060905	87.87999725341797	LOOP_PROXY_RELATIVELY_FAVORABLE					WT anchor geometry only; not a loop-closure ensemble.
A89_2C_250_251_HA	250|251	HA	YPYDVPDYA	9	COMPLETED_PROXY_ONLY__PRIMARY_LOOP_REMODEL_DEFERRED_SOFTWARE	Rosetta Remodel/KIC-like workflow searched; not available	34.199999999999996	longer_flanked_tag	True	1.0	0.5505656599998474	0.5990533339671599	0.2355446974060905	87.87999725341797	LOOP_PROXY_MIXED					WT anchor geometry only; not a loop-closure ensemble.
A89_2C_250_251_G196_minimal	250|251	G196_minimal	DLVPR	5	COMPLETED_PROXY_ONLY__PRIMARY_LOOP_REMODEL_DEFERRED_SOFTWARE	Rosetta Remodel/KIC-like workflow searched; not available	19.0	shortest_tag	True	1.0	0.5505656599998474	0.5990533339671599	0.2355446974060905	87.87999725341797	LOOP_PROXY_RELATIVELY_FAVORABLE					WT anchor geometry only; not a loop-closure ensemble.
A89_2C_250_251_G196_practical_GS	250|251	G196_practical_GS	GSDLVPRGS	9	COMPLETED_PROXY_ONLY__PRIMARY_LOOP_REMODEL_DEFERRED_SOFTWARE	Rosetta Remodel/KIC-like workflow searched; not available	34.199999999999996	longer_flanked_tag	True	1.0	0.5505656599998474	0.5990533339671599	0.2355446974060905	87.87999725341797	LOOP_PROXY_MIXED					WT anchor geometry only; not a loop-closure ensemble.
A89_2C_249_250_MAP8	249|250	MAP8	GDGMVPPG	8	COMPLETED_PROXY_ONLY__PRIMARY_LOOP_REMODEL_DEFERRED_SOFTWARE	Rosetta Remodel/KIC-like workflow searched; not available	30.4	medium_tag	False	0.0	0.5149526000022888	0.4660567098589085	0.2367455152955054	88.72000122070312	LOOP_PROXY_MIXED					WT anchor geometry only; not a loop-closure ensemble.
A89_2C_249_250_HA	249|250	HA	YPYDVPDYA	9	COMPLETED_PROXY_ONLY__PRIMARY_LOOP_REMODEL_DEFERRED_SOFTWARE	Rosetta Remodel/KIC-like workflow searched; not available	34.199999999999996	longer_flanked_tag	False	0.0	0.5149526000022888	0.4660567098589085	0.2367455152955054	88.72000122070312	LOOP_PROXY_MIXED					WT anchor geometry only; not a loop-closure ensemble.
A89_2C_249_250_G196_minimal	249|250	G196_minimal	DLVPR	5	COMPLETED_PROXY_ONLY__PRIMARY_LOOP_REMODEL_DEFERRED_SOFTWARE	Rosetta Remodel/KIC-like workflow searched; not available	19.0	shortest_tag	False	0.0	0.5149526000022888	0.4660567098589085	0.2367455152955054	88.72000122070312	LOOP_PROXY_MIXED					WT anchor geometry only; not a loop-closure ensemble.
A89_2C_249_250_G196_practical_GS	249|250	G196_practical_GS	GSDLVPRGS	9	COMPLETED_PROXY_ONLY__PRIMARY_LOOP_REMODEL_DEFERRED_SOFTWARE	Rosetta Remodel/KIC-like workflow searched; not available	34.199999999999996	longer_flanked_tag	False	0.0	0.5149526000022888	0.4660567098589085	0.2367455152955054	88.72000122070312	LOOP_PROXY_MIXED					WT anchor geometry only; not a loop-closure ensemble.
A89_2C_207_208_MAP8	207|208	MAP8	GDGMVPPG	8	COMPLETED_PROXY_ONLY__PRIMARY_LOOP_REMODEL_DEFERRED_SOFTWARE	Rosetta Remodel/KIC-like workflow searched; not available	30.4	medium_tag	True	1.0	0.0230421293526887	0.0072494448513113	0.0	89.41999816894531	LOOP_PROXY_UNFAVORABLE					WT anchor geometry only; not a loop-closure ensemble.
A89_2C_207_208_HA	207|208	HA	YPYDVPDYA	9	COMPLETED_PROXY_ONLY__PRIMARY_LOOP_REMODEL_DEFERRED_SOFTWARE	Rosetta Remodel/KIC-like workflow searched; not available	34.199999999999996	longer_flanked_tag	True	1.0	0.0230421293526887	0.0072494448513113	0.0	89.41999816894531	LOOP_PROXY_UNFAVORABLE					WT anchor geometry only; not a loop-closure ensemble.
A89_2C_207_208_G196_minimal	207|208	G196_minimal	DLVPR	5	COMPLETED_PROXY_ONLY__PRIMARY_LOOP_REMODEL_DEFERRED_SOFTWARE	Rosetta Remodel/KIC-like workflow searched; not available	19.0	shortest_tag	True	1.0	0.0230421293526887	0.0072494448513113	0.0	89.41999816894531	LOOP_PROXY_UNFAVORABLE					WT anchor geometry only; not a loop-closure ensemble.
A89_2C_207_208_G196_practical_GS	207|208	G196_practical_GS	GSDLVPRGS	9	COMPLETED_PROXY_ONLY__PRIMARY_LOOP_REMODEL_DEFERRED_SOFTWARE	Rosetta Remodel/KIC-like workflow searched; not available	34.199999999999996	longer_flanked_tag	True	1.0	0.0230421293526887	0.0072494448513113	0.0	89.41999816894531	LOOP_PROXY_UNFAVORABLE					WT anchor geometry only; not a loop-closure ensemble.
A89_2C_241_242_MAP8	241|242	MAP8	GDGMVPPG	8	COMPLETED_PROXY_ONLY__PRIMARY_LOOP_REMODEL_DEFERRED_SOFTWARE	Rosetta Remodel/KIC-like workflow searched; not available	30.4	medium_tag	False	0.0	0.0770507752895355	0.0475476764382041	0.0	93.5	LOOP_PROXY_UNFAVORABLE					WT anchor geometry only; not a loop-closure ensemble.
A89_2C_241_242_HA	241|242	HA	YPYDVPDYA	9	COMPLETED_PROXY_ONLY__PRIMARY_LOOP_REMODEL_DEFERRED_SOFTWARE	Rosetta Remodel/KIC-like workflow searched; not available	34.199999999999996	longer_flanked_tag	False	0.0	0.0770507752895355	0.0475476764382041	0.0	93.5	LOOP_PROXY_UNFAVORABLE					WT anchor geometry only; not a loop-closure ensemble.
A89_2C_241_242_G196_minimal	241|242	G196_minimal	DLVPR	5	COMPLETED_PROXY_ONLY__PRIMARY_LOOP_REMODEL_DEFERRED_SOFTWARE	Rosetta Remodel/KIC-like workflow searched; not available	19.0	shortest_tag	False	0.0	0.0770507752895355	0.0475476764382041	0.0	93.5	LOOP_PROXY_UNFAVORABLE					WT anchor geometry only; not a loop-closure ensemble.
A89_2C_241_242_G196_practical_GS	241|242	G196_practical_GS	GSDLVPRGS	9	COMPLETED_PROXY_ONLY__PRIMARY_LOOP_REMODEL_DEFERRED_SOFTWARE	Rosetta Remodel/KIC-like workflow searched; not available	34.199999999999996	longer_flanked_tag	False	0.0	0.0770507752895355	0.0475476764382041	0.0	93.5	LOOP_PROXY_UNFAVORABLE					WT anchor geometry only; not a loop-closure ensemble.
A89_2C_251_252_MAP8	251|252	MAP8	GDGMVPPG	8	COMPLETED_PROXY_ONLY__PRIMARY_LOOP_REMODEL_DEFERRED_SOFTWARE	Rosetta Remodel/KIC-like workflow searched; not available	30.4	medium_tag	False	0.0	0.502077043056488	0.0390248379464876	0.9422316787645764	87.87999725341797	LOOP_PROXY_UNFAVORABLE					WT anchor geometry only; not a loop-closure ensemble.
A89_2C_251_252_HA	251|252	HA	YPYDVPDYA	9	COMPLETED_PROXY_ONLY__PRIMARY_LOOP_REMODEL_DEFERRED_SOFTWARE	Rosetta Remodel/KIC-like workflow searched; not available	34.199999999999996	longer_flanked_tag	False	0.0	0.502077043056488	0.0390248379464876	0.9422316787645764	87.87999725341797	LOOP_PROXY_UNFAVORABLE					WT anchor geometry only; not a loop-closure ensemble.
A89_2C_251_252_G196_minimal	251|252	G196_minimal	DLVPR	5	COMPLETED_PROXY_ONLY__PRIMARY_LOOP_REMODEL_DEFERRED_SOFTWARE	Rosetta Remodel/KIC-like workflow searched; not available	19.0	shortest_tag	False	0.0	0.502077043056488	0.0390248379464876	0.9422316787645764	87.87999725341797	LOOP_PROXY_UNFAVORABLE					WT anchor geometry only; not a loop-closure ensemble.
A89_2C_251_252_G196_practical_GS	251|252	G196_practical_GS	GSDLVPRGS	9	COMPLETED_PROXY_ONLY__PRIMARY_LOOP_REMODEL_DEFERRED_SOFTWARE	Rosetta Remodel/KIC-like workflow searched; not available	34.199999999999996	longer_flanked_tag	False	0.0	0.502077043056488	0.0390248379464876	0.9422316787645764	87.87999725341797	LOOP_PROXY_UNFAVORABLE					WT anchor geometry only; not a loop-closure ensemble.
A89_2C_146_147_MAP8	146|147	MAP8	GDGMVPPG	8	COMPLETED_PROXY_ONLY__PRIMARY_LOOP_REMODEL_DEFERRED_SOFTWARE	Rosetta Remodel/KIC-like workflow searched; not available	30.4	medium_tag	False	0.0	0.1603751480579376	0.0860095637300494	0.7812562202693234	90.68000030517578	LOOP_PROXY_UNFAVORABLE					WT anchor geometry only; not a loop-closure ensemble.
A89_2C_146_147_HA	146|147	HA	YPYDVPDYA	9	COMPLETED_PROXY_ONLY__PRIMARY_LOOP_REMODEL_DEFERRED_SOFTWARE	Rosetta Remodel/KIC-like workflow searched; not available	34.199999999999996	longer_flanked_tag	False	0.0	0.1603751480579376	0.0860095637300494	0.7812562202693234	90.68000030517578	LOOP_PROXY_UNFAVORABLE					WT anchor geometry only; not a loop-closure ensemble.
A89_2C_146_147_G196_minimal	146|147	G196_minimal	DLVPR	5	COMPLETED_PROXY_ONLY__PRIMARY_LOOP_REMODEL_DEFERRED_SOFTWARE	Rosetta Remodel/KIC-like workflow searched; not available	19.0	shortest_tag	False	0.0	0.1603751480579376	0.0860095637300494	0.7812562202693234	90.68000030517578	LOOP_PROXY_UNFAVORABLE					WT anchor geometry only; not a loop-closure ensemble.
A89_2C_146_147_G196_practical_GS	146|147	G196_practical_GS	GSDLVPRGS	9	COMPLETED_PROXY_ONLY__PRIMARY_LOOP_REMODEL_DEFERRED_SOFTWARE	Rosetta Remodel/KIC-like workflow searched; not available	34.199999999999996	longer_flanked_tag	False	0.0	0.1603751480579376	0.0860095637300494	0.7812562202693234	90.68000030517578	LOOP_PROXY_UNFAVORABLE					WT anchor geometry only; not a loop-closure ensemble.
A89_2C_218_219_MAP8	218|219	MAP8	GDGMVPPG	8	COMPLETED_PROXY_ONLY__PRIMARY_LOOP_REMODEL_DEFERRED_SOFTWARE	Rosetta Remodel/KIC-like workflow searched; not available	30.4	medium_tag	True	1.0	0.5728961825370789	0.6229665512666971	0.0	76.91999816894531	LOOP_PROXY_RELATIVELY_FAVORABLE					WT anchor geometry only; not a loop-closure ensemble.
A89_2C_218_219_HA	218|219	HA	YPYDVPDYA	9	COMPLETED_PROXY_ONLY__PRIMARY_LOOP_REMODEL_DEFERRED_SOFTWARE	Rosetta Remodel/KIC-like workflow searched; not available	34.199999999999996	longer_flanked_tag	True	1.0	0.5728961825370789	0.6229665512666971	0.0	76.91999816894531	LOOP_PROXY_MIXED					WT anchor geometry only; not a loop-closure ensemble.
A89_2C_218_219_G196_minimal	218|219	G196_minimal	DLVPR	5	COMPLETED_PROXY_ONLY__PRIMARY_LOOP_REMODEL_DEFERRED_SOFTWARE	Rosetta Remodel/KIC-like workflow searched; not available	19.0	shortest_tag	True	1.0	0.5728961825370789	0.6229665512666971	0.0	76.91999816894531	LOOP_PROXY_RELATIVELY_FAVORABLE					WT anchor geometry only; not a loop-closure ensemble.
A89_2C_218_219_G196_practical_GS	218|219	G196_practical_GS	GSDLVPRGS	9	COMPLETED_PROXY_ONLY__PRIMARY_LOOP_REMODEL_DEFERRED_SOFTWARE	Rosetta Remodel/KIC-like workflow searched; not available	34.199999999999996	longer_flanked_tag	True	1.0	0.5728961825370789	0.6229665512666971	0.0	76.91999816894531	LOOP_PROXY_MIXED					WT anchor geometry only; not a loop-closure ensemble.
A89_2C_223_224_MAP8	223|224	MAP8	GDGMVPPG	8	COMPLETED_PROXY_ONLY__PRIMARY_LOOP_REMODEL_DEFERRED_SOFTWARE	Rosetta Remodel/KIC-like workflow searched; not available	30.4	medium_tag	True	1.0	0.3913344442844391	0.3593920996022778	0.1508818335767789	68.27999877929688	LOOP_PROXY_RELATIVELY_FAVORABLE					WT anchor geometry only; not a loop-closure ensemble.
A89_2C_223_224_HA	223|224	HA	YPYDVPDYA	9	COMPLETED_PROXY_ONLY__PRIMARY_LOOP_REMODEL_DEFERRED_SOFTWARE	Rosetta Remodel/KIC-like workflow searched; not available	34.199999999999996	longer_flanked_tag	True	1.0	0.3913344442844391	0.3593920996022778	0.1508818335767789	68.27999877929688	LOOP_PROXY_MIXED					WT anchor geometry only; not a loop-closure ensemble.
A89_2C_223_224_G196_minimal	223|224	G196_minimal	DLVPR	5	COMPLETED_PROXY_ONLY__PRIMARY_LOOP_REMODEL_DEFERRED_SOFTWARE	Rosetta Remodel/KIC-like workflow searched; not available	19.0	shortest_tag	True	1.0	0.3913344442844391	0.3593920996022778	0.1508818335767789	68.27999877929688	LOOP_PROXY_RELATIVELY_FAVORABLE					WT anchor geometry only; not a loop-closure ensemble.
A89_2C_223_224_G196_practical_GS	223|224	G196_practical_GS	GSDLVPRGS	9	COMPLETED_PROXY_ONLY__PRIMARY_LOOP_REMODEL_DEFERRED_SOFTWARE	Rosetta Remodel/KIC-like workflow searched; not available	34.199999999999996	longer_flanked_tag	True	1.0	0.3913344442844391	0.3593920996022778	0.1508818335767789	68.27999877929688	LOOP_PROXY_MIXED					WT anchor geometry only; not a loop-closure ensemble.
A89_2C_256_257_MAP8	256|257	MAP8	GDGMVPPG	8	COMPLETED_PROXY_ONLY__PRIMARY_LOOP_REMODEL_DEFERRED_SOFTWARE	Rosetta Remodel/KIC-like workflow searched; not available	30.4	medium_tag	False	0.0	0.3409981429576874	0.285983482380554	0.611650765508655	91.04000091552734	LOOP_PROXY_UNFAVORABLE					WT anchor geometry only; not a loop-closure ensemble.
A89_2C_256_257_HA	256|257	HA	YPYDVPDYA	9	COMPLETED_PROXY_ONLY__PRIMARY_LOOP_REMODEL_DEFERRED_SOFTWARE	Rosetta Remodel/KIC-like workflow searched; not available	34.199999999999996	longer_flanked_tag	False	0.0	0.3409981429576874	0.285983482380554	0.611650765508655	91.04000091552734	LOOP_PROXY_UNFAVORABLE					WT anchor geometry only; not a loop-closure ensemble.
A89_2C_256_257_G196_minimal	256|257	G196_minimal	DLVPR	5	COMPLETED_PROXY_ONLY__PRIMARY_LOOP_REMODEL_DEFERRED_SOFTWARE	Rosetta Remodel/KIC-like workflow searched; not available	19.0	shortest_tag	False	0.0	0.3409981429576874	0.285983482380554	0.611650765508655	91.04000091552734	LOOP_PROXY_UNFAVORABLE					WT anchor geometry only; not a loop-closure ensemble.
A89_2C_256_257_G196_practical_GS	256|257	G196_practical_GS	GSDLVPRGS	9	COMPLETED_PROXY_ONLY__PRIMARY_LOOP_REMODEL_DEFERRED_SOFTWARE	Rosetta Remodel/KIC-like workflow searched; not available	34.199999999999996	longer_flanked_tag	False	0.0	0.3409981429576874	0.285983482380554	0.611650765508655	91.04000091552734	LOOP_PROXY_UNFAVORABLE					WT anchor geometry only; not a loop-closure ensemble.
A89_2C_287_288_MAP8	287|288	MAP8	GDGMVPPG	8	COMPLETED_PROXY_ONLY__PRIMARY_LOOP_REMODEL_DEFERRED_SOFTWARE	Rosetta Remodel/KIC-like workflow searched; not available	30.4	medium_tag	True	1.0	0.2670468091964721	0.2731286348217595	0.0	88.62000274658203	LOOP_PROXY_RELATIVELY_FAVORABLE					WT anchor geometry only; not a loop-closure ensemble.
A89_2C_287_288_HA	287|288	HA	YPYDVPDYA	9	COMPLETED_PROXY_ONLY__PRIMARY_LOOP_REMODEL_DEFERRED_SOFTWARE	Rosetta Remodel/KIC-like workflow searched; not available	34.199999999999996	longer_flanked_tag	True	1.0	0.2670468091964721	0.2731286348217595	0.0	88.62000274658203	LOOP_PROXY_MIXED					WT anchor geometry only; not a loop-closure ensemble.
A89_2C_287_288_G196_minimal	287|288	G196_minimal	DLVPR	5	COMPLETED_PROXY_ONLY__PRIMARY_LOOP_REMODEL_DEFERRED_SOFTWARE	Rosetta Remodel/KIC-like workflow searched; not available	19.0	shortest_tag	True	1.0	0.2670468091964721	0.2731286348217595	0.0	88.62000274658203	LOOP_PROXY_RELATIVELY_FAVORABLE					WT anchor geometry only; not a loop-closure ensemble.
A89_2C_287_288_G196_practical_GS	287|288	G196_practical_GS	GSDLVPRGS	9	COMPLETED_PROXY_ONLY__PRIMARY_LOOP_REMODEL_DEFERRED_SOFTWARE	Rosetta Remodel/KIC-like workflow searched; not available	34.199999999999996	longer_flanked_tag	True	1.0	0.2670468091964721	0.2731286348217595	0.0	88.62000274658203	LOOP_PROXY_MIXED					WT anchor geometry only; not a loop-closure ensemble.
A89_2C_248_249_MAP8	248|249	MAP8	GDGMVPPG	8	COMPLETED_PROXY_ONLY__PRIMARY_LOOP_REMODEL_DEFERRED_SOFTWARE	Rosetta Remodel/KIC-like workflow searched; not available	30.4	medium_tag	False	0.0	0.368442177772522	0.29565283868641	0.2367455152955054	88.72000122070312	LOOP_PROXY_MIXED					WT anchor geometry only; not a loop-closure ensemble.
A89_2C_248_249_HA	248|249	HA	YPYDVPDYA	9	COMPLETED_PROXY_ONLY__PRIMARY_LOOP_REMODEL_DEFERRED_SOFTWARE	Rosetta Remodel/KIC-like workflow searched; not available	34.199999999999996	longer_flanked_tag	False	0.0	0.368442177772522	0.29565283868641	0.2367455152955054	88.72000122070312	LOOP_PROXY_MIXED					WT anchor geometry only; not a loop-closure ensemble.
A89_2C_248_249_G196_minimal	248|249	G196_minimal	DLVPR	5	COMPLETED_PROXY_ONLY__PRIMARY_LOOP_REMODEL_DEFERRED_SOFTWARE	Rosetta Remodel/KIC-like workflow searched; not available	19.0	shortest_tag	False	0.0	0.368442177772522	0.29565283868641	0.2367455152955054	88.72000122070312	LOOP_PROXY_MIXED					WT anchor geometry only; not a loop-closure ensemble.
A89_2C_248_249_G196_practical_GS	248|249	G196_practical_GS	GSDLVPRGS	9	COMPLETED_PROXY_ONLY__PRIMARY_LOOP_REMODEL_DEFERRED_SOFTWARE	Rosetta Remodel/KIC-like workflow searched; not available	34.199999999999996	longer_flanked_tag	False	0.0	0.368442177772522	0.29565283868641	0.2367455152955054	88.72000122070312	LOOP_PROXY_MIXED					WT anchor geometry only; not a loop-closure ensemble.
A89_2C_288_289_MAP8	288|289	MAP8	GDGMVPPG	8	COMPLETED_PROXY_ONLY__PRIMARY_LOOP_REMODEL_DEFERRED_SOFTWARE	Rosetta Remodel/KIC-like workflow searched; not available	30.4	medium_tag	True	1.0	0.3961829841136932	0.4603922361968666	0.0	88.62000274658203	LOOP_PROXY_RELATIVELY_FAVORABLE					WT anchor geometry only; not a loop-closure ensemble.
A89_2C_288_289_HA	288|289	HA	YPYDVPDYA	9	COMPLETED_PROXY_ONLY__PRIMARY_LOOP_REMODEL_DEFERRED_SOFTWARE	Rosetta Remodel/KIC-like workflow searched; not available	34.199999999999996	longer_flanked_tag	True	1.0	0.3961829841136932	0.4603922361968666	0.0	88.62000274658203	LOOP_PROXY_MIXED					WT anchor geometry only; not a loop-closure ensemble.
A89_2C_288_289_G196_minimal	288|289	G196_minimal	DLVPR	5	COMPLETED_PROXY_ONLY__PRIMARY_LOOP_REMODEL_DEFERRED_SOFTWARE	Rosetta Remodel/KIC-like workflow searched; not available	19.0	shortest_tag	True	1.0	0.3961829841136932	0.4603922361968666	0.0	88.62000274658203	LOOP_PROXY_RELATIVELY_FAVORABLE					WT anchor geometry only; not a loop-closure ensemble.
A89_2C_288_289_G196_practical_GS	288|289	G196_practical_GS	GSDLVPRGS	9	COMPLETED_PROXY_ONLY__PRIMARY_LOOP_REMODEL_DEFERRED_SOFTWARE	Rosetta Remodel/KIC-like workflow searched; not available	34.199999999999996	longer_flanked_tag	True	1.0	0.3961829841136932	0.4603922361968666	0.0	88.62000274658203	LOOP_PROXY_MIXED					WT anchor geometry only; not a loop-closure ensemble.
A89_2C_289_290_MAP8	289|290	MAP8	GDGMVPPG	8	COMPLETED_PROXY_ONLY__PRIMARY_LOOP_REMODEL_DEFERRED_SOFTWARE	Rosetta Remodel/KIC-like workflow searched; not available	30.4	medium_tag	True	1.0	0.3961829841136932	0.4603922361968666	0.0	89.61000061035156	LOOP_PROXY_RELATIVELY_FAVORABLE					WT anchor geometry only; not a loop-closure ensemble.
A89_2C_289_290_HA	289|290	HA	YPYDVPDYA	9	COMPLETED_PROXY_ONLY__PRIMARY_LOOP_REMODEL_DEFERRED_SOFTWARE	Rosetta Remodel/KIC-like workflow searched; not available	34.199999999999996	longer_flanked_tag	True	1.0	0.3961829841136932	0.4603922361968666	0.0	89.61000061035156	LOOP_PROXY_MIXED					WT anchor geometry only; not a loop-closure ensemble.
A89_2C_289_290_G196_minimal	289|290	G196_minimal	DLVPR	5	COMPLETED_PROXY_ONLY__PRIMARY_LOOP_REMODEL_DEFERRED_SOFTWARE	Rosetta Remodel/KIC-like workflow searched; not available	19.0	shortest_tag	True	1.0	0.3961829841136932	0.4603922361968666	0.0	89.61000061035156	LOOP_PROXY_RELATIVELY_FAVORABLE					WT anchor geometry only; not a loop-closure ensemble.
A89_2C_289_290_G196_practical_GS	289|290	G196_practical_GS	GSDLVPRGS	9	COMPLETED_PROXY_ONLY__PRIMARY_LOOP_REMODEL_DEFERRED_SOFTWARE	Rosetta Remodel/KIC-like workflow searched; not available	34.199999999999996	longer_flanked_tag	True	1.0	0.3961829841136932	0.4603922361968666	0.0	89.61000061035156	LOOP_PROXY_MIXED					WT anchor geometry only; not a loop-closure ensemble.
A89_2C_290_291_MAP8	290|291	MAP8	GDGMVPPG	8	COMPLETED_PROXY_ONLY__PRIMARY_LOOP_REMODEL_DEFERRED_SOFTWARE	Rosetta Remodel/KIC-like workflow searched; not available	30.4	medium_tag	True	1.0	0.3655236661434173	0.3893583393836206	0.0	91.20999908447266	LOOP_PROXY_RELATIVELY_FAVORABLE					WT anchor geometry only; not a loop-closure ensemble.
A89_2C_290_291_HA	290|291	HA	YPYDVPDYA	9	COMPLETED_PROXY_ONLY__PRIMARY_LOOP_REMODEL_DEFERRED_SOFTWARE	Rosetta Remodel/KIC-like workflow searched; not available	34.199999999999996	longer_flanked_tag	True	1.0	0.3655236661434173	0.3893583393836206	0.0	91.20999908447266	LOOP_PROXY_MIXED					WT anchor geometry only; not a loop-closure ensemble.
A89_2C_290_291_G196_minimal	290|291	G196_minimal	DLVPR	5	COMPLETED_PROXY_ONLY__PRIMARY_LOOP_REMODEL_DEFERRED_SOFTWARE	Rosetta Remodel/KIC-like workflow searched; not available	19.0	shortest_tag	True	1.0	0.3655236661434173	0.3893583393836206	0.0	91.20999908447266	LOOP_PROXY_RELATIVELY_FAVORABLE					WT anchor geometry only; not a loop-closure ensemble.
A89_2C_290_291_G196_practical_GS	290|291	G196_practical_GS	GSDLVPRGS	9	COMPLETED_PROXY_ONLY__PRIMARY_LOOP_REMODEL_DEFERRED_SOFTWARE	Rosetta Remodel/KIC-like workflow searched; not available	34.199999999999996	longer_flanked_tag	True	1.0	0.3655236661434173	0.3893583393836206	0.0	91.20999908447266	LOOP_PROXY_MIXED					WT anchor geometry only; not a loop-closure ensemble.
A89_2C_203_204_MAP8	203|204	MAP8	GDGMVPPG	8	COMPLETED_PROXY_ONLY__PRIMARY_LOOP_REMODEL_DEFERRED_SOFTWARE	Rosetta Remodel/KIC-like workflow searched; not available	30.4	medium_tag	True	1.0	0.1103634610772132	0.0712731443556015	0.0989452584542893	76.2699966430664	LOOP_PROXY_UNFAVORABLE					WT anchor geometry only; not a loop-closure ensemble.
A89_2C_203_204_HA	203|204	HA	YPYDVPDYA	9	COMPLETED_PROXY_ONLY__PRIMARY_LOOP_REMODEL_DEFERRED_SOFTWARE	Rosetta Remodel/KIC-like workflow searched; not available	34.199999999999996	longer_flanked_tag	True	1.0	0.1103634610772132	0.0712731443556015	0.0989452584542893	76.2699966430664	LOOP_PROXY_UNFAVORABLE					WT anchor geometry only; not a loop-closure ensemble.
A89_2C_203_204_G196_minimal	203|204	G196_minimal	DLVPR	5	COMPLETED_PROXY_ONLY__PRIMARY_LOOP_REMODEL_DEFERRED_SOFTWARE	Rosetta Remodel/KIC-like workflow searched; not available	19.0	shortest_tag	True	1.0	0.1103634610772132	0.0712731443556015	0.0989452584542893	76.2699966430664	LOOP_PROXY_UNFAVORABLE					WT anchor geometry only; not a loop-closure ensemble.
A89_2C_203_204_G196_practical_GS	203|204	G196_practical_GS	GSDLVPRGS	9	COMPLETED_PROXY_ONLY__PRIMARY_LOOP_REMODEL_DEFERRED_SOFTWARE	Rosetta Remodel/KIC-like workflow searched; not available	34.199999999999996	longer_flanked_tag	True	1.0	0.1103634610772132	0.0712731443556015	0.0989452584542893	76.2699966430664	LOOP_PROXY_UNFAVORABLE					WT anchor geometry only; not a loop-closure ensemble.
A89_2C_224_225_MAP8	224|225	MAP8	GDGMVPPG	8	COMPLETED_PROXY_ONLY__PRIMARY_LOOP_REMODEL_DEFERRED_SOFTWARE	Rosetta Remodel/KIC-like workflow searched; not available	30.4	medium_tag	True	1.0	0.1611832082271576	0.1407242616017659	0.1508818335767789	67.30000305175781	LOOP_PROXY_UNFAVORABLE					WT anchor geometry only; not a loop-closure ensemble.
A89_2C_224_225_HA	224|225	HA	YPYDVPDYA	9	COMPLETED_PROXY_ONLY__PRIMARY_LOOP_REMODEL_DEFERRED_SOFTWARE	Rosetta Remodel/KIC-like workflow searched; not available	34.199999999999996	longer_flanked_tag	True	1.0	0.1611832082271576	0.1407242616017659	0.1508818335767789	67.30000305175781	LOOP_PROXY_UNFAVORABLE					WT anchor geometry only; not a loop-closure ensemble.
A89_2C_224_225_G196_minimal	224|225	G196_minimal	DLVPR	5	COMPLETED_PROXY_ONLY__PRIMARY_LOOP_REMODEL_DEFERRED_SOFTWARE	Rosetta Remodel/KIC-like workflow searched; not available	19.0	shortest_tag	True	1.0	0.1611832082271576	0.1407242616017659	0.1508818335767789	67.30000305175781	LOOP_PROXY_UNFAVORABLE					WT anchor geometry only; not a loop-closure ensemble.
A89_2C_224_225_G196_practical_GS	224|225	G196_practical_GS	GSDLVPRGS	9	COMPLETED_PROXY_ONLY__PRIMARY_LOOP_REMODEL_DEFERRED_SOFTWARE	Rosetta Remodel/KIC-like workflow searched; not available	34.199999999999996	longer_flanked_tag	True	1.0	0.1611832082271576	0.1407242616017659	0.1508818335767789	67.30000305175781	LOOP_PROXY_UNFAVORABLE					WT anchor geometry only; not a loop-closure ensemble.
A89_2C_171_172_MAP8	171|172	MAP8	GDGMVPPG	8	COMPLETED_PROXY_ONLY__PRIMARY_LOOP_REMODEL_DEFERRED_SOFTWARE	Rosetta Remodel/KIC-like workflow searched; not available	30.4	medium_tag	True	0.8333333333333334	0.0236264001578092	0.0176160366805475	0.0	85.54000091552734	LOOP_PROXY_UNFAVORABLE					WT anchor geometry only; not a loop-closure ensemble.
A89_2C_171_172_HA	171|172	HA	YPYDVPDYA	9	COMPLETED_PROXY_ONLY__PRIMARY_LOOP_REMODEL_DEFERRED_SOFTWARE	Rosetta Remodel/KIC-like workflow searched; not available	34.199999999999996	longer_flanked_tag	True	0.8333333333333334	0.0236264001578092	0.0176160366805475	0.0	85.54000091552734	LOOP_PROXY_UNFAVORABLE					WT anchor geometry only; not a loop-closure ensemble.
A89_2C_171_172_G196_minimal	171|172	G196_minimal	DLVPR	5	COMPLETED_PROXY_ONLY__PRIMARY_LOOP_REMODEL_DEFERRED_SOFTWARE	Rosetta Remodel/KIC-like workflow searched; not available	19.0	shortest_tag	True	0.8333333333333334	0.0236264001578092	0.0176160366805475	0.0	85.54000091552734	LOOP_PROXY_UNFAVORABLE					WT anchor geometry only; not a loop-closure ensemble.
A89_2C_171_172_G196_practical_GS	171|172	G196_practical_GS	GSDLVPRGS	9	COMPLETED_PROXY_ONLY__PRIMARY_LOOP_REMODEL_DEFERRED_SOFTWARE	Rosetta Remodel/KIC-like workflow searched; not available	34.199999999999996	longer_flanked_tag	True	0.8333333333333334	0.0236264001578092	0.0176160366805475	0.0	85.54000091552734	LOOP_PROXY_UNFAVORABLE					WT anchor geometry only; not a loop-closure ensemble.
A89_2C_28_29_MAP8	28|29	MAP8	GDGMVPPG	8	COMPLETED_PROXY_ONLY__PRIMARY_LOOP_REMODEL_DEFERRED_SOFTWARE	Rosetta Remodel/KIC-like workflow searched; not available	30.4	medium_tag	False	0.0	0.3892283141613006	0.4073375630903164	0.0	90.58999633789062	LOOP_PROXY_MIXED					WT anchor geometry only; not a loop-closure ensemble.
A89_2C_28_29_HA	28|29	HA	YPYDVPDYA	9	COMPLETED_PROXY_ONLY__PRIMARY_LOOP_REMODEL_DEFERRED_SOFTWARE	Rosetta Remodel/KIC-like workflow searched; not available	34.199999999999996	longer_flanked_tag	False	0.0	0.3892283141613006	0.4073375630903164	0.0	90.58999633789062	LOOP_PROXY_MIXED					WT anchor geometry only; not a loop-closure ensemble.
A89_2C_28_29_G196_minimal	28|29	G196_minimal	DLVPR	5	COMPLETED_PROXY_ONLY__PRIMARY_LOOP_REMODEL_DEFERRED_SOFTWARE	Rosetta Remodel/KIC-like workflow searched; not available	19.0	shortest_tag	False	0.0	0.3892283141613006	0.4073375630903164	0.0	90.58999633789062	LOOP_PROXY_MIXED					WT anchor geometry only; not a loop-closure ensemble.
A89_2C_28_29_G196_practical_GS	28|29	G196_practical_GS	GSDLVPRGS	9	COMPLETED_PROXY_ONLY__PRIMARY_LOOP_REMODEL_DEFERRED_SOFTWARE	Rosetta Remodel/KIC-like workflow searched; not available	34.199999999999996	longer_flanked_tag	False	0.0	0.3892283141613006	0.4073375630903164	0.0	90.58999633789062	LOOP_PROXY_MIXED					WT anchor geometry only; not a loop-closure ensemble.
A89_2C_172_173_MAP8	172|173	MAP8	GDGMVPPG	8	COMPLETED_PROXY_ONLY__PRIMARY_LOOP_REMODEL_DEFERRED_SOFTWARE	Rosetta Remodel/KIC-like workflow searched; not available	30.4	medium_tag	True	1.0	0.0785250216722488	0.0475169892112414	0.429276163607056	83.23999786376953	LOOP_PROXY_UNFAVORABLE					WT anchor geometry only; not a loop-closure ensemble.
A89_2C_172_173_HA	172|173	HA	YPYDVPDYA	9	COMPLETED_PROXY_ONLY__PRIMARY_LOOP_REMODEL_DEFERRED_SOFTWARE	Rosetta Remodel/KIC-like workflow searched; not available	34.199999999999996	longer_flanked_tag	True	1.0	0.0785250216722488	0.0475169892112414	0.429276163607056	83.23999786376953	LOOP_PROXY_UNFAVORABLE					WT anchor geometry only; not a loop-closure ensemble.
A89_2C_172_173_G196_minimal	172|173	G196_minimal	DLVPR	5	COMPLETED_PROXY_ONLY__PRIMARY_LOOP_REMODEL_DEFERRED_SOFTWARE	Rosetta Remodel/KIC-like workflow searched; not available	19.0	shortest_tag	True	1.0	0.0785250216722488	0.0475169892112414	0.429276163607056	83.23999786376953	LOOP_PROXY_UNFAVORABLE					WT anchor geometry only; not a loop-closure ensemble.
A89_2C_172_173_G196_practical_GS	172|173	G196_practical_GS	GSDLVPRGS	9	COMPLETED_PROXY_ONLY__PRIMARY_LOOP_REMODEL_DEFERRED_SOFTWARE	Rosetta Remodel/KIC-like workflow searched; not available	34.199999999999996	longer_flanked_tag	True	1.0	0.0785250216722488	0.0475169892112414	0.429276163607056	83.23999786376953	LOOP_PROXY_UNFAVORABLE					WT anchor geometry only; not a loop-closure ensemble.
A89_2C_27_28_MAP8	27|28	MAP8	GDGMVPPG	8	COMPLETED_PROXY_ONLY__PRIMARY_LOOP_REMODEL_DEFERRED_SOFTWARE	Rosetta Remodel/KIC-like workflow searched; not available	30.4	medium_tag	False	0.0	0.4745776355266571	0.5231240961286757	0.0	91.88999938964844	LOOP_PROXY_MIXED					WT anchor geometry only; not a loop-closure ensemble.
A89_2C_27_28_HA	27|28	HA	YPYDVPDYA	9	COMPLETED_PROXY_ONLY__PRIMARY_LOOP_REMODEL_DEFERRED_SOFTWARE	Rosetta Remodel/KIC-like workflow searched; not available	34.199999999999996	longer_flanked_tag	False	0.0	0.4745776355266571	0.5231240961286757	0.0	91.88999938964844	LOOP_PROXY_MIXED					WT anchor geometry only; not a loop-closure ensemble.
A89_2C_27_28_G196_minimal	27|28	G196_minimal	DLVPR	5	COMPLETED_PROXY_ONLY__PRIMARY_LOOP_REMODEL_DEFERRED_SOFTWARE	Rosetta Remodel/KIC-like workflow searched; not available	19.0	shortest_tag	False	0.0	0.4745776355266571	0.5231240961286757	0.0	91.88999938964844	LOOP_PROXY_MIXED					WT anchor geometry only; not a loop-closure ensemble.
A89_2C_27_28_G196_practical_GS	27|28	G196_practical_GS	GSDLVPRGS	9	COMPLETED_PROXY_ONLY__PRIMARY_LOOP_REMODEL_DEFERRED_SOFTWARE	Rosetta Remodel/KIC-like workflow searched; not available	34.199999999999996	longer_flanked_tag	False	0.0	0.4745776355266571	0.5231240961286757	0.0	91.88999938964844	LOOP_PROXY_MIXED					WT anchor geometry only; not a loop-closure ensemble.
A89_2C_25_26_MAP8	25|26	MAP8	GDGMVPPG	8	COMPLETED_PROXY_ONLY__PRIMARY_LOOP_REMODEL_DEFERRED_SOFTWARE	Rosetta Remodel/KIC-like workflow searched; not available	30.4	medium_tag	False	0.0	0.3644883930683136	0.405825953329763	0.0	93.38999938964844	LOOP_PROXY_MIXED					WT anchor geometry only; not a loop-closure ensemble.
A89_2C_25_26_HA	25|26	HA	YPYDVPDYA	9	COMPLETED_PROXY_ONLY__PRIMARY_LOOP_REMODEL_DEFERRED_SOFTWARE	Rosetta Remodel/KIC-like workflow searched; not available	34.199999999999996	longer_flanked_tag	False	0.0	0.3644883930683136	0.405825953329763	0.0	93.38999938964844	LOOP_PROXY_MIXED					WT anchor geometry only; not a loop-closure ensemble.
A89_2C_25_26_G196_minimal	25|26	G196_minimal	DLVPR	5	COMPLETED_PROXY_ONLY__PRIMARY_LOOP_REMODEL_DEFERRED_SOFTWARE	Rosetta Remodel/KIC-like workflow searched; not available	19.0	shortest_tag	False	0.0	0.3644883930683136	0.405825953329763	0.0	93.38999938964844	LOOP_PROXY_MIXED					WT anchor geometry only; not a loop-closure ensemble.
A89_2C_25_26_G196_practical_GS	25|26	G196_practical_GS	GSDLVPRGS	9	COMPLETED_PROXY_ONLY__PRIMARY_LOOP_REMODEL_DEFERRED_SOFTWARE	Rosetta Remodel/KIC-like workflow searched; not available	34.199999999999996	longer_flanked_tag	False	0.0	0.3644883930683136	0.405825953329763	0.0	93.38999938964844	LOOP_PROXY_MIXED					WT anchor geometry only; not a loop-closure ensemble.
A89_2C_17_18_MAP8	17|18	MAP8	GDGMVPPG	8	COMPLETED_PROXY_ONLY__PRIMARY_LOOP_REMODEL_DEFERRED_SOFTWARE	Rosetta Remodel/KIC-like workflow searched; not available	30.4	medium_tag	False	0.0	0.2822425663471222	0.2705629544380383	0.0	93.54000091552734	LOOP_PROXY_MIXED					WT anchor geometry only; not a loop-closure ensemble.
A89_2C_17_18_HA	17|18	HA	YPYDVPDYA	9	COMPLETED_PROXY_ONLY__PRIMARY_LOOP_REMODEL_DEFERRED_SOFTWARE	Rosetta Remodel/KIC-like workflow searched; not available	34.199999999999996	longer_flanked_tag	False	0.0	0.2822425663471222	0.2705629544380383	0.0	93.54000091552734	LOOP_PROXY_MIXED					WT anchor geometry only; not a loop-closure ensemble.
A89_2C_17_18_G196_minimal	17|18	G196_minimal	DLVPR	5	COMPLETED_PROXY_ONLY__PRIMARY_LOOP_REMODEL_DEFERRED_SOFTWARE	Rosetta Remodel/KIC-like workflow searched; not available	19.0	shortest_tag	False	0.0	0.2822425663471222	0.2705629544380383	0.0	93.54000091552734	LOOP_PROXY_MIXED					WT anchor geometry only; not a loop-closure ensemble.
A89_2C_17_18_G196_practical_GS	17|18	G196_practical_GS	GSDLVPRGS	9	COMPLETED_PROXY_ONLY__PRIMARY_LOOP_REMODEL_DEFERRED_SOFTWARE	Rosetta Remodel/KIC-like workflow searched; not available	34.199999999999996	longer_flanked_tag	False	0.0	0.2822425663471222	0.2705629544380383	0.0	93.54000091552734	LOOP_PROXY_MIXED					WT anchor geometry only; not a loop-closure ensemble.
A89_2C_18_19_MAP8	18|19	MAP8	GDGMVPPG	8	COMPLETED_PROXY_ONLY__PRIMARY_LOOP_REMODEL_DEFERRED_SOFTWARE	Rosetta Remodel/KIC-like workflow searched; not available	30.4	medium_tag	False	0.0	0.4885774552822113	0.4771236425379823	0.0	93.54000091552734	LOOP_PROXY_MIXED					WT anchor geometry only; not a loop-closure ensemble.
A89_2C_18_19_HA	18|19	HA	YPYDVPDYA	9	COMPLETED_PROXY_ONLY__PRIMARY_LOOP_REMODEL_DEFERRED_SOFTWARE	Rosetta Remodel/KIC-like workflow searched; not available	34.199999999999996	longer_flanked_tag	False	0.0	0.4885774552822113	0.4771236425379823	0.0	93.54000091552734	LOOP_PROXY_MIXED					WT anchor geometry only; not a loop-closure ensemble.
A89_2C_18_19_G196_minimal	18|19	G196_minimal	DLVPR	5	COMPLETED_PROXY_ONLY__PRIMARY_LOOP_REMODEL_DEFERRED_SOFTWARE	Rosetta Remodel/KIC-like workflow searched; not available	19.0	shortest_tag	False	0.0	0.4885774552822113	0.4771236425379823	0.0	93.54000091552734	LOOP_PROXY_MIXED					WT anchor geometry only; not a loop-closure ensemble.
A89_2C_18_19_G196_practical_GS	18|19	G196_practical_GS	GSDLVPRGS	9	COMPLETED_PROXY_ONLY__PRIMARY_LOOP_REMODEL_DEFERRED_SOFTWARE	Rosetta Remodel/KIC-like workflow searched; not available	34.199999999999996	longer_flanked_tag	False	0.0	0.4885774552822113	0.4771236425379823	0.0	93.54000091552734	LOOP_PROXY_MIXED					WT anchor geometry only; not a loop-closure ensemble.
A89_2C_24_25_MAP8	24|25	MAP8	GDGMVPPG	8	COMPLETED_PROXY_ONLY__PRIMARY_LOOP_REMODEL_DEFERRED_SOFTWARE	Rosetta Remodel/KIC-like workflow searched; not available	30.4	medium_tag	False	0.0	0.4501197338104248	0.4812449492977164	0.0	93.38999938964844	LOOP_PROXY_MIXED					WT anchor geometry only; not a loop-closure ensemble.
A89_2C_24_25_HA	24|25	HA	YPYDVPDYA	9	COMPLETED_PROXY_ONLY__PRIMARY_LOOP_REMODEL_DEFERRED_SOFTWARE	Rosetta Remodel/KIC-like workflow searched; not available	34.199999999999996	longer_flanked_tag	False	0.0	0.4501197338104248	0.4812449492977164	0.0	93.38999938964844	LOOP_PROXY_MIXED					WT anchor geometry only; not a loop-closure ensemble.
A89_2C_24_25_G196_minimal	24|25	G196_minimal	DLVPR	5	COMPLETED_PROXY_ONLY__PRIMARY_LOOP_REMODEL_DEFERRED_SOFTWARE	Rosetta Remodel/KIC-like workflow searched; not available	19.0	shortest_tag	False	0.0	0.4501197338104248	0.4812449492977164	0.0	93.38999938964844	LOOP_PROXY_MIXED					WT anchor geometry only; not a loop-closure ensemble.
A89_2C_24_25_G196_practical_GS	24|25	G196_practical_GS	GSDLVPRGS	9	COMPLETED_PROXY_ONLY__PRIMARY_LOOP_REMODEL_DEFERRED_SOFTWARE	Rosetta Remodel/KIC-like workflow searched; not available	34.199999999999996	longer_flanked_tag	False	0.0	0.4501197338104248	0.4812449492977164	0.0	93.38999938964844	LOOP_PROXY_MIXED					WT anchor geometry only; not a loop-closure ensemble.
A89_2C_16_17_MAP8	16|17	MAP8	GDGMVPPG	8	COMPLETED_PROXY_ONLY__PRIMARY_LOOP_REMODEL_DEFERRED_SOFTWARE	Rosetta Remodel/KIC-like workflow searched; not available	30.4	medium_tag	False	0.0	0.2822425663471222	0.2705629544380383	0.0	92.16999816894533	LOOP_PROXY_MIXED					WT anchor geometry only; not a loop-closure ensemble.
A89_2C_16_17_HA	16|17	HA	YPYDVPDYA	9	COMPLETED_PROXY_ONLY__PRIMARY_LOOP_REMODEL_DEFERRED_SOFTWARE	Rosetta Remodel/KIC-like workflow searched; not available	34.199999999999996	longer_flanked_tag	False	0.0	0.2822425663471222	0.2705629544380383	0.0	92.16999816894533	LOOP_PROXY_MIXED					WT anchor geometry only; not a loop-closure ensemble.
A89_2C_16_17_G196_minimal	16|17	G196_minimal	DLVPR	5	COMPLETED_PROXY_ONLY__PRIMARY_LOOP_REMODEL_DEFERRED_SOFTWARE	Rosetta Remodel/KIC-like workflow searched; not available	19.0	shortest_tag	False	0.0	0.2822425663471222	0.2705629544380383	0.0	92.16999816894533	LOOP_PROXY_MIXED					WT anchor geometry only; not a loop-closure ensemble.
A89_2C_16_17_G196_practical_GS	16|17	G196_practical_GS	GSDLVPRGS	9	COMPLETED_PROXY_ONLY__PRIMARY_LOOP_REMODEL_DEFERRED_SOFTWARE	Rosetta Remodel/KIC-like workflow searched; not available	34.199999999999996	longer_flanked_tag	False	0.0	0.2822425663471222	0.2705629544380383	0.0	92.16999816894533	LOOP_PROXY_MIXED					WT anchor geometry only; not a loop-closure ensemble.
A89_2C_22_23_MAP8	22|23	MAP8	GDGMVPPG	8	COMPLETED_PROXY_ONLY__PRIMARY_LOOP_REMODEL_DEFERRED_SOFTWARE	Rosetta Remodel/KIC-like workflow searched; not available	30.4	medium_tag	False	0.0	0.3500325083732605	0.3296240476461557	0.0	94.43000030517578	LOOP_PROXY_MIXED					WT anchor geometry only; not a loop-closure ensemble.
A89_2C_22_23_HA	22|23	HA	YPYDVPDYA	9	COMPLETED_PROXY_ONLY__PRIMARY_LOOP_REMODEL_DEFERRED_SOFTWARE	Rosetta Remodel/KIC-like workflow searched; not available	34.199999999999996	longer_flanked_tag	False	0.0	0.3500325083732605	0.3296240476461557	0.0	94.43000030517578	LOOP_PROXY_MIXED					WT anchor geometry only; not a loop-closure ensemble.
A89_2C_22_23_G196_minimal	22|23	G196_minimal	DLVPR	5	COMPLETED_PROXY_ONLY__PRIMARY_LOOP_REMODEL_DEFERRED_SOFTWARE	Rosetta Remodel/KIC-like workflow searched; not available	19.0	shortest_tag	False	0.0	0.3500325083732605	0.3296240476461557	0.0	94.43000030517578	LOOP_PROXY_MIXED					WT anchor geometry only; not a loop-closure ensemble.
A89_2C_22_23_G196_practical_GS	22|23	G196_practical_GS	GSDLVPRGS	9	COMPLETED_PROXY_ONLY__PRIMARY_LOOP_REMODEL_DEFERRED_SOFTWARE	Rosetta Remodel/KIC-like workflow searched; not available	34.199999999999996	longer_flanked_tag	False	0.0	0.3500325083732605	0.3296240476461557	0.0	94.43000030517578	LOOP_PROXY_MIXED					WT anchor geometry only; not a loop-closure ensemble.
A89_2C_37_38_MAP8	37|38	MAP8	GDGMVPPG	8	COMPLETED_PROXY_ONLY__PRIMARY_LOOP_REMODEL_DEFERRED_SOFTWARE	Rosetta Remodel/KIC-like workflow searched; not available	30.4	medium_tag	False	0.0	0.4173215329647064	0.3825437362105758	0.3428126370245481	85.11000061035156	LOOP_PROXY_UNFAVORABLE					WT anchor geometry only; not a loop-closure ensemble.
A89_2C_37_38_HA	37|38	HA	YPYDVPDYA	9	COMPLETED_PROXY_ONLY__PRIMARY_LOOP_REMODEL_DEFERRED_SOFTWARE	Rosetta Remodel/KIC-like workflow searched; not available	34.199999999999996	longer_flanked_tag	False	0.0	0.4173215329647064	0.3825437362105758	0.3428126370245481	85.11000061035156	LOOP_PROXY_UNFAVORABLE					WT anchor geometry only; not a loop-closure ensemble.
A89_2C_37_38_G196_minimal	37|38	G196_minimal	DLVPR	5	COMPLETED_PROXY_ONLY__PRIMARY_LOOP_REMODEL_DEFERRED_SOFTWARE	Rosetta Remodel/KIC-like workflow searched; not available	19.0	shortest_tag	False	0.0	0.4173215329647064	0.3825437362105758	0.3428126370245481	85.11000061035156	LOOP_PROXY_UNFAVORABLE					WT anchor geometry only; not a loop-closure ensemble.
A89_2C_37_38_G196_practical_GS	37|38	G196_practical_GS	GSDLVPRGS	9	COMPLETED_PROXY_ONLY__PRIMARY_LOOP_REMODEL_DEFERRED_SOFTWARE	Rosetta Remodel/KIC-like workflow searched; not available	34.199999999999996	longer_flanked_tag	False	0.0	0.4173215329647064	0.3825437362105758	0.3428126370245481	85.11000061035156	LOOP_PROXY_UNFAVORABLE					WT anchor geometry only; not a loop-closure ensemble.
A89_2C_26_27_MAP8	26|27	MAP8	GDGMVPPG	8	COMPLETED_PROXY_ONLY__PRIMARY_LOOP_REMODEL_DEFERRED_SOFTWARE	Rosetta Remodel/KIC-like workflow searched; not available	30.4	medium_tag	False	0.0	0.3644883930683136	0.405825953329763	0.0	91.88999938964844	LOOP_PROXY_MIXED					WT anchor geometry only; not a loop-closure ensemble.
A89_2C_26_27_HA	26|27	HA	YPYDVPDYA	9	COMPLETED_PROXY_ONLY__PRIMARY_LOOP_REMODEL_DEFERRED_SOFTWARE	Rosetta Remodel/KIC-like workflow searched; not available	34.199999999999996	longer_flanked_tag	False	0.0	0.3644883930683136	0.405825953329763	0.0	91.88999938964844	LOOP_PROXY_MIXED					WT anchor geometry only; not a loop-closure ensemble.
A89_2C_26_27_G196_minimal	26|27	G196_minimal	DLVPR	5	COMPLETED_PROXY_ONLY__PRIMARY_LOOP_REMODEL_DEFERRED_SOFTWARE	Rosetta Remodel/KIC-like workflow searched; not available	19.0	shortest_tag	False	0.0	0.3644883930683136	0.405825953329763	0.0	91.88999938964844	LOOP_PROXY_MIXED					WT anchor geometry only; not a loop-closure ensemble.
A89_2C_26_27_G196_practical_GS	26|27	G196_practical_GS	GSDLVPRGS	9	COMPLETED_PROXY_ONLY__PRIMARY_LOOP_REMODEL_DEFERRED_SOFTWARE	Rosetta Remodel/KIC-like workflow searched; not available	34.199999999999996	longer_flanked_tag	False	0.0	0.3644883930683136	0.405825953329763	0.0	91.88999938964844	LOOP_PROXY_MIXED					WT anchor geometry only; not a loop-closure ensemble.
