junction	v1_stored_strict	v1_computed_strict_from_columns	v1_failed_gates	v2_stored_strict	v2_computed_strict_from_columns	v2_failed_gates	audit_cause	v1_min_AF_rSASA	v2_min_AF_rSASA	v1_min_hexamer_mean_rSASA	v2_min_hexamer_mean_rSASA	v1_max_any_chain_burial_fraction	v2_max_any_chain_burial_fraction	v1_min_interprotomer_heavy_atom_A	v2_min_interprotomer_heavy_atom_A
1|2	False	False	both_AF_coil;hexamer_coil_fraction_ge_0.8	False	False	both_AF_coil;hexamer_coil_fraction_ge_0.8	consistent	0.6301	0.6301447153091431	0.5975	0.5974925210850638	0.0	0.0	20.1618	20.161821528800402
2|3	False	False	both_AF_coil;hexamer_coil_fraction_ge_0.8	False	False	both_AF_coil;hexamer_coil_fraction_ge_0.8	consistent	0.4967	0.49670878052711487	0.4779	0.4778793211906187	0.0	0.0	20.1618	20.161821528800402
3|4	False	False	both_AF_coil;hexamer_coil_fraction_ge_0.8	False	False	both_AF_coil;hexamer_coil_fraction_ge_0.8	consistent	0.4967	0.49670878052711487	0.4779	0.4778793211906187	0.0	0.0	21.6411	21.64113763607964
4|5	False	False	both_AF_coil;hexamer_coil_fraction_ge_0.8	False	False	both_AF_coil;hexamer_coil_fraction_ge_0.8	consistent	0.4275	0.42745134234428406	0.4288	0.428822221645273	0.0	0.0	20.0367	20.036653515882605
5|6	False	False	both_AF_coil;hexamer_coil_fraction_ge_0.8	False	False	both_AF_coil;hexamer_coil_fraction_ge_0.8	consistent	0.4275	0.42745134234428406	0.4288	0.428822221645273	0.0	0.0	14.652	14.652049494926299
6|7	False	False	both_AF_coil;hexamer_coil_fraction_ge_0.8	False	False	both_AF_coil;hexamer_coil_fraction_ge_0.8	consistent	0.3078	0.5626623034477234	0.3023	0.6224613081937456	0.0	0.0	14.652	14.652049494926299
7|8	False	False	both_AF_coil;hexamer_coil_fraction_ge_0.8	False	False	both_AF_coil;hexamer_coil_fraction_ge_0.8	consistent	0.3078	0.47552698850631714	0.3023	0.5349053382873535	0.0	0.0	12.3197	19.25799563734346
8|9	False	False	both_AF_coil;hexamer_coil_fraction_ge_0.8;AF_rSASA_ge_0.25;hexamer_rSASA_ge_0.25	False	False	both_AF_coil;hexamer_coil_fraction_ge_0.8	consistent	0.1606	0.38011422753334045	0.1411	0.36686394935430483	0.0	0.0	12.3197	16.339820886178366
9|10	False	False	both_AF_coil;hexamer_coil_fraction_ge_0.8;AF_rSASA_ge_0.25;hexamer_rSASA_ge_0.25	False	False	both_AF_coil;hexamer_coil_fraction_ge_0.8	consistent	0.1606	0.38011422753334045	0.1411	0.36686394935430483	0.0	0.0	12.5947	15.604063685429372
10|11	False	False	both_AF_coil;hexamer_coil_fraction_ge_0.8;AF_rSASA_ge_0.25;hexamer_rSASA_ge_0.25	False	False	both_AF_coil;hexamer_coil_fraction_ge_0.8	consistent	0.1627	0.44478875398635864	0.1518	0.4170665256289267	0.0	0.0	12.5947	15.604063685429372
11|12	False	False	both_AF_coil;hexamer_coil_fraction_ge_0.8;AF_rSASA_ge_0.25;hexamer_rSASA_ge_0.25	False	False	both_AF_coil;hexamer_coil_fraction_ge_0.8;hexamer_rSASA_ge_0.25	consistent	0.1627	0.3017096221446991	0.1518	0.22662524834364475	0.0	0.0	12.726	17.497497216685673
12|13	False	False	both_AF_coil;hexamer_coil_fraction_ge_0.8;hexamer_rSASA_ge_0.25	False	False	both_AF_coil;hexamer_coil_fraction_ge_0.8;hexamer_rSASA_ge_0.25	consistent	0.266	0.3017096221446991	0.2462	0.22662524834364475	0.0	0.0	13.847	13.895185071503036
13|14	False	False	both_AF_coil;hexamer_coil_fraction_ge_0.8;hexamer_rSASA_ge_0.25	False	False	both_AF_coil;hexamer_coil_fraction_ge_0.8	consistent	0.266	0.4294111132621765	0.2462	0.4149996291759402	0.0	0.0	15.414	13.895185071503036
14|15	False	False	both_AF_coil;hexamer_coil_fraction_ge_0.8;AF_rSASA_ge_0.25;hexamer_rSASA_ge_0.25	False	False	both_AF_coil;hexamer_coil_fraction_ge_0.8	consistent	0.1565	0.4294111132621765	0.1358	0.4149996291759402	0.0	0.0	15.414	16.84727476206532
15|16	False	False	both_AF_coil;hexamer_coil_fraction_ge_0.8;AF_rSASA_ge_0.25;hexamer_rSASA_ge_0.25	False	False	both_AF_coil;hexamer_coil_fraction_ge_0.8	consistent	0.1565	0.43352678418159485	0.1358	0.4357210252944197	0.0	0.0	14.027	11.222370836094207
16|17	False	False	both_AF_coil;hexamer_coil_fraction_ge_0.8	False	False	both_AF_coil;hexamer_coil_fraction_ge_0.8	consistent	0.3788	0.2822425663471222	0.3548	0.27056295443803835	0.0	0.0	14.027	11.222370836094207
17|18	False	False	both_AF_coil;hexamer_coil_fraction_ge_0.8	False	False	both_AF_coil;hexamer_coil_fraction_ge_0.8	consistent	0.3788	0.2822425663471222	0.3548	0.27056295443803835	0.0	0.0	13.3868	14.652049494926299
18|19	False	False	both_AF_coil;hexamer_coil_fraction_ge_0.8;AF_rSASA_ge_0.25;hexamer_rSASA_ge_0.25	False	False	both_AF_coil;hexamer_coil_fraction_ge_0.8	consistent	0.2215	0.4885774552822113	0.2215	0.4771236425379823	0.0	0.0	13.3868	14.652049494926299
19|20	False	False	both_AF_coil;hexamer_coil_fraction_ge_0.8;AF_rSASA_ge_0.25;hexamer_rSASA_ge_0.25	False	False	both_AF_coil;hexamer_coil_fraction_ge_0.8	consistent	0.2215	0.4885774552822113	0.2215	0.4771236425379823	0.0	0.0	13.8033	9.069988292407903
20|21	False	False	both_AF_coil;hexamer_coil_fraction_ge_0.8;AF_rSASA_ge_0.25;hexamer_rSASA_ge_0.25	False	False	both_AF_coil;hexamer_coil_fraction_ge_0.8	consistent	0.1379	0.4161914587020874	0.1293	0.4476131626393791	0.0	0.0	13.8033	9.069988292407903
21|22	False	False	both_AF_coil;hexamer_coil_fraction_ge_0.8;AF_rSASA_ge_0.25;hexamer_rSASA_ge_0.25	False	False	both_AF_coil;hexamer_coil_fraction_ge_0.8	consistent	0.1379	0.3500325083732605	0.1293	0.3296240476461557	0.0	0.0	14.3919	14.770456689973956
22|23	False	False	both_AF_coil;hexamer_coil_fraction_ge_0.8	False	False	both_AF_coil;hexamer_coil_fraction_ge_0.8	consistent	0.3846	0.3500325083732605	0.3644	0.3296240476461557	0.0	0.0	14.3919	12.92317958474467
23|24	False	False	both_AF_coil;hexamer_coil_fraction_ge_0.8;AF_rSASA_ge_0.25;hexamer_rSASA_ge_0.25	False	False	both_AF_coil;hexamer_coil_fraction_ge_0.8	consistent	0.2463	0.4181397259235382	0.2266	0.41308261447482636	0.0	0.0	12.1498	7.92059071902797
24|25	False	False	both_AF_coil;hexamer_coil_fraction_ge_0.8;AF_rSASA_ge_0.25;hexamer_rSASA_ge_0.25	False	False	both_AF_coil;hexamer_coil_fraction_ge_0.8	consistent	0.2463	0.4501197338104248	0.2266	0.4812449492977164	0.0	0.0	12.1498	7.92059071902797
25|26	False	False	both_AF_coil;hexamer_coil_fraction_ge_0.8;AF_rSASA_ge_0.25;hexamer_rSASA_ge_0.25	False	False	both_AF_coil;hexamer_coil_fraction_ge_0.8	consistent	0.1888	0.3644883930683136	0.1602	0.40582595332976307	0.0	0.0	11.8698	11.756534934611553
26|27	False	False	both_AF_coil;hexamer_coil_fraction_ge_0.8;AF_rSASA_ge_0.25;hexamer_rSASA_ge_0.25	False	False	both_AF_coil;hexamer_coil_fraction_ge_0.8	consistent	0.1888	0.3644883930683136	0.1602	0.40582595332976307	0.0	0.0	11.8698	8.302787169522096
27|28	False	False	both_AF_coil;hexamer_coil_fraction_ge_0.8;AF_rSASA_ge_0.25;hexamer_rSASA_ge_0.25	False	False	both_AF_coil;hexamer_coil_fraction_ge_0.8	consistent	0.2299	0.4745776355266571	0.2141	0.5231240961286757	0.0	0.0	12.3288	8.302787169522096
28|29	False	False	both_AF_coil;hexamer_coil_fraction_ge_0.8;AF_rSASA_ge_0.25;hexamer_rSASA_ge_0.25	False	False	both_AF_coil;hexamer_coil_fraction_ge_0.8	consistent	0.2299	0.38922831416130066	0.2141	0.4073375630903164	0.0	0.0	12.3288	9.069988292407903
29|30	False	False	both_AF_coil;hexamer_coil_fraction_ge_0.8;AF_rSASA_ge_0.25;hexamer_rSASA_ge_0.25	False	False	both_AF_coil;hexamer_coil_fraction_ge_0.8	consistent	0.1995	0.38922831416130066	0.1792	0.4073375630903164	0.0	0.0	11.5364	9.74015491928499
30|31	False	False	both_AF_coil;hexamer_coil_fraction_ge_0.8;AF_rSASA_ge_0.25;hexamer_rSASA_ge_0.25	False	False	both_AF_coil;hexamer_coil_fraction_ge_0.8	consistent	0.1995	0.43352898955345154	0.1792	0.4125907713473358	0.0	0.0	11.5364	7.585599420635388
31|32	False	False	both_AF_coil;hexamer_coil_fraction_ge_0.8;AF_rSASA_ge_0.25;hexamer_rSASA_ge_0.25	False	False	both_AF_coil;hexamer_coil_fraction_ge_0.8	consistent	0.1201	0.3567967414855957	0.1102	0.34293107615307905	0.0	0.0	13.024	7.585599420635388
32|33	False	False	both_AF_coil;hexamer_coil_fraction_ge_0.8;AF_rSASA_ge_0.25;hexamer_rSASA_ge_0.25	False	False	both_AF_coil;hexamer_coil_fraction_ge_0.8	consistent	0.1201	0.3567967414855957	0.1102	0.34293107615307905	0.0	0.0	13.024	7.92059071902797
33|34	False	False	both_AF_coil;hexamer_coil_fraction_ge_0.8;AF_rSASA_ge_0.25;hexamer_rSASA_ge_0.25	False	False	both_AF_coil;hexamer_coil_fraction_ge_0.8;burial_lt_0.10	consistent	0.2228	0.4137580096721649	0.2011	0.42830501269268734	0.0	0.10590428128786919	13.6182	6.3865247698501815
34|35	False	False	both_AF_coil;hexamer_coil_fraction_ge_0.8;AF_rSASA_ge_0.25;hexamer_rSASA_ge_0.25	False	False	both_AF_coil;hexamer_coil_fraction_ge_0.8;burial_lt_0.10	consistent	0.2228	0.38665369153022766	0.2011	0.35211815152849474	0.0	0.1945948698609725	13.6182	5.276790886924877
35|36	False	False	both_AF_coil;hexamer_coil_fraction_ge_0.8;AF_rSASA_ge_0.25;hexamer_rSASA_ge_0.25	False	False	both_AF_coil;hexamer_coil_fraction_ge_0.8;burial_lt_0.10	consistent	0.2326	0.38665369153022766	0.2155	0.35211815152849474	0.0	0.1945948698609725	13.3071	5.276790886924877
36|37	False	False	both_AF_coil;hexamer_coil_fraction_ge_0.8;AF_rSASA_ge_0.25;hexamer_rSASA_ge_0.25	False	False	both_AF_coil;hexamer_coil_fraction_ge_0.8	consistent	0.2326	0.4173215329647064	0.2155	0.4541169351606227	0.0	0.0	13.3071	7.54248047418891
37|38	False	False	both_AF_coil;hexamer_coil_fraction_ge_0.8	False	False	both_AF_coil;hexamer_coil_fraction_ge_0.8;burial_lt_0.10;interprotomer_distance_gt_4.5A	consistent	0.2734	0.4173215329647064	0.2587	0.38254373621057586	0.0	0.3428126370245481	12.5313	3.3957818640344923
38|39	False	False	both_AF_coil;hexamer_coil_fraction_ge_0.8	False	False	both_AF_coil;hexamer_coil_fraction_ge_0.8;burial_lt_0.10;interprotomer_distance_gt_4.5A	consistent	0.2734	0.37926745414733887	0.2587	0.3273100939215924	0.0	0.3428126370245481	12.5313	3.3957818640344923
39|40	False	False	both_AF_coil;hexamer_coil_fraction_ge_0.8;AF_rSASA_ge_0.25;hexamer_rSASA_ge_0.25	False	False	both_AF_coil;hexamer_coil_fraction_ge_0.8	consistent	0.0775	0.37926745414733887	0.0682	0.3273100939215924	0.0	0.0	12.6184	9.46033338977708
40|41	False	False	both_AF_coil;hexamer_coil_fraction_ge_0.8;AF_rSASA_ge_0.25;hexamer_rSASA_ge_0.25	False	False	both_AF_coil;hexamer_coil_fraction_ge_0.8	consistent	0.0775	0.3778323531150818	0.0682	0.3341553120273065	0.0	0.0	13.0464	8.648653268484932
41|42	False	False	both_AF_coil;hexamer_coil_fraction_ge_0.8;AF_rSASA_ge_0.25;hexamer_rSASA_ge_0.25	False	False	both_AF_coil;hexamer_coil_fraction_ge_0.8	consistent	0.1372	0.3152824640274048	0.1238	0.3341553120273065	0.0	0.0	13.0464	8.648653268484932
42|43	False	False	both_AF_coil;hexamer_coil_fraction_ge_0.8;AF_rSASA_ge_0.25;hexamer_rSASA_ge_0.25	False	False	both_AF_coil;hexamer_coil_fraction_ge_0.8	consistent	0.1372	0.3152824640274048	0.1238	0.36861504807984086	0.0	0.0	13.3866	8.781699827724397
43|44	False	False	both_AF_coil;hexamer_coil_fraction_ge_0.8;AF_rSASA_ge_0.25;hexamer_rSASA_ge_0.25	False	False	both_AF_coil;hexamer_coil_fraction_ge_0.8	consistent	0.146	0.3378402590751648	0.1352	0.3179676668631598	0.0	0.0	13.3866	8.781699827724397
44|45	False	False	both_AF_coil;hexamer_coil_fraction_ge_0.8;AF_rSASA_ge_0.25;hexamer_rSASA_ge_0.25	False	False	both_AF_coil;hexamer_coil_fraction_ge_0.8;AF_rSASA_ge_0.25;hexamer_rSASA_ge_0.25	consistent	0.146	0.0008487476734444499	0.1352	0.0	0.0	0.0	13.9068	9.950103665681892
45|46	False	False	both_AF_coil;hexamer_coil_fraction_ge_0.8;AF_rSASA_ge_0.25;hexamer_rSASA_ge_0.25	False	False	both_AF_coil;hexamer_coil_fraction_ge_0.8;AF_rSASA_ge_0.25;hexamer_rSASA_ge_0.25	consistent	0.162	0.0008487476734444499	0.1519	0.0	0.0	0.025117847995942334	13.9068	6.8958420846339505
46|47	False	False	both_AF_coil;hexamer_coil_fraction_ge_0.8;AF_rSASA_ge_0.25;hexamer_rSASA_ge_0.25	False	False	both_AF_coil;hexamer_coil_fraction_ge_0.8	consistent	0.162	0.330196738243103	0.1519	0.3015147251869315	0.0	0.025117847995942334	12.5303	6.8958420846339505
47|48	False	False	both_AF_coil;hexamer_coil_fraction_ge_0.8;AF_rSASA_ge_0.25;hexamer_rSASA_ge_0.25	False	False	both_AF_coil;hexamer_coil_fraction_ge_0.8;AF_rSASA_ge_0.25;hexamer_rSASA_ge_0.25	consistent	0.1753	0.2257784754037857	0.1638	0.20306997245314432	0.0	0.0	12.5303	8.836898446920639
48|49	False	False	both_AF_coil;hexamer_coil_fraction_ge_0.8;AF_rSASA_ge_0.25;hexamer_rSASA_ge_0.25	False	False	both_AF_coil;hexamer_coil_fraction_ge_0.8;AF_rSASA_ge_0.25;hexamer_rSASA_ge_0.25	consistent	0.1753	0.1425718367099762	0.1638	0.12946134538792853	0.0	0.04640731147525382	12.6153	6.384070366179198
49|50	False	True	none	False	False	both_AF_coil;hexamer_coil_fraction_ge_0.8;AF_rSASA_ge_0.25;hexamer_rSASA_ge_0.25;burial_lt_0.10;interprotomer_distance_gt_4.5A	v1_table_strict_flag_inconsistent_with_v1_gate_columns	0.3038	0.1425718367099762	0.2907	0.12946134538792853	0.0	0.25383751444734726	12.6153	3.3957818640344923
50|51	False	False	both_AF_coil;hexamer_coil_fraction_ge_0.8	False	False	hexamer_coil_fraction_ge_0.8;burial_lt_0.10;interprotomer_distance_gt_4.5A	consistent	0.3038	0.3757533133029938	0.2907	0.33270421911168985	0.0	0.25383751444734726	12.2656	3.3957818640344923
51|52	False	False	both_AF_coil;hexamer_coil_fraction_ge_0.8;AF_rSASA_ge_0.25;hexamer_rSASA_ge_0.25	False	False	both_AF_coil;hexamer_coil_fraction_ge_0.8;AF_rSASA_ge_0.25;hexamer_rSASA_ge_0.25	consistent	0.2383	0.0175236277282238	0.2217	0.011005993580343711	0.0	0.0	12.2656	6.412801823643846
52|53	False	False	both_AF_coil;hexamer_coil_fraction_ge_0.8;AF_rSASA_ge_0.25;hexamer_rSASA_ge_0.25	False	False	both_AF_coil;hexamer_coil_fraction_ge_0.8;AF_rSASA_ge_0.25;hexamer_rSASA_ge_0.25;burial_lt_0.10;interprotomer_distance_gt_4.5A	consistent	0.2383	0.0175236277282238	0.2217	0.011005993580343711	0.0	0.8349649544852223	12.6752	2.7789163288703596
53|54	False	False	both_AF_coil;hexamer_coil_fraction_ge_0.8;AF_rSASA_ge_0.25;hexamer_rSASA_ge_0.25	False	False	both_AF_coil;hexamer_coil_fraction_ge_0.8;hexamer_rSASA_ge_0.25;burial_lt_0.10;interprotomer_distance_gt_4.5A	consistent	0.2258	0.4748033583164215	0.216	0.10817981133094201	0.0	0.8349649544852223	12.6752	2.7789163288703596
54|55	False	False	both_AF_coil;hexamer_coil_fraction_ge_0.8;AF_rSASA_ge_0.25;hexamer_rSASA_ge_0.25	False	False	both_AF_coil;hexamer_coil_fraction_ge_0.8;AF_rSASA_ge_0.25;hexamer_rSASA_ge_0.25	consistent	0.2258	0.025659598410129547	0.216	0.019374891201259684	0.0	0.0	11.9708	6.675570779982434
55|56	False	False	both_AF_coil;hexamer_coil_fraction_ge_0.8;AF_rSASA_ge_0.25;hexamer_rSASA_ge_0.25	False	False	both_AF_coil;hexamer_coil_fraction_ge_0.8;AF_rSASA_ge_0.25;hexamer_rSASA_ge_0.25;burial_lt_0.10;interprotomer_distance_gt_4.5A	consistent	0.1251	0.025659598410129547	0.1157	0.019374891201259684	0.0	0.3419370941955444	11.9708	3.777539486036115
56|57	False	False	both_AF_coil;hexamer_coil_fraction_ge_0.8;AF_rSASA_ge_0.25;hexamer_rSASA_ge_0.25	False	False	both_AF_coil;hexamer_coil_fraction_ge_0.8;AF_rSASA_ge_0.25;hexamer_rSASA_ge_0.25;burial_lt_0.10;interprotomer_distance_gt_4.5A	consistent	0.1251	0.23551853001117706	0.1157	0.18107045320473802	0.0	0.3620447603734189	11.5527	2.610017448031644
57|58	False	False	both_AF_coil;hexamer_coil_fraction_ge_0.8;AF_rSASA_ge_0.25;hexamer_rSASA_ge_0.25	False	False	both_AF_coil;hexamer_coil_fraction_ge_0.8;burial_lt_0.10;interprotomer_distance_gt_4.5A	consistent	0.2181	0.3012292683124542	0.2042	0.27817758913393376	0.0	0.3620447603734189	11.5527	2.610017448031644
58|59	False	False	both_AF_coil;hexamer_coil_fraction_ge_0.8;AF_rSASA_ge_0.25;hexamer_rSASA_ge_0.25	False	False	both_AF_coil;hexamer_coil_fraction_ge_0.8;AF_rSASA_ge_0.25;hexamer_rSASA_ge_0.25;burial_lt_0.10;interprotomer_distance_gt_4.5A	consistent	0.2181	0.08023776113986969	0.2042	0.01695896001838387	0.0	0.8653690719572652	11.6764	2.859982636813903
59|60	False	False	both_AF_coil;hexamer_coil_fraction_ge_0.8;AF_rSASA_ge_0.25;hexamer_rSASA_ge_0.25	False	False	both_AF_coil;hexamer_coil_fraction_ge_0.8;AF_rSASA_ge_0.25;hexamer_rSASA_ge_0.25;burial_lt_0.10;interprotomer_distance_gt_4.5A	consistent	0.1055	0.08023776113986969	0.0936	0.01695896001838387	0.0	0.8653690719572652	11.6764	2.859982636813903
60|61	False	False	both_AF_coil;hexamer_coil_fraction_ge_0.8;AF_rSASA_ge_0.25;hexamer_rSASA_ge_0.25	False	False	both_AF_coil;hexamer_coil_fraction_ge_0.8;burial_lt_0.10;interprotomer_distance_gt_4.5A	consistent	0.1055	0.45009520649909973	0.0936	0.4536442941473436	0.0	0.2054130486505098	12.4935	3.5244027346863573
61|62	False	False	both_AF_coil;hexamer_coil_fraction_ge_0.8;hexamer_rSASA_ge_0.25	False	False	both_AF_coil;hexamer_coil_fraction_ge_0.8;AF_rSASA_ge_0.25;hexamer_rSASA_ge_0.25;burial_lt_0.10;interprotomer_distance_gt_4.5A	consistent	0.2528	0.005746962036937475	0.2371	0.0063949261875523725	0.0	0.3636364137380001	12.4935	3.7928080826559922
62|63	False	False	both_AF_coil;hexamer_coil_fraction_ge_0.8;AF_rSASA_ge_0.25;hexamer_rSASA_ge_0.25	False	False	both_AF_coil;hexamer_coil_fraction_ge_0.8;AF_rSASA_ge_0.25;hexamer_rSASA_ge_0.25;burial_lt_0.10;interprotomer_distance_gt_4.5A	consistent	0.2299	0.005746962036937475	0.217	0.0063949261875523725	0.0	0.9944364613859935	12.1805	2.5262970969045355
63|64	False	False	both_AF_coil;hexamer_coil_fraction_ge_0.8;AF_rSASA_ge_0.25;hexamer_rSASA_ge_0.25	False	False	both_AF_coil;hexamer_coil_fraction_ge_0.8;hexamer_rSASA_ge_0.25;burial_lt_0.10;interprotomer_distance_gt_4.5A	consistent	0.2299	0.6958425641059875	0.217	0.00818872868724693	0.0	0.9944364613859935	12.1805	2.5262970969045355
64|65	False	False	both_AF_coil;hexamer_coil_fraction_ge_0.8;AF_rSASA_ge_0.25;hexamer_rSASA_ge_0.25	False	False	both_AF_coil;hexamer_coil_fraction_ge_0.8;AF_rSASA_ge_0.25;hexamer_rSASA_ge_0.25;burial_lt_0.10;interprotomer_distance_gt_4.5A	consistent	0.1676	0.1974540650844574	0.1526	0.15279481207677562	0.0	0.5668591758271173	10.8786	2.8376213166119064
65|66	False	True	none	False	False	AF_rSASA_ge_0.25;hexamer_rSASA_ge_0.25;burial_lt_0.10;interprotomer_distance_gt_4.5A	v1_table_strict_flag_inconsistent_with_v1_gate_columns	0.4591	0.1974540650844574	0.4333	0.15279481207677562	0.0	0.71964290456505	10.8786	3.5149498833164627
66|67	False	False	both_AF_coil;hexamer_coil_fraction_ge_0.8	False	False	both_AF_coil;hexamer_coil_fraction_ge_0.8;hexamer_rSASA_ge_0.25;burial_lt_0.10;interprotomer_distance_gt_4.5A	consistent	0.4591	0.37826481461524963	0.4333	0.21923407268724104	0.0	0.71964290456505	11.1309	3.5149498833164627
67|68	False	False	both_AF_coil;hexamer_coil_fraction_ge_0.8	False	False	both_AF_coil;hexamer_coil_fraction_ge_0.8;burial_lt_0.10;interprotomer_distance_gt_4.5A	consistent	0.2764	0.37826481461524963	0.2562	0.275585024239789	0.0	0.2996868659339148	11.1309	4.319307467795337
68|69	False	False	both_AF_coil;hexamer_coil_fraction_ge_0.8	False	False	both_AF_coil;hexamer_coil_fraction_ge_0.8;burial_lt_0.10	consistent	0.2764	0.34404629468917847	0.2562	0.3097918024465042	0.0	0.11383089852783575	11.4251	5.682708488779805
69|70	False	False	both_AF_coil;hexamer_coil_fraction_ge_0.8;AF_rSASA_ge_0.25;hexamer_rSASA_ge_0.25	False	False	both_AF_coil;hexamer_coil_fraction_ge_0.8;AF_rSASA_ge_0.25;hexamer_rSASA_ge_0.25;burial_lt_0.10;interprotomer_distance_gt_4.5A	consistent	0.1368	0.13804547488689423	0.1263	0.07945701528478552	0.0	0.6412312054018182	11.4251	2.9055092813975527
70|71	False	False	both_AF_coil;hexamer_coil_fraction_ge_0.8;AF_rSASA_ge_0.25;hexamer_rSASA_ge_0.25	False	False	both_AF_coil;hexamer_coil_fraction_ge_0.8;AF_rSASA_ge_0.25;hexamer_rSASA_ge_0.25;burial_lt_0.10;interprotomer_distance_gt_4.5A	consistent	0.1368	0.13804547488689423	0.1263	0.07945701528478552	0.0	0.6412312054018182	11.7551	2.9055092813975527
71|72	False	False	both_AF_coil;hexamer_coil_fraction_ge_0.8;AF_rSASA_ge_0.25;hexamer_rSASA_ge_0.25	False	False	both_AF_coil;hexamer_coil_fraction_ge_0.8	consistent	0.2144	0.4216254949569702	0.201	0.36113688835292296	0.0	0.0	11.7551	9.182551538712477
72|73	False	False	both_AF_coil;hexamer_coil_fraction_ge_0.8;AF_rSASA_ge_0.25;hexamer_rSASA_ge_0.25	False	False	both_AF_coil;hexamer_coil_fraction_ge_0.8;AF_rSASA_ge_0.25;hexamer_rSASA_ge_0.25	consistent	0.2144	0.09067428857088089	0.201	0.10321254940000685	0.0	0.0	11.1684	9.316374462407786
73|74	False	False	both_AF_coil;hexamer_coil_fraction_ge_0.8;AF_rSASA_ge_0.25;hexamer_rSASA_ge_0.25	False	False	both_AF_coil;hexamer_coil_fraction_ge_0.8;AF_rSASA_ge_0.25;hexamer_rSASA_ge_0.25	consistent	0.1254	0.09067428857088089	0.1149	0.10321254940000685	0.0	0.0	11.1684	9.316374462407786
74|75	False	False	both_AF_coil;hexamer_coil_fraction_ge_0.8;AF_rSASA_ge_0.25;hexamer_rSASA_ge_0.25	False	False	both_AF_coil;hexamer_coil_fraction_ge_0.8;AF_rSASA_ge_0.25;hexamer_rSASA_ge_0.25	consistent	0.1254	0.23743733763694763	0.1149	0.17585346433851454	0.0	0.0	11.9658	9.791355445243465
75|76	False	False	both_AF_coil;hexamer_coil_fraction_ge_0.8;AF_rSASA_ge_0.25;hexamer_rSASA_ge_0.25	False	False	both_AF_coil;hexamer_coil_fraction_ge_0.8	consistent	0.1058	0.27545157074928284	0.0945	0.2637290783527186	0.0	0.0	11.9658	10.13481533309612
76|77	False	False	both_AF_coil;hexamer_coil_fraction_ge_0.8;AF_rSASA_ge_0.25;hexamer_rSASA_ge_0.25	False	False	both_AF_coil;hexamer_coil_fraction_ge_0.8;AF_rSASA_ge_0.25;hexamer_rSASA_ge_0.25	consistent	0.1058	0.010855372995138168	0.0945	0.00118607078409437	0.0	0.0	11.9658	8.49137049034512
77|78	False	False	both_AF_coil;hexamer_coil_fraction_ge_0.8;AF_rSASA_ge_0.25;hexamer_rSASA_ge_0.25	False	False	both_AF_coil;hexamer_coil_fraction_ge_0.8;AF_rSASA_ge_0.25;hexamer_rSASA_ge_0.25;burial_lt_0.10	consistent	0.0621	0.010855372995138168	0.0545	0.00118607078409437	0.0	0.14451516087642163	12.2128	5.467473175026241
78|79	False	False	both_AF_coil;hexamer_coil_fraction_ge_0.8;AF_rSASA_ge_0.25;hexamer_rSASA_ge_0.25	False	False	both_AF_coil;hexamer_coil_fraction_ge_0.8;AF_rSASA_ge_0.25;hexamer_rSASA_ge_0.25;burial_lt_0.10	consistent	0.0621	0.2493228018283844	0.0545	0.24355211176423944	0.0	0.14451516087642163	12.2128	5.467473175026241
79|80	False	False	both_AF_coil;hexamer_coil_fraction_ge_0.8;AF_rSASA_ge_0.25;hexamer_rSASA_ge_0.25	False	False	both_AF_coil;hexamer_coil_fraction_ge_0.8;AF_rSASA_ge_0.25;hexamer_rSASA_ge_0.25	consistent	0.0694	0.023782065138220787	0.0629	0.0006603595876377415	0.0	0.0	13.3026	7.96835310066058
80|81	False	False	both_AF_coil;hexamer_coil_fraction_ge_0.8;AF_rSASA_ge_0.25;hexamer_rSASA_ge_0.25	False	False	both_AF_coil;hexamer_coil_fraction_ge_0.8;AF_rSASA_ge_0.25;hexamer_rSASA_ge_0.25	consistent	0.0694	0.023782065138220787	0.0629	0.0006603595876377415	0.0	0.0	13.3026	6.184186198205185
81|82	False	False	both_AF_coil;hexamer_coil_fraction_ge_0.8;AF_rSASA_ge_0.25;hexamer_rSASA_ge_0.25	False	False	both_AF_coil;hexamer_coil_fraction_ge_0.8;AF_rSASA_ge_0.25;hexamer_rSASA_ge_0.25;burial_lt_0.10;interprotomer_distance_gt_4.5A	consistent	0.1171	0.11802069842815399	0.1043	0.11362504533358982	0.0	0.5732345913557811	12.6159	2.610017448031644
82|83	False	False	both_AF_coil;hexamer_coil_fraction_ge_0.8;AF_rSASA_ge_0.25;hexamer_rSASA_ge_0.25	False	False	both_AF_coil;hexamer_coil_fraction_ge_0.8;AF_rSASA_ge_0.25;hexamer_rSASA_ge_0.25;burial_lt_0.10;interprotomer_distance_gt_4.5A	consistent	0.1171	0.06633944809436798	0.1043	0.053628712744262085	0.0	0.5732345913557811	12.6159	2.610017448031644
83|84	False	False	both_AF_coil;hexamer_coil_fraction_ge_0.8;AF_rSASA_ge_0.25;hexamer_rSASA_ge_0.25	False	False	both_AF_coil;hexamer_coil_fraction_ge_0.8;AF_rSASA_ge_0.25;hexamer_rSASA_ge_0.25	consistent	0.1259	0.019441796466708183	0.1145	0.0019201775071441488	0.0	0.0	12.8344	5.763378484796446
84|85	False	False	both_AF_coil;hexamer_coil_fraction_ge_0.8;AF_rSASA_ge_0.25;hexamer_rSASA_ge_0.25	False	False	both_AF_coil;hexamer_coil_fraction_ge_0.8;AF_rSASA_ge_0.25;hexamer_rSASA_ge_0.25;burial_lt_0.10;interprotomer_distance_gt_4.5A	consistent	0.1259	0.019441796466708183	0.1145	0.0019201775071441488	0.0	0.7401672858443802	12.8344	2.7789163288703596
85|86	False	False	both_AF_coil;hexamer_coil_fraction_ge_0.8;AF_rSASA_ge_0.25;hexamer_rSASA_ge_0.25	False	False	both_AF_coil;hexamer_coil_fraction_ge_0.8;hexamer_rSASA_ge_0.25;burial_lt_0.10;interprotomer_distance_gt_4.5A	consistent	0.109	0.4709523618221283	0.0973	0.15527071090875375	0.0	0.7401672858443802	12.4923	2.7789163288703596
86|87	False	False	both_AF_coil;hexamer_coil_fraction_ge_0.8;AF_rSASA_ge_0.25;hexamer_rSASA_ge_0.25	False	False	both_AF_coil;hexamer_coil_fraction_ge_0.8;AF_rSASA_ge_0.25;hexamer_rSASA_ge_0.25;burial_lt_0.10;interprotomer_distance_gt_4.5A	consistent	0.109	0.13359765708446503	0.0973	0.09141970740424261	0.0	0.31428877328287236	12.4923	3.3569938738379586
87|88	False	False	both_AF_coil;hexamer_coil_fraction_ge_0.8;AF_rSASA_ge_0.25;hexamer_rSASA_ge_0.25	False	False	AF_rSASA_ge_0.25;hexamer_rSASA_ge_0.25;burial_lt_0.10;interprotomer_distance_gt_4.5A	consistent	0.1002	0.13359765708446503	0.0879	0.09141970740424261	0.0	0.5613719003271358	12.2044	3.2807506201940995
88|89	False	False	both_AF_coil;hexamer_coil_fraction_ge_0.8;AF_rSASA_ge_0.25;hexamer_rSASA_ge_0.25	False	False	hexamer_rSASA_ge_0.25;burial_lt_0.10;interprotomer_distance_gt_4.5A	consistent	0.1002	0.43020758032798767	0.0879	0.21182985764435472	0.0	0.5613719003271358	12.2044	3.2807506201940995
89|90	False	False	AF_rSASA_ge_0.25;hexamer_rSASA_ge_0.25	False	False	burial_lt_0.10;interprotomer_distance_gt_4.5A	consistent	0.1757	0.6237772703170776	0.1605	0.4083142350554716	0.0	0.46790478811399067	11.7338	3.389945723300788
90|91	False	False	AF_rSASA_ge_0.25;hexamer_rSASA_ge_0.25	False	False	AF_rSASA_ge_0.25;hexamer_rSASA_ge_0.25	consistent	0.1757	0.18184463679790497	0.1605	0.18952852933276895	0.0	0.09241417474911563	11.7338	5.363602669977667
91|92	False	False	both_AF_coil;hexamer_coil_fraction_ge_0.8;AF_rSASA_ge_0.25;hexamer_rSASA_ge_0.25	False	False	both_AF_coil;hexamer_coil_fraction_ge_0.8;AF_rSASA_ge_0.25;hexamer_rSASA_ge_0.25	consistent	0.1194	0.18184463679790497	0.1087	0.18952852933276895	0.0	0.0981879219088742	11.6886	6.408443497769307
92|93	False	False	both_AF_coil;hexamer_coil_fraction_ge_0.8;AF_rSASA_ge_0.25;hexamer_rSASA_ge_0.25	False	False	both_AF_coil;hexamer_coil_fraction_ge_0.8;hexamer_rSASA_ge_0.25;burial_lt_0.10;interprotomer_distance_gt_4.5A	consistent	0.1194	0.42038801312446594	0.1087	0.11034709048527543	0.0	0.8245172328286764	11.6886	3.2807506201940995
93|94	False	False	both_AF_coil;hexamer_coil_fraction_ge_0.8;AF_rSASA_ge_0.25;hexamer_rSASA_ge_0.25	False	False	both_AF_coil;hexamer_coil_fraction_ge_0.8;AF_rSASA_ge_0.25;hexamer_rSASA_ge_0.25;burial_lt_0.10;interprotomer_distance_gt_4.5A	consistent	0.167	0.24375255405902863	0.1552	0.06250249038719097	0.0	0.8303207167797105	11.7507	3.2807506201940995
94|95	False	False	both_AF_coil;hexamer_coil_fraction_ge_0.8;AF_rSASA_ge_0.25;hexamer_rSASA_ge_0.25	False	False	both_AF_coil;hexamer_coil_fraction_ge_0.8;AF_rSASA_ge_0.25;hexamer_rSASA_ge_0.25;burial_lt_0.10;interprotomer_distance_gt_4.5A	consistent	0.167	0.08641531318426132	0.1552	0.05590516097785891	0.0	0.8303207167797105	11.7507	3.4262094845315483
95|96	False	False	both_AF_coil;hexamer_coil_fraction_ge_0.8;hexamer_rSASA_ge_0.25	False	False	both_AF_coil;hexamer_coil_fraction_ge_0.8;AF_rSASA_ge_0.25;hexamer_rSASA_ge_0.25	consistent	0.2527	0.08641531318426132	0.2364	0.05590516097785891	0.0	0.008468092504240576	11.6383	6.358563849051674
96|97	False	False	both_AF_coil;hexamer_coil_fraction_ge_0.8;hexamer_rSASA_ge_0.25	False	False	both_AF_coil;hexamer_coil_fraction_ge_0.8;hexamer_rSASA_ge_0.25;burial_lt_0.10;interprotomer_distance_gt_4.5A	consistent	0.2527	0.3254839777946472	0.2364	0.11307926479627327	0.0	0.6897048693472984	11.6383	3.298062850198578
97|98	False	False	both_AF_coil;hexamer_coil_fraction_ge_0.8;AF_rSASA_ge_0.25;hexamer_rSASA_ge_0.25	False	False	both_AF_coil;hexamer_coil_fraction_ge_0.8;AF_rSASA_ge_0.25;hexamer_rSASA_ge_0.25;burial_lt_0.10;interprotomer_distance_gt_4.5A	consistent	0.1707	0.004469859413802624	0.159	0.00029945242425108524	0.0	0.6897048693472984	11.5142	3.298062850198578
98|99	False	False	both_AF_coil;hexamer_coil_fraction_ge_0.8;AF_rSASA_ge_0.25;hexamer_rSASA_ge_0.25	False	False	both_AF_coil;hexamer_coil_fraction_ge_0.8;AF_rSASA_ge_0.25;hexamer_rSASA_ge_0.25	consistent	0.1707	0.004469859413802624	0.159	0.00029945242425108524	0.0	0.0	11.5142	6.7735842723771995
99|100	False	False	both_AF_coil;hexamer_coil_fraction_ge_0.8;hexamer_rSASA_ge_0.25	False	False	both_AF_coil;hexamer_coil_fraction_ge_0.8	consistent	0.2582	0.41644591093063354	0.2395	0.30563024211133644	0.0	0.0	11.7526	6.7735842723771995
100|101	False	False	both_AF_coil;hexamer_coil_fraction_ge_0.8;AF_rSASA_ge_0.25;hexamer_rSASA_ge_0.25	False	False	both_AF_coil;hexamer_coil_fraction_ge_0.8;AF_rSASA_ge_0.25;hexamer_rSASA_ge_0.25	consistent	0.0651	0.06508775800466537	0.0279	0.027863941580106567	0.0	0.0	6.1169	6.345692518306317
101|102	False	False	both_AF_coil;hexamer_coil_fraction_ge_0.8;AF_rSASA_ge_0.25;hexamer_rSASA_ge_0.25	False	False	both_AF_coil;hexamer_coil_fraction_ge_0.8;AF_rSASA_ge_0.25;hexamer_rSASA_ge_0.25	consistent	0.2401	0.06508775800466537	0.2283	0.027863941580106567	0.0	0.0	5.9101	6.116904961971463
102|103	False	False	both_AF_coil;hexamer_coil_fraction_ge_0.8;AF_rSASA_ge_0.25;hexamer_rSASA_ge_0.25	False	False	both_AF_coil;hexamer_coil_fraction_ge_0.8;AF_rSASA_ge_0.25;hexamer_rSASA_ge_0.25	consistent	0.2401	0.24005627632141113	0.2283	0.22830714381692982	0.0	0.0	5.9101	5.910082018071061
103|104	False	False	both_AF_coil;hexamer_coil_fraction_ge_0.8;AF_rSASA_ge_0.25;hexamer_rSASA_ge_0.25	False	False	both_AF_coil;hexamer_coil_fraction_ge_0.8;hexamer_rSASA_ge_0.25;burial_lt_0.10;interprotomer_distance_gt_4.5A	consistent	0.0757	0.3045889437198639	0.0656	0.24738620299776595	0.0	0.32296878121627126	6.8975	2.970873178511459
104|105	False	False	both_AF_coil;hexamer_coil_fraction_ge_0.8;AF_rSASA_ge_0.25;hexamer_rSASA_ge_0.25	False	False	both_AF_coil;hexamer_coil_fraction_ge_0.8;AF_rSASA_ge_0.25;hexamer_rSASA_ge_0.25;burial_lt_0.10;interprotomer_distance_gt_4.5A	consistent	0.0757	0.0	0.0656	0.0008428790969049146	0.0	0.32296878121627126	6.8975	2.970873178511459
105|106	False	False	both_AF_coil;hexamer_coil_fraction_ge_0.8;AF_rSASA_ge_0.25;hexamer_rSASA_ge_0.25	False	False	both_AF_coil;hexamer_coil_fraction_ge_0.8;AF_rSASA_ge_0.25;hexamer_rSASA_ge_0.25	consistent	0.1745	0.0	0.1596	0.0008428790969049146	0.0	0.0	6.4852	4.519969759985777
106|107	False	False	both_AF_coil;hexamer_coil_fraction_ge_0.8;AF_rSASA_ge_0.25;hexamer_rSASA_ge_0.25	False	False	both_AF_coil;hexamer_coil_fraction_ge_0.8;AF_rSASA_ge_0.25;hexamer_rSASA_ge_0.25;burial_lt_0.10;interprotomer_distance_gt_4.5A	consistent	0.1745	0.061687272042036057	0.1596	0.05264071238938198	0.0	0.5565850270741642	6.4852	3.3591962191298923
107|108	False	False	both_AF_coil;hexamer_coil_fraction_ge_0.8;AF_rSASA_ge_0.25;hexamer_rSASA_ge_0.25	False	False	both_AF_coil;hexamer_coil_fraction_ge_0.8;AF_rSASA_ge_0.25;hexamer_rSASA_ge_0.25;burial_lt_0.10;interprotomer_distance_gt_4.5A	consistent	0.2214	0.171036958694458	0.1922	0.004601159286453349	0.0	0.997362285535915	6.0877	2.941874124738428
108|109	False	False	both_AF_coil;hexamer_coil_fraction_ge_0.8;AF_rSASA_ge_0.25;hexamer_rSASA_ge_0.25	False	False	both_AF_coil;hexamer_coil_fraction_ge_0.8;AF_rSASA_ge_0.25;hexamer_rSASA_ge_0.25;burial_lt_0.10;interprotomer_distance_gt_4.5A	consistent	0.1874	0.18741771578788757	0.123	0.004601159286453349	0.0158	0.997362285535915	4.8636	2.941874124738428
109|110	False	False	both_AF_coil;hexamer_coil_fraction_ge_0.8;AF_rSASA_ge_0.25;hexamer_rSASA_ge_0.25	False	False	both_AF_coil;hexamer_coil_fraction_ge_0.8;AF_rSASA_ge_0.25;hexamer_rSASA_ge_0.25	consistent	0.1874	0.18741771578788757	0.123	0.12299288347892956	0.0158	0.015837956145372235	4.8636	4.863630483821248
110|111	False	False	both_AF_coil;hexamer_coil_fraction_ge_0.8;AF_rSASA_ge_0.25;hexamer_rSASA_ge_0.25	False	False	both_AF_coil;hexamer_coil_fraction_ge_0.8;AF_rSASA_ge_0.25;hexamer_rSASA_ge_0.25;burial_lt_0.10;interprotomer_distance_gt_4.5A	consistent	0.1064	0.17945343255996704	0.0552	0.024785244121001318	0.0246	0.9570076087260405	4.6988	2.5915459750480347
111|112	False	False	both_AF_coil;hexamer_coil_fraction_ge_0.8;AF_rSASA_ge_0.25;hexamer_rSASA_ge_0.25	False	False	both_AF_coil;hexamer_coil_fraction_ge_0.8;AF_rSASA_ge_0.25;hexamer_rSASA_ge_0.25;burial_lt_0.10;interprotomer_distance_gt_4.5A	consistent	0.1064	0.17945343255996704	0.0552	0.024785244121001318	0.0246	0.9570076087260405	4.6988	2.5915459750480347
112|113	False	False	both_AF_coil;hexamer_coil_fraction_ge_0.8;AF_rSASA_ge_0.25;hexamer_rSASA_ge_0.25	False	False	both_AF_coil;hexamer_coil_fraction_ge_0.8;hexamer_rSASA_ge_0.25;burial_lt_0.10;interprotomer_distance_gt_4.5A	consistent	0.1627	0.4261288046836853	0.0852	0.22001731701386282	0.059	0.6972885518600127	4.5764	2.818691116026029
113|114	False	False	hexamer_rSASA_ge_0.25	False	False	AF_rSASA_ge_0.25;hexamer_rSASA_ge_0.25;burial_lt_0.10;interprotomer_distance_gt_4.5A	consistent	0.3246	0.0946313664317131	0.2339	0.07006214308912737	0.059	0.11554920194262204	4.5764	4.436643677005419
114|115	False	False	hexamer_rSASA_ge_0.25	False	False	AF_rSASA_ge_0.25;hexamer_rSASA_ge_0.25;burial_lt_0.10	consistent	0.3246	0.0946313664317131	0.2339	0.07006214308912737	0.0	0.11554920194262204	5.5077	5.507963110618422
115|116	False	True	none	False	False	hexamer_rSASA_ge_0.25;burial_lt_0.10;interprotomer_distance_gt_4.5A	v1_table_strict_flag_inconsistent_with_v1_gate_columns	0.2995	0.2647157311439514	0.2551	0.13279972732156203	0.0	0.4156346746336356	6.5146	3.5889415426022837
116|117	False	True	none	False	False	AF_rSASA_ge_0.25;hexamer_rSASA_ge_0.25;burial_lt_0.10;interprotomer_distance_gt_4.5A	v1_table_strict_flag_inconsistent_with_v1_gate_columns	0.2995	0.007120449561625719	0.2551	0.011647031179763985	0.0	0.4156346746336356	6.5146	3.5889415426022837
117|118	False	False	AF_rSASA_ge_0.25;hexamer_rSASA_ge_0.25	False	False	both_AF_coil;hexamer_coil_fraction_ge_0.8;AF_rSASA_ge_0.25;hexamer_rSASA_ge_0.25	consistent	0.2176	0.007120449561625719	0.166	0.008181140511885456	0.0	0.0	6.2182	7.343297346635068
118|119	False	False	both_AF_coil;hexamer_coil_fraction_ge_0.8;AF_rSASA_ge_0.25;hexamer_rSASA_ge_0.25	False	False	both_AF_coil;hexamer_coil_fraction_ge_0.8;AF_rSASA_ge_0.25;hexamer_rSASA_ge_0.25	consistent	0.0909	0.0	0.0609	0.0004573033145539828	0.0	0.0	5.3568	9.84135882493807
119|120	False	False	both_AF_coil;hexamer_coil_fraction_ge_0.8;AF_rSASA_ge_0.25;hexamer_rSASA_ge_0.25	False	False	both_AF_coil;hexamer_coil_fraction_ge_0.8;AF_rSASA_ge_0.25;hexamer_rSASA_ge_0.25	consistent	0.0909	0.0	0.0609	0.0004573033145539828	0.0	0.0	5.3568	10.622430111324793
120|121	False	False	both_AF_coil;hexamer_coil_fraction_ge_0.8;AF_rSASA_ge_0.25;hexamer_rSASA_ge_0.25	False	False	both_AF_coil;hexamer_coil_fraction_ge_0.8;AF_rSASA_ge_0.25;hexamer_rSASA_ge_0.25	consistent	0.0555	0.00438090693205595	0.0355	0.0030329910560129244	0.0	0.0	5.9799	13.16982629451811
121|122	False	False	both_AF_coil;hexamer_coil_fraction_ge_0.8;AF_rSASA_ge_0.25;hexamer_rSASA_ge_0.25	False	False	both_AF_coil;hexamer_coil_fraction_ge_0.8;AF_rSASA_ge_0.25;hexamer_rSASA_ge_0.25	consistent	0.0555	0.00438090693205595	0.0355	0.004913832683450276	0.0	0.0	5.9799	9.84027008073727
122|123	False	False	both_AF_coil;hexamer_coil_fraction_ge_0.8;AF_rSASA_ge_0.25;hexamer_rSASA_ge_0.25	False	False	both_AF_coil;hexamer_coil_fraction_ge_0.8;AF_rSASA_ge_0.25;hexamer_rSASA_ge_0.25	consistent	0.066	0.007662616204470396	0.0455	0.004913832683450276	0.0	0.0	5.1578	9.84027008073727
123|124	False	False	both_AF_coil;hexamer_coil_fraction_ge_0.8;AF_rSASA_ge_0.25;hexamer_rSASA_ge_0.25	False	False	both_AF_coil;hexamer_coil_fraction_ge_0.8;AF_rSASA_ge_0.25;hexamer_rSASA_ge_0.25	consistent	0.066	0.021160481497645378	0.0455	0.014665989205241203	0.0	0.0	5.1578	7.774130208225026
124|125	False	False	both_AF_coil;hexamer_coil_fraction_ge_0.8;AF_rSASA_ge_0.25;hexamer_rSASA_ge_0.25	False	False	AF_rSASA_ge_0.25;hexamer_rSASA_ge_0.25	consistent	0.0958	0.16267308592796326	0.0537	0.14535474930054101	0.0	0.0	5.3075	6.518284920567035
125|126	False	False	both_AF_coil;hexamer_coil_fraction_ge_0.8;AF_rSASA_ge_0.25;hexamer_rSASA_ge_0.25	False	False	burial_lt_0.10;interprotomer_distance_gt_4.5A	consistent	0.0958	0.46369460225105286	0.0537	0.2997566639002514	0.0	0.5672628866538938	5.3075	3.648734866222398
126|127	False	False	both_AF_coil;hexamer_coil_fraction_ge_0.8;AF_rSASA_ge_0.25;hexamer_rSASA_ge_0.25	False	False	burial_lt_0.10;interprotomer_distance_gt_4.5A	consistent	0.1682	0.35199397802352905	0.0968	0.26042775618724334	0.0	0.5672628866538938	5.1922	3.648734866222398
127|128	False	False	both_AF_coil;hexamer_coil_fraction_ge_0.8;AF_rSASA_ge_0.25;hexamer_rSASA_ge_0.25	False	False	AF_rSASA_ge_0.25;hexamer_rSASA_ge_0.25;burial_lt_0.10	consistent	0.1682	0.1191432774066925	0.0968	0.08393714039824729	0.0	0.30212388014274183	5.1922	5.3796840913913115
128|129	False	False	both_AF_coil;hexamer_coil_fraction_ge_0.8;AF_rSASA_ge_0.25;hexamer_rSASA_ge_0.25	False	False	AF_rSASA_ge_0.25;hexamer_rSASA_ge_0.25;burial_lt_0.10	consistent	0.0811	0.11378676444292068	0.042	0.07400368650754292	0.0	0.29710149907650013	4.8768	5.3211094842339515
129|130	False	False	both_AF_coil;hexamer_coil_fraction_ge_0.8;AF_rSASA_ge_0.25;hexamer_rSASA_ge_0.25	False	False	both_AF_coil;hexamer_coil_fraction_ge_0.8;AF_rSASA_ge_0.25;hexamer_rSASA_ge_0.25;burial_lt_0.10	consistent	0.0811	0.05187011882662773	0.042	0.03147760723943764	0.0	0.29710149907650013	4.8768	5.3211094842339515
130|131	False	False	both_AF_coil;hexamer_coil_fraction_ge_0.8;AF_rSASA_ge_0.25;hexamer_rSASA_ge_0.25	False	False	both_AF_coil;hexamer_coil_fraction_ge_0.8;AF_rSASA_ge_0.25;hexamer_rSASA_ge_0.25;burial_lt_0.10;interprotomer_distance_gt_4.5A	consistent	0.112	0.05187011882662773	0.0672	0.03147760723943764	0.0	0.722171786294147	4.6538	3.269023047403827
131|132	False	False	both_AF_coil;hexamer_coil_fraction_ge_0.8;AF_rSASA_ge_0.25;hexamer_rSASA_ge_0.25	False	False	both_AF_coil;hexamer_coil_fraction_ge_0.8;hexamer_rSASA_ge_0.25;burial_lt_0.10;interprotomer_distance_gt_4.5A	consistent	0.112	0.2543744146823883	0.0672	0.05067076770029653	0.0	0.915039945753893	4.6538	3.269023047403827
132|133	False	False	both_AF_coil;hexamer_coil_fraction_ge_0.8;AF_rSASA_ge_0.25;hexamer_rSASA_ge_0.25;interprotomer_distance_gt_4.5A	False	False	both_AF_coil;hexamer_coil_fraction_ge_0.8;AF_rSASA_ge_0.25;hexamer_rSASA_ge_0.25;burial_lt_0.10;interprotomer_distance_gt_4.5A	consistent	0.1198	0.0	0.073	0.0005469239324100258	0.0	0.915039945753893	4.2293	3.3449336680888138
133|134	False	False	both_AF_coil;hexamer_coil_fraction_ge_0.8;AF_rSASA_ge_0.25;hexamer_rSASA_ge_0.25;interprotomer_distance_gt_4.5A	False	False	both_AF_coil;hexamer_coil_fraction_ge_0.8;AF_rSASA_ge_0.25;hexamer_rSASA_ge_0.25	consistent	0.1198	0.0	0.073	0.0005469239324100258	0.0	0.0	4.2293	6.007213549253377
134|135	False	False	both_AF_coil;hexamer_coil_fraction_ge_0.8;AF_rSASA_ge_0.25;hexamer_rSASA_ge_0.25;interprotomer_distance_gt_4.5A	False	False	both_AF_coil;hexamer_coil_fraction_ge_0.8;AF_rSASA_ge_0.25;hexamer_rSASA_ge_0.25;burial_lt_0.10;interprotomer_distance_gt_4.5A	consistent	0.2102	0.016645602881908417	0.1518	0.002080269988135312	0.0	0.8564359361813837	3.9806	3.309270032747796
135|136	False	False	both_AF_coil;hexamer_coil_fraction_ge_0.8;AF_rSASA_ge_0.25;hexamer_rSASA_ge_0.25;interprotomer_distance_gt_4.5A	False	False	both_AF_coil;hexamer_coil_fraction_ge_0.8;AF_rSASA_ge_0.25;hexamer_rSASA_ge_0.25;burial_lt_0.10;interprotomer_distance_gt_4.5A	consistent	0.2102	0.12080471962690353	0.1518	0.04365883488808909	0.0	0.8564359361813837	3.9806	3.309270032747796
136|137	False	False	both_AF_coil;hexamer_coil_fraction_ge_0.8;AF_rSASA_ge_0.25;hexamer_rSASA_ge_0.25;interprotomer_distance_gt_4.5A	False	False	both_AF_coil;hexamer_coil_fraction_ge_0.8;AF_rSASA_ge_0.25;hexamer_rSASA_ge_0.25;burial_lt_0.10	consistent	0.0536	0.0056325942277908325	0.0269	0.0030701729294474837	0.0	0.11661930034498404	4.1516	6.189622490610736
137|138	False	False	both_AF_coil;hexamer_coil_fraction_ge_0.8;AF_rSASA_ge_0.25;hexamer_rSASA_ge_0.25;interprotomer_distance_gt_4.5A	False	False	both_AF_coil;hexamer_coil_fraction_ge_0.8;AF_rSASA_ge_0.25;hexamer_rSASA_ge_0.25	consistent	0.0536	0.0	0.0269	0.0	0.0	0.0	4.1516	5.303669630204646
138|139	False	False	both_AF_coil;hexamer_coil_fraction_ge_0.8;AF_rSASA_ge_0.25;hexamer_rSASA_ge_0.25;interprotomer_distance_gt_4.5A	False	False	both_AF_coil;hexamer_coil_fraction_ge_0.8;AF_rSASA_ge_0.25;hexamer_rSASA_ge_0.25;burial_lt_0.10;interprotomer_distance_gt_4.5A	consistent	0.2131	0.0	0.1457	0.0	0.0	0.7139900413987406	4.3698	2.5915459750480347
139|140	False	False	both_AF_coil;hexamer_coil_fraction_ge_0.8;AF_rSASA_ge_0.25;hexamer_rSASA_ge_0.25;interprotomer_distance_gt_4.5A	False	False	both_AF_coil;hexamer_coil_fraction_ge_0.8;AF_rSASA_ge_0.25;hexamer_rSASA_ge_0.25;burial_lt_0.10;interprotomer_distance_gt_4.5A	consistent	0.2131	0.011151695623993874	0.1457	0.0013286942128269445	0.0	0.7139900413987406	4.3698	2.5915459750480347
140|141	False	False	both_AF_coil;hexamer_coil_fraction_ge_0.8;AF_rSASA_ge_0.25;hexamer_rSASA_ge_0.25;interprotomer_distance_gt_4.5A	False	False	both_AF_coil;hexamer_coil_fraction_ge_0.8;AF_rSASA_ge_0.25;hexamer_rSASA_ge_0.25;burial_lt_0.10;interprotomer_distance_gt_4.5A	consistent	0.0957	0.011151695623993874	0.0434	0.0013286942128269445	0.0	0.625046231467774	3.8582	3.5915036332323296
141|142	False	False	both_AF_coil;hexamer_coil_fraction_ge_0.8;AF_rSASA_ge_0.25;hexamer_rSASA_ge_0.25;interprotomer_distance_gt_4.5A	False	False	both_AF_coil;hexamer_coil_fraction_ge_0.8;AF_rSASA_ge_0.25;hexamer_rSASA_ge_0.25;burial_lt_0.10;interprotomer_distance_gt_4.5A	consistent	0.0957	0.12034756690263748	0.0434	0.025208792876248335	0.0	0.8706709368822607	3.8582	2.723176243834595
142|143	False	False	AF_rSASA_ge_0.25;hexamer_rSASA_ge_0.25;burial_lt_0.10;interprotomer_distance_gt_4.5A	False	False	AF_rSASA_ge_0.25;hexamer_rSASA_ge_0.25;burial_lt_0.10;interprotomer_distance_gt_4.5A	consistent	0.1203	0.12034756690263748	0.0187	0.01866846226184304	0.9823	0.9822866214584327	2.5263	2.5262970969045355
143|144	False	False	both_AF_coil;hexamer_coil_fraction_ge_0.8;AF_rSASA_ge_0.25;hexamer_rSASA_ge_0.25;burial_lt_0.10;interprotomer_distance_gt_4.5A	False	False	both_AF_coil;hexamer_rSASA_ge_0.25;burial_lt_0.10;interprotomer_distance_gt_4.5A	consistent	0.1203	0.48469486832618713	0.0187	0.01866846226184304	0.9823	0.9822866214584327	2.5263	2.5262970969045355
144|145	False	False	both_AF_coil;hexamer_coil_fraction_ge_0.8;AF_rSASA_ge_0.25;hexamer_rSASA_ge_0.25;burial_lt_0.10;interprotomer_distance_gt_4.5A	False	False	both_AF_coil;hexamer_rSASA_ge_0.25;burial_lt_0.10;interprotomer_distance_gt_4.5A	consistent	0.1178	0.5297373533248901	0.0941	0.08914821636160036	0.8471	0.8923795494209782	2.5363	2.5363125225241663
145|146	False	False	both_AF_coil;hexamer_coil_fraction_ge_0.8;AF_rSASA_ge_0.25;hexamer_rSASA_ge_0.25;burial_lt_0.10;interprotomer_distance_gt_4.5A	False	False	both_AF_coil;AF_rSASA_ge_0.25;hexamer_rSASA_ge_0.25;burial_lt_0.10;interprotomer_distance_gt_4.5A	consistent	0.1178	0.1851692795753479	0.0941	0.11904027013169256	0.8471	0.858348188389677	2.5363	2.600789837523032
146|147	False	False	both_AF_coil;hexamer_coil_fraction_ge_0.8;AF_rSASA_ge_0.25;hexamer_rSASA_ge_0.25;interprotomer_distance_gt_4.5A	False	False	both_AF_coil;hexamer_coil_fraction_ge_0.8;AF_rSASA_ge_0.25;hexamer_rSASA_ge_0.25;burial_lt_0.10;interprotomer_distance_gt_4.5A	consistent	0.0351	0.16037514805793762	0.0235	0.08600956373004946	0.0	0.7812562202693234	3.1108	2.600789837523032
147|148	False	False	both_AF_coil;hexamer_coil_fraction_ge_0.8;AF_rSASA_ge_0.25;hexamer_rSASA_ge_0.25;interprotomer_distance_gt_4.5A	False	False	both_AF_coil;hexamer_coil_fraction_ge_0.8;AF_rSASA_ge_0.25;hexamer_rSASA_ge_0.25;interprotomer_distance_gt_4.5A	consistent	0.0351	0.0634387955069542	0.0235	0.06974489758374271	0.0	0.07186090335475229	3.1108	2.792740468444077
148|149	False	False	both_AF_coil;hexamer_coil_fraction_ge_0.8;AF_rSASA_ge_0.25;hexamer_rSASA_ge_0.25;interprotomer_distance_gt_4.5A	False	False	both_AF_coil;hexamer_coil_fraction_ge_0.8;AF_rSASA_ge_0.25;hexamer_rSASA_ge_0.25;burial_lt_0.10;interprotomer_distance_gt_4.5A	consistent	0.1571	0.0634387955069542	0.1502	0.06974489758374271	0.0	0.6354848859426351	3.3356	3.464012518758942
149|150	False	False	both_AF_coil;hexamer_coil_fraction_ge_0.8;AF_rSASA_ge_0.25;hexamer_rSASA_ge_0.25;interprotomer_distance_gt_4.5A	False	False	both_AF_coil;hexamer_coil_fraction_ge_0.8;AF_rSASA_ge_0.25;hexamer_rSASA_ge_0.25;burial_lt_0.10;interprotomer_distance_gt_4.5A	consistent	0.1571	0.04874163120985031	0.1502	0.019217867954058037	0.0	0.6354848859426351	3.3356	3.464012518758942
150|151	False	False	both_AF_coil;hexamer_coil_fraction_ge_0.8;AF_rSASA_ge_0.25;hexamer_rSASA_ge_0.25;interprotomer_distance_gt_4.5A	False	False	both_AF_coil;hexamer_coil_fraction_ge_0.8;AF_rSASA_ge_0.25;hexamer_rSASA_ge_0.25;burial_lt_0.10	consistent	0.2059	0.04874163120985031	0.1968	0.019217867954058037	0.0	0.41704860166323504	3.6635	5.047389820068311
151|152	False	False	interprotomer_distance_gt_4.5A	False	False	hexamer_rSASA_ge_0.25;burial_lt_0.10;interprotomer_distance_gt_4.5A	consistent	0.2752	0.4339269995689392	0.2611	0.24637481601483166	0.0	0.5308253376554922	4.3584	3.6290560267956335
152|153	False	False	interprotomer_distance_gt_4.5A	False	False	hexamer_rSASA_ge_0.25;burial_lt_0.10;interprotomer_distance_gt_4.5A	consistent	0.2752	0.3200831413269043	0.2611	0.18442634391455245	0.0	0.5308253376554922	4.3584	3.6290560267956335
153|154	False	True	none	False	False	AF_rSASA_ge_0.25;hexamer_rSASA_ge_0.25	v1_table_strict_flag_inconsistent_with_v1_gate_columns	0.2981	0.07894483953714371	0.2919	0.019334894681126816	0.0	0.0	5.2762	7.588864073560073
154|155	False	True	none	False	False	AF_rSASA_ge_0.25;hexamer_rSASA_ge_0.25	v1_table_strict_flag_inconsistent_with_v1_gate_columns	0.438	0.07894483953714371	0.4421	0.019334894681126816	0.0	0.0	5.936	7.292829437453074
155|156	True	True	none	True	True	none	consistent	0.438	0.43798092007637024	0.4421	0.4421064040808926	0.0	0.0	5.936	5.9359918918931385
156|157	False	False	AF_rSASA_ge_0.25;hexamer_rSASA_ge_0.25	False	False	AF_rSASA_ge_0.25;hexamer_rSASA_ge_0.25	consistent	0.1632	0.0005241442704573274	0.1645	0.0	0.0	0.0	6.6628	5.9359918918931385
157|158	False	False	AF_rSASA_ge_0.25;hexamer_rSASA_ge_0.25	False	False	AF_rSASA_ge_0.25;hexamer_rSASA_ge_0.25;burial_lt_0.10;interprotomer_distance_gt_4.5A	consistent	0.1632	0.0005241442704573274	0.1645	0.0	0.0	0.8174872804747856	6.6628	2.5938429247427166
158|159	False	True	none	False	False	hexamer_rSASA_ge_0.25;burial_lt_0.10;interprotomer_distance_gt_4.5A	v1_table_strict_flag_inconsistent_with_v1_gate_columns	0.3335	0.39457589387893677	0.315	0.10261606799506152	0.0	0.8174872804747856	6.7618	2.5938429247427166
159|160	False	True	none	False	False	AF_rSASA_ge_0.25;hexamer_rSASA_ge_0.25;burial_lt_0.10;interprotomer_distance_gt_4.5A	v1_table_strict_flag_inconsistent_with_v1_gate_columns	0.3335	0.005092485807836056	0.315	0.0006365607314387806	0.0	0.44660681968223687	6.7618	4.2626282255986165
160|161	False	False	AF_rSASA_ge_0.25;hexamer_rSASA_ge_0.25	False	False	AF_rSASA_ge_0.25;hexamer_rSASA_ge_0.25;burial_lt_0.10	consistent	0.2244	0.005092485807836056	0.218	0.0006365607314387806	0.0	0.18341826996040222	6.7618	4.568084922800071
161|162	False	False	AF_rSASA_ge_0.25;hexamer_rSASA_ge_0.25	False	False	AF_rSASA_ge_0.25;hexamer_rSASA_ge_0.25;burial_lt_0.10	consistent	0.2244	0.14002758264541626	0.218	0.1024526779739945	0.0	0.18341826996040222	6.7618	4.568084922800071
162|163	False	False	AF_rSASA_ge_0.25;hexamer_rSASA_ge_0.25	False	False	AF_rSASA_ge_0.25;hexamer_rSASA_ge_0.25;burial_lt_0.10	consistent	0.1923	0.08386700600385666	0.187	0.07477512854116934	0.0	0.1893620182858821	7.1566	5.678175043973363
163|164	False	False	AF_rSASA_ge_0.25;hexamer_rSASA_ge_0.25	False	False	AF_rSASA_ge_0.25;hexamer_rSASA_ge_0.25;burial_lt_0.10	consistent	0.1923	0.08386700600385666	0.187	0.07477512854116934	0.0	0.1893620182858821	7.1566	5.376576394075993
164|165	False	False	both_AF_coil;hexamer_coil_fraction_ge_0.8;AF_rSASA_ge_0.25;hexamer_rSASA_ge_0.25	False	False	both_AF_coil;hexamer_coil_fraction_ge_0.8;AF_rSASA_ge_0.25;hexamer_rSASA_ge_0.25	consistent	0.0898	0.0014459152007475495	0.0756	0.0	0.0	0.0	6.4659	5.376576394075993
165|166	False	False	both_AF_coil;hexamer_coil_fraction_ge_0.8;AF_rSASA_ge_0.25;hexamer_rSASA_ge_0.25	False	False	both_AF_coil;hexamer_coil_fraction_ge_0.8;AF_rSASA_ge_0.25;hexamer_rSASA_ge_0.25	consistent	0.0555	0.0	0.0472	0.0	0.0	0.0	6.4659	5.538748567863431
166|167	False	False	both_AF_coil;hexamer_coil_fraction_ge_0.8;AF_rSASA_ge_0.25;hexamer_rSASA_ge_0.25	False	False	both_AF_coil;hexamer_coil_fraction_ge_0.8;AF_rSASA_ge_0.25;hexamer_rSASA_ge_0.25;burial_lt_0.10	consistent	0.0555	0.0	0.0472	8.475880399060889e-05	0.0	0.15327288867438313	7.0976	6.701322880777161
167|168	False	False	both_AF_coil;hexamer_coil_fraction_ge_0.8;AF_rSASA_ge_0.25;hexamer_rSASA_ge_0.25	False	False	both_AF_coil;hexamer_coil_fraction_ge_0.8;AF_rSASA_ge_0.25;hexamer_rSASA_ge_0.25;burial_lt_0.10	consistent	0.083	0.026892665773630142	0.0627	0.014723195561340876	0.0	0.15327288867438313	7.0976	6.701322880777161
168|169	False	False	both_AF_coil;hexamer_coil_fraction_ge_0.8;AF_rSASA_ge_0.25;hexamer_rSASA_ge_0.25	False	False	both_AF_coil;hexamer_coil_fraction_ge_0.8;AF_rSASA_ge_0.25;hexamer_rSASA_ge_0.25;burial_lt_0.10;interprotomer_distance_gt_4.5A	consistent	0.083	0.026892665773630142	0.0627	0.014723195561340876	0.0	0.7126251366244708	7.0581	2.8704863955599063
169|170	False	False	both_AF_coil;hexamer_coil_fraction_ge_0.8;AF_rSASA_ge_0.25;hexamer_rSASA_ge_0.25	False	False	hexamer_coil_fraction_ge_0.8;AF_rSASA_ge_0.25;hexamer_rSASA_ge_0.25;burial_lt_0.10;interprotomer_distance_gt_4.5A	consistent	0.0481	0.18531624972820282	0.0382	0.1188181801369359	0.0	0.7126251366244708	7.0581	2.8704863955599063
170|171	False	False	both_AF_coil;hexamer_coil_fraction_ge_0.8;AF_rSASA_ge_0.25;hexamer_rSASA_ge_0.25	False	False	AF_rSASA_ge_0.25;hexamer_rSASA_ge_0.25;burial_lt_0.10	consistent	0.0481	0.023626400157809258	0.0382	0.01761603668054752	0.0	0.2737730063959065	7.4973	5.054715851787944
171|172	False	False	both_AF_coil;hexamer_coil_fraction_ge_0.8;AF_rSASA_ge_0.25;hexamer_rSASA_ge_0.25	False	False	AF_rSASA_ge_0.25;hexamer_rSASA_ge_0.25	consistent	0.0564	0.023626400157809258	0.0437	0.01761603668054752	0.0	0.0	7.4973	8.544909527314154
172|173	False	False	both_AF_coil;hexamer_coil_fraction_ge_0.8;AF_rSASA_ge_0.25;hexamer_rSASA_ge_0.25	False	False	AF_rSASA_ge_0.25;hexamer_rSASA_ge_0.25;burial_lt_0.10;interprotomer_distance_gt_4.5A	consistent	0.0564	0.07852502167224884	0.0437	0.0475169892112414	0.0	0.42927616360705606	7.3697	3.540589771180839
173|174	False	False	both_AF_coil;hexamer_coil_fraction_ge_0.8;AF_rSASA_ge_0.25;hexamer_rSASA_ge_0.25	False	False	burial_lt_0.10;interprotomer_distance_gt_4.5A	consistent	0.0839	0.2740916609764099	0.0701	0.2881220271444728	0.0	0.42927616360705606	6.6227	3.540589771180839
174|175	True	True	none	True	True	none	consistent	0.2741	0.2740916609764099	0.2881	0.2881220271444728	0.0	0.0	6.6227	6.622725715521305
175|176	True	True	none	True	True	none	consistent	0.2677	0.26769882440567017	0.2866	0.28663289880239834	0.0	0.0	8.9381	8.938145032535846
176|177	False	False	hexamer_rSASA_ge_0.25	False	False	AF_rSASA_ge_0.25;hexamer_rSASA_ge_0.25	consistent	0.2677	0.0	0.2288	0.0	0.0	0.0	9.5262	6.894942130219226
177|178	False	False	both_AF_coil;hexamer_coil_fraction_ge_0.8;AF_rSASA_ge_0.25;hexamer_rSASA_ge_0.25	False	False	both_AF_coil;hexamer_coil_fraction_ge_0.8;AF_rSASA_ge_0.25;hexamer_rSASA_ge_0.25	consistent	0.1054	0.0	0.1051	0.0	0.0	0.0	8.4324	6.445075245398348
178|179	False	False	both_AF_coil;hexamer_coil_fraction_ge_0.8;AF_rSASA_ge_0.25;hexamer_rSASA_ge_0.25	False	False	both_AF_coil;hexamer_coil_fraction_ge_0.8;AF_rSASA_ge_0.25;hexamer_rSASA_ge_0.25	consistent	0.0	0.05845392867922783	0.0007	0.014447571082436357	0.0	0.0	7.9052	6.445075245398348
179|180	False	False	both_AF_coil;hexamer_coil_fraction_ge_0.8;AF_rSASA_ge_0.25;hexamer_rSASA_ge_0.25	False	False	both_AF_coil;hexamer_coil_fraction_ge_0.8;AF_rSASA_ge_0.25;hexamer_rSASA_ge_0.25	consistent	0.0	0.0	0.0007	0.0006981317419558764	0.0	0.0	7.9052	7.905215610796805
180|181	False	False	both_AF_coil;hexamer_coil_fraction_ge_0.8;AF_rSASA_ge_0.25;hexamer_rSASA_ge_0.25	False	False	both_AF_coil;hexamer_coil_fraction_ge_0.8;AF_rSASA_ge_0.25;hexamer_rSASA_ge_0.25;burial_lt_0.10;interprotomer_distance_gt_4.5A	consistent	0.044	0.0	0.037	0.0006981317419558764	0.0	0.643291560349486	7.4128	3.540589771180839
181|182	False	False	both_AF_coil;hexamer_coil_fraction_ge_0.8;AF_rSASA_ge_0.25;hexamer_rSASA_ge_0.25	False	False	both_AF_coil;hexamer_coil_fraction_ge_0.8;AF_rSASA_ge_0.25;hexamer_rSASA_ge_0.25;burial_lt_0.10;interprotomer_distance_gt_4.5A	consistent	0.044	0.0865786001086235	0.037	0.07541764751200257	0.0	0.643291560349486	7.4128	3.540589771180839
182|183	False	False	both_AF_coil;hexamer_coil_fraction_ge_0.8;AF_rSASA_ge_0.25;hexamer_rSASA_ge_0.25	False	False	both_AF_coil;hexamer_coil_fraction_ge_0.8;AF_rSASA_ge_0.25;hexamer_rSASA_ge_0.25;burial_lt_0.10	consistent	0.001	0.0010482885409146547	0.0031	0.003141228937440448	0.0	0.11952183981800503	6.7835	6.275444728457803
183|184	False	False	both_AF_coil;hexamer_coil_fraction_ge_0.8;AF_rSASA_ge_0.25;hexamer_rSASA_ge_0.25	False	False	both_AF_coil;hexamer_coil_fraction_ge_0.8;AF_rSASA_ge_0.25;hexamer_rSASA_ge_0.25	consistent	0.001	0.0010482885409146547	0.0031	0.003141228937440448	0.0	0.0	6.7835	6.783514218005767
184|185	False	False	both_AF_coil;hexamer_coil_fraction_ge_0.8;AF_rSASA_ge_0.25;hexamer_rSASA_ge_0.25	False	False	both_AF_coil;hexamer_coil_fraction_ge_0.8;AF_rSASA_ge_0.25;hexamer_rSASA_ge_0.25;burial_lt_0.10;interprotomer_distance_gt_4.5A	consistent	0.0846	0.1474146991968155	0.0672	0.11099244591718661	0.0	0.7181319568725637	6.0418	2.8704863955599063
185|186	False	False	both_AF_coil;hexamer_coil_fraction_ge_0.8;AF_rSASA_ge_0.25;hexamer_rSASA_ge_0.25	False	False	both_AF_coil;hexamer_coil_fraction_ge_0.8;AF_rSASA_ge_0.25;hexamer_rSASA_ge_0.25;burial_lt_0.10;interprotomer_distance_gt_4.5A	consistent	0.0846	0.0	0.0672	0.0	0.0	0.7181319568725637	5.4433	2.8704863955599063
186|187	False	False	both_AF_coil;hexamer_coil_fraction_ge_0.8;AF_rSASA_ge_0.25;hexamer_rSASA_ge_0.25	False	False	both_AF_coil;hexamer_coil_fraction_ge_0.8;AF_rSASA_ge_0.25;hexamer_rSASA_ge_0.25	consistent	0.1673	0.0	0.1216	0.0	0.0	0.0	5.4433	6.6067742052669285
187|188	False	False	AF_rSASA_ge_0.25;hexamer_rSASA_ge_0.25	False	False	AF_rSASA_ge_0.25;hexamer_rSASA_ge_0.25	consistent	0.2355	0.008338701911270618	0.1932	0.0017917258629282773	0.0	0.0797276531879213	6.8039	5.268309800852204
188|189	False	False	AF_rSASA_ge_0.25;hexamer_rSASA_ge_0.25	False	False	AF_rSASA_ge_0.25;hexamer_rSASA_ge_0.25;burial_lt_0.10;interprotomer_distance_gt_4.5A	consistent	0.2355	0.1433533877134323	0.1932	0.049345382054646815	0.0	0.9240060874914443	6.8039	3.0640049338189153
189|190	False	False	both_AF_coil;hexamer_coil_fraction_ge_0.8;AF_rSASA_ge_0.25;hexamer_rSASA_ge_0.25	False	False	hexamer_rSASA_ge_0.25;burial_lt_0.10;interprotomer_distance_gt_4.5A	consistent	0.0961	0.47161418199539185	0.0737	0.049345382054646815	0.0	0.9240060874914443	7.0996	3.0640049338189153
190|191	False	False	both_AF_coil;hexamer_coil_fraction_ge_0.8;AF_rSASA_ge_0.25;hexamer_rSASA_ge_0.25	False	False	hexamer_rSASA_ge_0.25;burial_lt_0.10;interprotomer_distance_gt_4.5A	consistent	0.0961	0.5197142958641052	0.0737	0.1294112680515567	0.0	0.872039381211823	7.0996	3.1711532341099877
191|192	False	False	both_AF_coil;hexamer_coil_fraction_ge_0.8;AF_rSASA_ge_0.25;hexamer_rSASA_ge_0.25	False	False	AF_rSASA_ge_0.25;hexamer_rSASA_ge_0.25;burial_lt_0.10;interprotomer_distance_gt_4.5A	consistent	0.1176	0.08127153664827347	0.0877	0.04368350439601474	0.0	0.7729921806629172	7.5106	3.1711532341099877
192|193	False	False	both_AF_coil;hexamer_coil_fraction_ge_0.8;AF_rSASA_ge_0.25;hexamer_rSASA_ge_0.25	False	False	AF_rSASA_ge_0.25;hexamer_rSASA_ge_0.25;burial_lt_0.10;interprotomer_distance_gt_4.5A	consistent	0.1176	0.08127153664827347	0.0877	0.04368350439601474	0.0	0.6915975995083399	7.5106	3.464012518758942
193|194	False	False	both_AF_coil;hexamer_coil_fraction_ge_0.8;AF_rSASA_ge_0.25;hexamer_rSASA_ge_0.25	False	False	AF_rSASA_ge_0.25;hexamer_rSASA_ge_0.25;burial_lt_0.10;interprotomer_distance_gt_4.5A	consistent	0.0866	0.03299172595143318	0.0724	0.013294430773713053	0.0	0.6915975995083399	7.7704	3.464012518758942
194|195	False	False	AF_rSASA_ge_0.25;hexamer_rSASA_ge_0.25	False	False	AF_rSASA_ge_0.25;hexamer_rSASA_ge_0.25;burial_lt_0.10	consistent	0.1417	0.03299172595143318	0.1206	0.013294430773713053	0.0	0.49250746115372507	7.7704	5.047389820068311
195|196	False	False	AF_rSASA_ge_0.25;hexamer_rSASA_ge_0.25	False	False	AF_rSASA_ge_0.25;hexamer_rSASA_ge_0.25;burial_lt_0.10	consistent	0.1417	0.049297790974378586	0.1206	0.02059937250756082	0.0	0.49250746115372507	7.6503	4.72042606524889
196|197	False	False	AF_rSASA_ge_0.25;hexamer_rSASA_ge_0.25	False	False	AF_rSASA_ge_0.25;hexamer_rSASA_ge_0.25	consistent	0.1571	0.049297790974378586	0.1348	0.02059937250756082	0.0	0.09494035274389703	7.6503	4.72042606524889
197|198	False	False	AF_rSASA_ge_0.25;hexamer_rSASA_ge_0.25	False	False	hexamer_rSASA_ge_0.25;burial_lt_0.10;interprotomer_distance_gt_4.5A	consistent	0.1571	0.3859667181968689	0.1348	0.15855018833140636	0.0	0.6654191682632886	7.6651	3.0602122294381444
198|199	False	False	AF_rSASA_ge_0.25;hexamer_rSASA_ge_0.25	False	False	hexamer_coil_fraction_ge_0.8;hexamer_rSASA_ge_0.25;burial_lt_0.10;interprotomer_distance_gt_4.5A	consistent	0.1498	0.4525977075099945	0.1342	0.15855018833140636	0.0	0.6654191682632886	8.1934	3.0602122294381444
199|200	False	False	AF_rSASA_ge_0.25;hexamer_rSASA_ge_0.25	False	False	hexamer_coil_fraction_ge_0.8;burial_lt_0.10;interprotomer_distance_gt_4.5A	consistent	0.1498	0.6373388171195984	0.1342	0.4347440615222229	0.0	0.4879482142817192	8.1934	3.0602122294381444
200|201	False	False	AF_rSASA_ge_0.25;hexamer_rSASA_ge_0.25	False	False	hexamer_coil_fraction_ge_0.8;AF_rSASA_ge_0.25;hexamer_rSASA_ge_0.25	consistent	0.1866	0.19930949807167053	0.1743	0.11924956293715509	0.0	0.08963856118209024	8.1934	5.628003406900019
201|202	False	False	AF_rSASA_ge_0.25;hexamer_rSASA_ge_0.25	False	False	hexamer_coil_fraction_ge_0.8;AF_rSASA_ge_0.25;hexamer_rSASA_ge_0.25;burial_lt_0.10;interprotomer_distance_gt_4.5A	consistent	0.1866	0.19930949807167053	0.1743	0.11924956293715509	0.0	0.6126751116601705	8.8488	2.5938429247427166
202|203	False	False	both_AF_coil;hexamer_coil_fraction_ge_0.8;AF_rSASA_ge_0.25;hexamer_rSASA_ge_0.25	False	False	hexamer_rSASA_ge_0.25;burial_lt_0.10;interprotomer_distance_gt_4.5A	consistent	0.1414	0.3197984993457794	0.1267	0.22738385604599776	0.0	0.6126751116601705	8.8488	2.5938429247427166
203|204	False	False	both_AF_coil;hexamer_coil_fraction_ge_0.8;AF_rSASA_ge_0.25;hexamer_rSASA_ge_0.25	False	False	AF_rSASA_ge_0.25;hexamer_rSASA_ge_0.25	consistent	0.1414	0.11036346107721329	0.1267	0.07127314435560152	0.0	0.09894525845428936	8.3795	5.391153074014136
204|205	False	False	AF_rSASA_ge_0.25;hexamer_rSASA_ge_0.25	False	False	AF_rSASA_ge_0.25;hexamer_rSASA_ge_0.25;burial_lt_0.10	consistent	0.1563	0.059337083250284195	0.1486	0.02975978391475398	0.0	0.7941176447280667	7.8294	5.035842056179133
205|206	False	False	AF_rSASA_ge_0.25;hexamer_rSASA_ge_0.25	False	False	AF_rSASA_ge_0.25;hexamer_rSASA_ge_0.25;burial_lt_0.10	consistent	0.1563	0.007905730977654457	0.1486	0.0003875358185420434	0.0	0.7941176447280667	7.8294	5.035842056179133
206|207	False	False	AF_rSASA_ge_0.25;hexamer_rSASA_ge_0.25	False	False	AF_rSASA_ge_0.25;hexamer_rSASA_ge_0.25	consistent	0.1938	0.007905730977654457	0.1828	0.0003875358185420434	0.0	0.0	7.7328	7.9544997107276
207|208	False	False	AF_rSASA_ge_0.25;hexamer_rSASA_ge_0.25	False	False	AF_rSASA_ge_0.25;hexamer_rSASA_ge_0.25	consistent	0.1938	0.02304212935268879	0.1828	0.007249444851311304	0.0	0.0	7.7328	7.9544997107276
208|209	False	False	both_AF_coil;hexamer_coil_fraction_ge_0.8;AF_rSASA_ge_0.25;hexamer_rSASA_ge_0.25	False	False	AF_rSASA_ge_0.25;hexamer_rSASA_ge_0.25	consistent	0.1746	0.02304212935268879	0.1656	0.007249444851311304	0.0	0.0	7.6185	9.322549149143045
209|210	False	False	both_AF_coil;hexamer_coil_fraction_ge_0.8;AF_rSASA_ge_0.25;hexamer_rSASA_ge_0.25	False	False	both_AF_coil;hexamer_coil_fraction_ge_0.8;AF_rSASA_ge_0.25;hexamer_rSASA_ge_0.25	consistent	0.1746	0.03197279945015907	0.1656	0.023965550462404884	0.0	0.0	7.6185	8.544297885702722
210|211	False	False	both_AF_coil;hexamer_coil_fraction_ge_0.8;AF_rSASA_ge_0.25;hexamer_rSASA_ge_0.25	False	False	both_AF_coil;hexamer_coil_fraction_ge_0.8;AF_rSASA_ge_0.25;hexamer_rSASA_ge_0.25	consistent	0.0247	0.0	0.0154	0.0	0.0	0.0	7.6628	8.544297885702722
211|212	False	False	both_AF_coil;hexamer_coil_fraction_ge_0.8;AF_rSASA_ge_0.25;hexamer_rSASA_ge_0.25	False	False	both_AF_coil;hexamer_coil_fraction_ge_0.8;AF_rSASA_ge_0.25;hexamer_rSASA_ge_0.25	consistent	0.0247	0.0	0.0154	0.0	0.0	0.0	7.6628	9.967722766265139
212|213	False	False	both_AF_coil;hexamer_coil_fraction_ge_0.8;AF_rSASA_ge_0.25;hexamer_rSASA_ge_0.25	False	False	both_AF_coil;hexamer_coil_fraction_ge_0.8;AF_rSASA_ge_0.25;hexamer_rSASA_ge_0.25	consistent	0.0293	0.0008651962270960212	0.0198	0.001173972688108732	0.0	0.0	6.6334	9.967722766265139
213|214	False	False	both_AF_coil;hexamer_coil_fraction_ge_0.8;AF_rSASA_ge_0.25;hexamer_rSASA_ge_0.25	False	False	both_AF_coil;hexamer_coil_fraction_ge_0.8;AF_rSASA_ge_0.25;hexamer_rSASA_ge_0.25	consistent	0.0293	0.0	0.0198	0.0006952040538352024	0.0	0.0	6.6334	7.553921567998839
214|215	False	False	both_AF_coil;hexamer_coil_fraction_ge_0.8;AF_rSASA_ge_0.25;hexamer_rSASA_ge_0.25	False	False	both_AF_coil;hexamer_coil_fraction_ge_0.8;AF_rSASA_ge_0.25;hexamer_rSASA_ge_0.25	consistent	0.089	0.0	0.0727	0.0	0.0	0.0	6.0065	7.553921567998839
215|216	False	False	both_AF_coil;hexamer_coil_fraction_ge_0.8;AF_rSASA_ge_0.25;hexamer_rSASA_ge_0.25	False	False	both_AF_coil;hexamer_coil_fraction_ge_0.8;AF_rSASA_ge_0.25;hexamer_rSASA_ge_0.25	consistent	0.089	0.0	0.0727	0.0	0.0751	0.07511138238591328	5.5382	5.538200907625518
216|217	True	True	none	True	True	none	consistent	0.3228	0.3227745592594147	0.3061	0.3061352102165548	0.0751	0.07511138238591328	5.5382	5.538200907625518
217|218	True	True	none	True	True	none	consistent	0.3456	0.3455619812011719	0.3293	0.329343665213812	0.0	0.0	7.9111	7.911072576653654
218|219	True	True	none	True	True	none	consistent	0.5729	0.5728961825370789	0.623	0.6229665512666971	0.0	0.0	9.8955	9.89547660601859
219|220	False	False	AF_rSASA_ge_0.25;hexamer_rSASA_ge_0.25	False	False	AF_rSASA_ge_0.25;hexamer_rSASA_ge_0.25	consistent	0.2011	0.06255611032247543	0.1808	0.04935173569231682	0.0	0.0	8.1159	12.287347589430668
220|221	False	False	AF_rSASA_ge_0.25;hexamer_rSASA_ge_0.25	False	False	AF_rSASA_ge_0.25;hexamer_rSASA_ge_0.25	consistent	0.2011	0.06255611032247543	0.1808	0.04935173569231682	0.0	0.0	8.1159	12.62011071164616
221|222	False	False	AF_rSASA_ge_0.25;hexamer_rSASA_ge_0.25	False	False	AF_rSASA_ge_0.25;hexamer_rSASA_ge_0.25	consistent	0.2014	0.03650148585438728	0.1808	0.02370089030115859	0.0	0.0	7.2931	10.157283650529617
222|223	False	False	burial_lt_0.10	False	False	AF_rSASA_ge_0.25;hexamer_rSASA_ge_0.25	consistent	0.3913	0.03650148585438728	0.3594	0.02370089030115859	0.1509	0.0	5.346	8.380347307243023
223|224	False	False	burial_lt_0.10	False	False	burial_lt_0.10	consistent	0.3913	0.3913344442844391	0.3594	0.35939209960227786	0.1509	0.15088183357677892	5.346	5.346008486982729
224|225	False	False	AF_rSASA_ge_0.25;hexamer_rSASA_ge_0.25;burial_lt_0.10	False	False	AF_rSASA_ge_0.25;hexamer_rSASA_ge_0.25;burial_lt_0.10	consistent	0.1612	0.1611832082271576	0.1407	0.14072426160176596	0.1509	0.15088183357677892	5.346	5.346008486982729
225|226	False	False	AF_rSASA_ge_0.25;hexamer_rSASA_ge_0.25;burial_lt_0.10;interprotomer_distance_gt_4.5A	False	False	AF_rSASA_ge_0.25;hexamer_rSASA_ge_0.25;burial_lt_0.10;interprotomer_distance_gt_4.5A	consistent	0.1612	0.1611832082271576	0.1407	0.14072426160176596	0.2817	0.28170025566712154	3.6487	3.648734866222398
226|227	False	False	both_AF_coil;hexamer_coil_fraction_ge_0.8;AF_rSASA_ge_0.25;hexamer_rSASA_ge_0.25;burial_lt_0.10;interprotomer_distance_gt_4.5A	False	False	burial_lt_0.10;interprotomer_distance_gt_4.5A	consistent	0.1181	0.3065302073955536	0.0927	0.3085397248627037	0.2817	0.28170025566712154	3.6487	3.648734866222398
227|228	False	False	both_AF_coil;hexamer_coil_fraction_ge_0.8;AF_rSASA_ge_0.25;hexamer_rSASA_ge_0.25;burial_lt_0.10;interprotomer_distance_gt_4.5A	False	False	both_AF_coil;hexamer_coil_fraction_ge_0.8;burial_lt_0.10	consistent	0.1181	0.3065302073955536	0.0927	0.3085397248627037	0.509	0.24715908307277257	2.759	5.306798809096556
228|229	False	False	both_AF_coil;hexamer_coil_fraction_ge_0.8;AF_rSASA_ge_0.25;hexamer_rSASA_ge_0.25;burial_lt_0.10;interprotomer_distance_gt_4.5A	False	False	both_AF_coil;hexamer_coil_fraction_ge_0.8	consistent	0.0524	0.334793359041214	0.0264	0.3270184847450573	0.509	0.014244899512063888	2.759	5.371528666629427
229|230	False	False	both_AF_coil;hexamer_coil_fraction_ge_0.8;AF_rSASA_ge_0.25;hexamer_rSASA_ge_0.25;burial_lt_0.10;interprotomer_distance_gt_4.5A	False	False	both_AF_coil;hexamer_coil_fraction_ge_0.8;hexamer_rSASA_ge_0.25;burial_lt_0.10;interprotomer_distance_gt_4.5A	consistent	0.0524	0.263437420129776	0.0264	0.11571904362326137	0.509	0.8793153351742518	2.759	2.7417936432646832
230|231	False	False	both_AF_coil;hexamer_coil_fraction_ge_0.8;AF_rSASA_ge_0.25;hexamer_rSASA_ge_0.25	False	False	both_AF_coil;hexamer_coil_fraction_ge_0.8;AF_rSASA_ge_0.25;hexamer_rSASA_ge_0.25;burial_lt_0.10;interprotomer_distance_gt_4.5A	consistent	0.1222	0.0350615456700325	0.0744	0.02404115047483217	0.0	0.8793153351742518	4.6595	2.7417936432646832
231|232	False	False	both_AF_coil;hexamer_coil_fraction_ge_0.8;AF_rSASA_ge_0.25;hexamer_rSASA_ge_0.25	False	False	both_AF_coil;hexamer_coil_fraction_ge_0.8;AF_rSASA_ge_0.25;hexamer_rSASA_ge_0.25	consistent	0.1222	0.0350615456700325	0.0744	0.02404115047483217	0.0	0.0	4.6595	4.653863149587073
232|233	False	False	both_AF_coil;hexamer_coil_fraction_ge_0.8;AF_rSASA_ge_0.25;hexamer_rSASA_ge_0.25;interprotomer_distance_gt_4.5A	False	False	both_AF_coil;hexamer_coil_fraction_ge_0.8;hexamer_rSASA_ge_0.25;burial_lt_0.10;interprotomer_distance_gt_4.5A	consistent	0.0698	0.3868287205696106	0.0309	0.24120743373304676	0.0	0.6860303068180126	4.4247	2.7159268599018893
233|234	False	False	both_AF_coil;hexamer_coil_fraction_ge_0.8;AF_rSASA_ge_0.25;hexamer_rSASA_ge_0.25;interprotomer_distance_gt_4.5A	False	False	AF_rSASA_ge_0.25;hexamer_rSASA_ge_0.25;burial_lt_0.10;interprotomer_distance_gt_4.5A	consistent	0.0698	0.15939980745315552	0.0309	0.10204890522643596	0.0	0.6860303068180126	4.4247	2.7159268599018893
234|235	False	False	both_AF_coil;hexamer_coil_fraction_ge_0.8;AF_rSASA_ge_0.25;hexamer_rSASA_ge_0.25;interprotomer_distance_gt_4.5A	False	False	both_AF_coil;hexamer_coil_fraction_ge_0.8;AF_rSASA_ge_0.25;hexamer_rSASA_ge_0.25;burial_lt_0.10;interprotomer_distance_gt_4.5A	consistent	0.1491	0.054795704782009125	0.0812	0.05070090823703342	0.0	0.5770618799263609	4.4113	3.368772738976533
235|236	False	False	both_AF_coil;hexamer_coil_fraction_ge_0.8;AF_rSASA_ge_0.25;hexamer_rSASA_ge_0.25;interprotomer_distance_gt_4.5A	False	False	both_AF_coil;hexamer_coil_fraction_ge_0.8;AF_rSASA_ge_0.25;hexamer_rSASA_ge_0.25	consistent	0.1491	0.054795704782009125	0.0812	0.05070090823703342	0.0	0.0	4.4113	7.848860452064928
236|237	False	False	both_AF_coil;hexamer_coil_fraction_ge_0.8;AF_rSASA_ge_0.25;hexamer_rSASA_ge_0.25;interprotomer_distance_gt_4.5A	False	False	both_AF_coil;hexamer_coil_fraction_ge_0.8;AF_rSASA_ge_0.25;hexamer_rSASA_ge_0.25	consistent	0.0989	0.07600091397762299	0.0404	0.07838673459159003	0.0	0.0	4.4025	9.629842405724439
237|238	False	False	both_AF_coil;hexamer_coil_fraction_ge_0.8;AF_rSASA_ge_0.25;hexamer_rSASA_ge_0.25;interprotomer_distance_gt_4.5A	False	False	both_AF_coil;hexamer_coil_fraction_ge_0.8;AF_rSASA_ge_0.25;hexamer_rSASA_ge_0.25	consistent	0.0989	0.07600091397762299	0.0404	0.07838673459159003	0.0	0.0	4.4025	11.192785111529144
238|239	False	False	both_AF_coil;hexamer_coil_fraction_ge_0.8;AF_rSASA_ge_0.25;hexamer_rSASA_ge_0.25	False	False	both_AF_coil;hexamer_coil_fraction_ge_0.8;AF_rSASA_ge_0.25;hexamer_rSASA_ge_0.25	consistent	0.1307	0.0012516877613961697	0.0713	0.0006064150859269732	0.0	0.0	4.7415	11.549247225056975
239|240	False	False	both_AF_coil;hexamer_coil_fraction_ge_0.8;AF_rSASA_ge_0.25;hexamer_rSASA_ge_0.25	False	False	both_AF_coil;hexamer_coil_fraction_ge_0.8;AF_rSASA_ge_0.25;hexamer_rSASA_ge_0.25	consistent	0.1307	0.0012516877613961697	0.0713	0.0006064150859269732	0.0	0.0	4.7415	14.29747156942575
240|241	False	False	both_AF_coil;hexamer_coil_fraction_ge_0.8;AF_rSASA_ge_0.25;hexamer_rSASA_ge_0.25	False	False	both_AF_coil;hexamer_coil_fraction_ge_0.8;AF_rSASA_ge_0.25;hexamer_rSASA_ge_0.25	consistent	0.0771	0.07705077528953552	0.0475	0.04754767643820412	0.0	0.0	9.7734	9.773381202771805
241|242	False	False	both_AF_coil;hexamer_coil_fraction_ge_0.8;AF_rSASA_ge_0.25;hexamer_rSASA_ge_0.25	False	False	both_AF_coil;hexamer_coil_fraction_ge_0.8;AF_rSASA_ge_0.25;hexamer_rSASA_ge_0.25	consistent	0.1739	0.07705077528953552	0.1293	0.04754767643820412	0.0	0.0	9.7734	9.773381202771805
242|243	False	False	both_AF_coil;hexamer_coil_fraction_ge_0.8;AF_rSASA_ge_0.25;hexamer_rSASA_ge_0.25	False	False	both_AF_coil;hexamer_coil_fraction_ge_0.8;AF_rSASA_ge_0.25;hexamer_rSASA_ge_0.25	consistent	0.1739	0.1739354282617569	0.1293	0.1292656171367543	0.0	0.0	9.8607	9.860670956693475
243|244	False	False	both_AF_coil;hexamer_coil_fraction_ge_0.8	False	False	both_AF_coil;hexamer_coil_fraction_ge_0.8;AF_rSASA_ge_0.25;hexamer_rSASA_ge_0.25	consistent	0.2949	0.1739354282617569	0.3413	0.1292656171367543	0.0	0.0	9.8607	9.860670956693475
244|245	False	False	both_AF_coil;hexamer_coil_fraction_ge_0.8	False	False	both_AF_coil;hexamer_coil_fraction_ge_0.8	consistent	0.5974	0.29485201835632324	0.5631	0.34134025897009895	0.0	0.0	10.9934	10.99343020582886
245|246	False	False	both_AF_coil;hexamer_coil_fraction_ge_0.8	False	False	both_AF_coil;hexamer_coil_fraction_ge_0.8	consistent	0.5974	0.5973514318466187	0.5631	0.5631054648725797	0.0	0.0	10.9934	10.99343020582886
246|247	False	False	both_AF_coil;hexamer_coil_fraction_ge_0.8;AF_rSASA_ge_0.25;hexamer_rSASA_ge_0.25	False	False	both_AF_coil;hexamer_coil_fraction_ge_0.8;AF_rSASA_ge_0.25;hexamer_rSASA_ge_0.25	consistent	0.0949	0.09485817700624466	0.0857	0.08567157474609684	0.0	0.0	7.8559	7.855914693374679
247|248	False	False	both_AF_coil;hexamer_coil_fraction_ge_0.8;AF_rSASA_ge_0.25;hexamer_rSASA_ge_0.25	False	False	both_AF_coil;hexamer_coil_fraction_ge_0.8;AF_rSASA_ge_0.25;hexamer_rSASA_ge_0.25	consistent	0.0949	0.09485817700624466	0.0857	0.08567157474609684	0.0	0.0	6.4791	6.479054155671409
248|249	False	False	both_AF_coil;hexamer_coil_fraction_ge_0.8;burial_lt_0.10;interprotomer_distance_gt_4.5A	False	False	both_AF_coil;hexamer_coil_fraction_ge_0.8;burial_lt_0.10;interprotomer_distance_gt_4.5A	consistent	0.3684	0.368442177772522	0.2957	0.29565283868641007	0.2367	0.23674551529550547	2.7159	2.7159268599018893
249|250	False	False	both_AF_coil;hexamer_coil_fraction_ge_0.8;burial_lt_0.10;interprotomer_distance_gt_4.5A	False	False	both_AF_coil;hexamer_coil_fraction_ge_0.8;burial_lt_0.10;interprotomer_distance_gt_4.5A	consistent	0.515	0.5149526000022888	0.4661	0.46605670985890857	0.2367	0.23674551529550547	2.7159	2.7159268599018893
250|251	False	False	burial_lt_0.10;interprotomer_distance_gt_4.5A	False	False	burial_lt_0.10;interprotomer_distance_gt_4.5A	consistent	0.5506	0.5505656599998474	0.5991	0.5990533339671599	0.2355	0.23554469740609058	2.8536	2.853570583660673
251|252	False	False	both_AF_coil;hexamer_coil_fraction_ge_0.8;hexamer_rSASA_ge_0.25;burial_lt_0.10;interprotomer_distance_gt_4.5A	False	False	both_AF_coil;hexamer_coil_fraction_ge_0.8;hexamer_rSASA_ge_0.25;burial_lt_0.10;interprotomer_distance_gt_4.5A	consistent	0.2596	0.502077043056488	0.2354	0.03902483794648769	0.2355	0.9422316787645763	2.8536	2.7417936432646832
252|253	False	False	both_AF_coil;hexamer_coil_fraction_ge_0.8;AF_rSASA_ge_0.25;hexamer_rSASA_ge_0.25;interprotomer_distance_gt_4.5A	False	False	both_AF_coil;hexamer_coil_fraction_ge_0.8;AF_rSASA_ge_0.25;hexamer_rSASA_ge_0.25;burial_lt_0.10;interprotomer_distance_gt_4.5A	consistent	0.1602	0.08269544690847397	0.1536	0.010518916853229402	0.0	0.962500001335106	3.8343	2.7417936432646832
253|254	False	False	both_AF_coil;hexamer_coil_fraction_ge_0.8;AF_rSASA_ge_0.25;hexamer_rSASA_ge_0.25;interprotomer_distance_gt_4.5A	False	False	both_AF_coil;hexamer_coil_fraction_ge_0.8;AF_rSASA_ge_0.25;hexamer_rSASA_ge_0.25;burial_lt_0.10;interprotomer_distance_gt_4.5A	consistent	0.1602	0.08269544690847397	0.1536	0.010518916853229402	0.0	0.962500001335106	3.8343	4.1278765625307035
254|255	False	False	both_AF_coil;hexamer_coil_fraction_ge_0.8;AF_rSASA_ge_0.25;hexamer_rSASA_ge_0.25;interprotomer_distance_gt_4.5A	False	False	both_AF_coil;hexamer_coil_fraction_ge_0.8;AF_rSASA_ge_0.25;hexamer_rSASA_ge_0.25;burial_lt_0.10;interprotomer_distance_gt_4.5A	consistent	0.0786	0.17712359130382538	0.0712	0.09539935008231841	0.0	0.7308780458116262	4.4529	3.0640049338189153
255|256	False	False	both_AF_coil;hexamer_coil_fraction_ge_0.8;AF_rSASA_ge_0.25;hexamer_rSASA_ge_0.25;interprotomer_distance_gt_4.5A	False	False	both_AF_coil;hexamer_coil_fraction_ge_0.8;hexamer_rSASA_ge_0.25;burial_lt_0.10;interprotomer_distance_gt_4.5A	consistent	0.0786	0.45341959595680237	0.0712	0.14544904453903687	0.0	0.7308780458116262	4.4529	3.0640049338189153
256|257	False	False	both_AF_coil;hexamer_coil_fraction_ge_0.8;AF_rSASA_ge_0.25;hexamer_rSASA_ge_0.25;interprotomer_distance_gt_4.5A	False	False	both_AF_coil;hexamer_coil_fraction_ge_0.8;burial_lt_0.10;interprotomer_distance_gt_4.5A	consistent	0.1356	0.3409981429576874	0.1216	0.28598348238055404	0.0	0.611650765508655	4.4785	3.151837512121498
257|258	False	False	both_AF_coil;hexamer_coil_fraction_ge_0.8;AF_rSASA_ge_0.25;hexamer_rSASA_ge_0.25;interprotomer_distance_gt_4.5A	False	False	both_AF_coil;hexamer_coil_fraction_ge_0.8;AF_rSASA_ge_0.25;hexamer_rSASA_ge_0.25	consistent	0.1356	0.0	0.1216	0.0	0.0	0.0	4.4785	4.906171216591307
258|259	False	False	hexamer_rSASA_ge_0.25;burial_lt_0.10;interprotomer_distance_gt_4.5A	False	False	both_AF_coil;hexamer_coil_fraction_ge_0.8;AF_rSASA_ge_0.25;hexamer_rSASA_ge_0.25;burial_lt_0.10;interprotomer_distance_gt_4.5A	consistent	0.2922	0.0	0.0999	0.0	0.7196	0.7195847573620001	2.7598	2.7598024784214052
259|260	False	False	hexamer_rSASA_ge_0.25;burial_lt_0.10;interprotomer_distance_gt_4.5A	False	False	hexamer_rSASA_ge_0.25;burial_lt_0.10;interprotomer_distance_gt_4.5A	consistent	0.2922	0.29216307401657104	0.0999	0.09994491338729859	0.7196	0.7195847573620001	2.7598	2.7598024784214052
260|261	False	False	both_AF_coil;hexamer_coil_fraction_ge_0.8;AF_rSASA_ge_0.25;hexamer_rSASA_ge_0.25;burial_lt_0.10;interprotomer_distance_gt_4.5A	False	False	hexamer_rSASA_ge_0.25;burial_lt_0.10;interprotomer_distance_gt_4.5A	consistent	0.133	0.5688794851303101	0.1148	0.03487846761379602	0.8064	0.9730535620556567	2.6675	2.950032393214684
261|262	False	False	both_AF_coil;hexamer_coil_fraction_ge_0.8;AF_rSASA_ge_0.25;hexamer_rSASA_ge_0.25;burial_lt_0.10;interprotomer_distance_gt_4.5A	False	False	AF_rSASA_ge_0.25;hexamer_rSASA_ge_0.25;burial_lt_0.10;interprotomer_distance_gt_4.5A	consistent	0.133	0.16514559090137482	0.1148	0.03487846761379602	0.8064	0.9730535620556567	2.6675	2.950032393214684
262|263	False	False	both_AF_coil;hexamer_coil_fraction_ge_0.8;AF_rSASA_ge_0.25;hexamer_rSASA_ge_0.25;interprotomer_distance_gt_4.5A	False	False	AF_rSASA_ge_0.25;hexamer_rSASA_ge_0.25;burial_lt_0.10;interprotomer_distance_gt_4.5A	consistent	0.0357	0.16514559090137482	0.0205	0.05731558752155114	0.0	0.6167159819696331	4.2678	2.9282190636486796
263|264	False	False	both_AF_coil;hexamer_coil_fraction_ge_0.8;AF_rSASA_ge_0.25;hexamer_rSASA_ge_0.25;interprotomer_distance_gt_4.5A	False	False	burial_lt_0.10;interprotomer_distance_gt_4.5A	consistent	0.0357	0.45944279432296753	0.0205	0.49352877532842054	0.0	0.21005212985875552	4.2678	2.9282190636486796
264|265	False	False	both_AF_coil;hexamer_coil_fraction_ge_0.8;AF_rSASA_ge_0.25;hexamer_rSASA_ge_0.25;interprotomer_distance_gt_4.5A	False	False	burial_lt_0.10;interprotomer_distance_gt_4.5A	consistent	0.097	0.45944279432296753	0.0851	0.49352877532842054	0.0	0.28277775718382575	4.3074	2.9319275922973653
265|266	False	False	both_AF_coil;hexamer_coil_fraction_ge_0.8;AF_rSASA_ge_0.25;hexamer_rSASA_ge_0.25;interprotomer_distance_gt_4.5A	False	False	burial_lt_0.10;interprotomer_distance_gt_4.5A	consistent	0.097	0.4735076129436493	0.0851	0.5123639631190678	0.0	0.28277775718382575	4.3074	2.9319275922973653
266|267	False	False	both_AF_coil;hexamer_coil_fraction_ge_0.8;AF_rSASA_ge_0.25;hexamer_rSASA_ge_0.25	False	False	both_AF_coil;hexamer_coil_fraction_ge_0.8;burial_lt_0.10;interprotomer_distance_gt_4.5A	consistent	0.0759	0.4735076129436493	0.0666	0.46015968969312765	0.0	0.319564982906023	4.5798	3.5149498833164627
267|268	False	False	both_AF_coil;hexamer_coil_fraction_ge_0.8;AF_rSASA_ge_0.25;hexamer_rSASA_ge_0.25	False	False	both_AF_coil;hexamer_coil_fraction_ge_0.8;AF_rSASA_ge_0.25;hexamer_rSASA_ge_0.25;burial_lt_0.10;interprotomer_distance_gt_4.5A	consistent	0.0759	0.15197521448135376	0.0666	0.14378200731099963	0.0	0.319564982906023	4.5798	3.5149498833164627
268|269	False	False	both_AF_coil;hexamer_coil_fraction_ge_0.8;AF_rSASA_ge_0.25;hexamer_rSASA_ge_0.25	False	False	both_AF_coil;hexamer_coil_fraction_ge_0.8;AF_rSASA_ge_0.25;hexamer_rSASA_ge_0.25	consistent	0.0798	0.15197521448135376	0.0712	0.14378200731099963	0.0	0.010058363812442352	4.5798	5.03711443389194
269|270	False	False	both_AF_coil;hexamer_coil_fraction_ge_0.8;AF_rSASA_ge_0.25;hexamer_rSASA_ge_0.25	False	False	hexamer_rSASA_ge_0.25;burial_lt_0.10;interprotomer_distance_gt_4.5A	consistent	0.0798	0.31847020983695984	0.0712	0.12715990604498448	0.0	0.7751661465257196	4.5798	3.0403231223266447
270|271	False	False	both_AF_coil;hexamer_coil_fraction_ge_0.8;AF_rSASA_ge_0.25;hexamer_rSASA_ge_0.25	False	False	both_AF_coil;hexamer_coil_fraction_ge_0.8;AF_rSASA_ge_0.25;hexamer_rSASA_ge_0.25;burial_lt_0.10;interprotomer_distance_gt_4.5A	consistent	0.0665	0.15298892557621002	0.0579	0.10337760343724135	0.0	0.7751661465257196	4.944	3.0403231223266447
271|272	False	False	both_AF_coil;hexamer_coil_fraction_ge_0.8;AF_rSASA_ge_0.25;hexamer_rSASA_ge_0.25	False	False	both_AF_coil;hexamer_coil_fraction_ge_0.8;AF_rSASA_ge_0.25;hexamer_rSASA_ge_0.25;burial_lt_0.10;interprotomer_distance_gt_4.5A	consistent	0.0665	0.15298892557621002	0.0579	0.10337760343724135	0.0	0.8822527908030507	4.944	2.5539594026673686
272|273	False	False	both_AF_coil;hexamer_coil_fraction_ge_0.8;AF_rSASA_ge_0.25;hexamer_rSASA_ge_0.25	False	False	both_AF_coil;hexamer_coil_fraction_ge_0.8;AF_rSASA_ge_0.25;hexamer_rSASA_ge_0.25;burial_lt_0.10;interprotomer_distance_gt_4.5A	consistent	0.0597	0.10221081227064133	0.0524	0.06359808459253367	0.0	0.8822527908030507	4.9487	2.5539594026673686
273|274	False	False	both_AF_coil;hexamer_coil_fraction_ge_0.8;AF_rSASA_ge_0.25;hexamer_rSASA_ge_0.25	False	False	AF_rSASA_ge_0.25;hexamer_rSASA_ge_0.25;burial_lt_0.10;interprotomer_distance_gt_4.5A	consistent	0.0597	0.04300956428050995	0.0524	0.0002675474939232101	0.0	1.0	4.9487	3.3775859299485687
274|275	False	False	both_AF_coil;hexamer_coil_fraction_ge_0.8;AF_rSASA_ge_0.25;hexamer_rSASA_ge_0.25	False	False	both_AF_coil;hexamer_coil_fraction_ge_0.8;AF_rSASA_ge_0.25;hexamer_rSASA_ge_0.25;burial_lt_0.10;interprotomer_distance_gt_4.5A	consistent	0.1007	0.04300956428050995	0.0902	0.0002675474939232101	0.0	1.0	5.1421	3.3960727252000855
275|276	False	False	both_AF_coil;hexamer_coil_fraction_ge_0.8;AF_rSASA_ge_0.25;hexamer_rSASA_ge_0.25	False	False	both_AF_coil;hexamer_coil_fraction_ge_0.8;AF_rSASA_ge_0.25;hexamer_rSASA_ge_0.25	consistent	0.1007	0.0	0.0902	0.0003235222150882085	0.0	0.0	5.1421	6.250449780454153
276|277	False	False	both_AF_coil;hexamer_coil_fraction_ge_0.8;AF_rSASA_ge_0.25;hexamer_rSASA_ge_0.25	False	False	both_AF_coil;hexamer_coil_fraction_ge_0.8;AF_rSASA_ge_0.25;hexamer_rSASA_ge_0.25;burial_lt_0.10;interprotomer_distance_gt_4.5A	consistent	0.0872	0.0	0.077	0.0003235222150882085	0.0	1.0	5.1421	4.0760096476789025
277|278	False	False	both_AF_coil;hexamer_coil_fraction_ge_0.8;AF_rSASA_ge_0.25;hexamer_rSASA_ge_0.25	False	False	both_AF_coil;hexamer_coil_fraction_ge_0.8;AF_rSASA_ge_0.25;hexamer_rSASA_ge_0.25;burial_lt_0.10;interprotomer_distance_gt_4.5A	consistent	0.0872	0.024264950305223465	0.077	0.003806279546718307	0.0	1.0	5.1421	4.0760096476789025
278|279	False	False	both_AF_coil;hexamer_coil_fraction_ge_0.8;AF_rSASA_ge_0.25;hexamer_rSASA_ge_0.25	False	False	both_AF_coil;hexamer_coil_fraction_ge_0.8;AF_rSASA_ge_0.25;hexamer_rSASA_ge_0.25	consistent	0.076	0.057086411863565445	0.071	0.06707041767927317	0.0	0.0	5.2458	8.060724100385602
279|280	False	False	both_AF_coil;hexamer_coil_fraction_ge_0.8;AF_rSASA_ge_0.25;hexamer_rSASA_ge_0.25	False	False	AF_rSASA_ge_0.25;hexamer_rSASA_ge_0.25	consistent	0.1437	0.057086411863565445	0.1326	0.06707041767927317	0.0	0.0	5.2458	9.250789188439688
280|281	False	False	both_AF_coil;hexamer_coil_fraction_ge_0.8;AF_rSASA_ge_0.25;hexamer_rSASA_ge_0.25	False	False	AF_rSASA_ge_0.25;hexamer_rSASA_ge_0.25	consistent	0.1437	0.0	0.1326	0.0	0.0	0.0	5.2458	9.250789188439688
281|282	False	False	both_AF_coil;hexamer_coil_fraction_ge_0.8;AF_rSASA_ge_0.25;hexamer_rSASA_ge_0.25	False	False	both_AF_coil;hexamer_coil_fraction_ge_0.8;AF_rSASA_ge_0.25;hexamer_rSASA_ge_0.25	consistent	0.1743	0.0	0.1583	0.0	0.0	0.0	5.2178	10.246048221985127
282|283	False	False	both_AF_coil;hexamer_coil_fraction_ge_0.8;AF_rSASA_ge_0.25;hexamer_rSASA_ge_0.25	False	False	both_AF_coil;hexamer_coil_fraction_ge_0.8;AF_rSASA_ge_0.25;hexamer_rSASA_ge_0.25	consistent	0.1743	0.0	0.1583	0.0	0.0	0.0	5.2178	10.707798300077245
283|284	False	False	both_AF_coil;hexamer_coil_fraction_ge_0.8;AF_rSASA_ge_0.25;hexamer_rSASA_ge_0.25	False	False	both_AF_coil;hexamer_coil_fraction_ge_0.8;AF_rSASA_ge_0.25;hexamer_rSASA_ge_0.25	consistent	0.1894	0.0005241442704573274	0.1727	0.0005658939066860411	0.0	0.0	5.3876	11.781689587977615
284|285	False	False	both_AF_coil;hexamer_coil_fraction_ge_0.8;AF_rSASA_ge_0.25;hexamer_rSASA_ge_0.25	False	False	both_AF_coil;hexamer_coil_fraction_ge_0.8;AF_rSASA_ge_0.25;hexamer_rSASA_ge_0.25	consistent	0.1894	0.0005241442704573274	0.1727	0.0005658939066860411	0.0	0.0	5.3876	11.781689587977615
285|286	False	False	both_AF_coil;hexamer_coil_fraction_ge_0.8;hexamer_rSASA_ge_0.25	False	False	both_AF_coil;hexamer_coil_fraction_ge_0.8;AF_rSASA_ge_0.25;hexamer_rSASA_ge_0.25	consistent	0.2599	0.0456850528717041	0.2415	0.028172295534137207	0.0	0.0	5.3876	11.833768359727046
286|287	False	False	both_AF_coil;hexamer_coil_fraction_ge_0.8;hexamer_rSASA_ge_0.25	False	False	both_AF_coil;hexamer_coil_fraction_ge_0.8;AF_rSASA_ge_0.25;hexamer_rSASA_ge_0.25	consistent	0.2599	0.0456850528717041	0.2415	0.028172295534137207	0.0	0.0	5.3876	11.833768359727046
287|288	True	True	none	True	True	none	consistent	0.267	0.26704680919647217	0.2731	0.27312863482175953	0.0	0.0	7.9786	7.97857785863854
288|289	True	True	none	True	True	none	consistent	0.3962	0.39618298411369324	0.4604	0.4603922361968666	0.0	0.0	7.9786	7.97857785863854
289|290	True	True	none	True	True	none	consistent	0.3962	0.39618298411369324	0.4604	0.4603922361968666	0.0	0.0	11.4114	11.411383751320844
290|291	True	True	none	True	True	none	consistent	0.3655	0.36552366614341736	0.3894	0.38935833938362063	0.0	0.0	14.077	14.076977854444886
291|292	False	False	both_AF_coil;hexamer_coil_fraction_ge_0.8	False	False	both_AF_coil;hexamer_coil_fraction_ge_0.8	consistent	0.3655	0.36552366614341736	0.3894	0.37305555417556174	0.0	0.0	14.077	15.372715872061487
292|293	False	False	both_AF_coil;hexamer_coil_fraction_ge_0.8	False	False	both_AF_coil;hexamer_coil_fraction_ge_0.8;AF_rSASA_ge_0.25;hexamer_rSASA_ge_0.25	consistent	0.2538	0.08886982500553131	0.2928	0.0483056763511392	0.0	0.0	13.017	15.605285466232782
293|294	False	False	both_AF_coil;hexamer_coil_fraction_ge_0.8	False	False	both_AF_coil;hexamer_coil_fraction_ge_0.8;AF_rSASA_ge_0.25;hexamer_rSASA_ge_0.25	consistent	0.2538	0.06447836011648178	0.2928	0.0483056763511392	0.0	0.0	13.017	12.645844928242214
294|295	False	False	both_AF_coil;hexamer_coil_fraction_ge_0.8;AF_rSASA_ge_0.25	False	False	both_AF_coil;hexamer_coil_fraction_ge_0.8;AF_rSASA_ge_0.25;hexamer_rSASA_ge_0.25	consistent	0.2481	0.0	0.2812	0.000679788378933769	0.0	0.0	12.3016	8.995495522696825
295|296	False	False	both_AF_coil;hexamer_coil_fraction_ge_0.8;AF_rSASA_ge_0.25	False	False	both_AF_coil;hexamer_coil_fraction_ge_0.8;AF_rSASA_ge_0.25;hexamer_rSASA_ge_0.25	consistent	0.2386	0.0	0.2675	0.000679788378933769	0.0	0.0	12.3016	8.995495522696825
296|297	False	False	both_AF_coil;hexamer_coil_fraction_ge_0.8;AF_rSASA_ge_0.25	False	False	both_AF_coil;hexamer_coil_fraction_ge_0.8;AF_rSASA_ge_0.25;hexamer_rSASA_ge_0.25	consistent	0.2386	0.14218777418136597	0.2675	0.1328688037010931	0.0	0.0	11.9456	10.45377590798349
297|298	False	False	both_AF_coil;hexamer_coil_fraction_ge_0.8;AF_rSASA_ge_0.25;hexamer_rSASA_ge_0.25	False	False	both_AF_coil;hexamer_coil_fraction_ge_0.8;AF_rSASA_ge_0.25;hexamer_rSASA_ge_0.25	consistent	0.2133	0.0006258438806980848	0.2401	0.0015602678703036078	0.0	0.0	11.9456	13.489201739273058
298|299	False	False	both_AF_coil;hexamer_coil_fraction_ge_0.8;AF_rSASA_ge_0.25;hexamer_rSASA_ge_0.25	False	False	both_AF_coil;hexamer_coil_fraction_ge_0.8;AF_rSASA_ge_0.25;hexamer_rSASA_ge_0.25	consistent	0.2133	0.0006258438806980848	0.2401	0.0015602678703036078	0.0	0.02610729825303822	11.292	6.691834813132615
299|300	False	False	both_AF_coil;hexamer_coil_fraction_ge_0.8;AF_rSASA_ge_0.25;hexamer_rSASA_ge_0.25	False	False	both_AF_coil;hexamer_coil_fraction_ge_0.8;AF_rSASA_ge_0.25;hexamer_rSASA_ge_0.25	consistent	0.1957	0.15331235527992249	0.2227	0.11520383929118456	0.0	0.02610729825303822	11.292	6.691834813132615
300|301	False	False	both_AF_coil;hexamer_coil_fraction_ge_0.8;AF_rSASA_ge_0.25;hexamer_rSASA_ge_0.25	False	False	both_AF_coil;hexamer_coil_fraction_ge_0.8	consistent	0.1957	0.31307724118232727	0.2227	0.31767996152242023	0.0	0.0	10.5298	12.617528901026965
301|302	False	False	both_AF_coil;hexamer_coil_fraction_ge_0.8;AF_rSASA_ge_0.25;hexamer_rSASA_ge_0.25	False	False	both_AF_coil;hexamer_coil_fraction_ge_0.8;AF_rSASA_ge_0.25;hexamer_rSASA_ge_0.25	consistent	0.1736	0.0012771027395501733	0.1985	0.00014972621212554262	0.0	0.0	10.5298	12.177671672665888
302|303	False	False	both_AF_coil;hexamer_coil_fraction_ge_0.8;AF_rSASA_ge_0.25;hexamer_rSASA_ge_0.25	False	False	both_AF_coil;hexamer_coil_fraction_ge_0.8;AF_rSASA_ge_0.25;hexamer_rSASA_ge_0.25	consistent	0.1736	0.0012771027395501733	0.1985	0.00014972621212554262	0.0	0.05593591352719259	9.8754	6.465206715231283
303|304	False	False	both_AF_coil;hexamer_coil_fraction_ge_0.8;AF_rSASA_ge_0.25;hexamer_rSASA_ge_0.25	False	False	both_AF_coil;hexamer_coil_fraction_ge_0.8;AF_rSASA_ge_0.25;hexamer_rSASA_ge_0.25	consistent	0.2067	0.24088434875011444	0.2391	0.20605528826093944	0.0	0.05593591352719259	9.8754	6.465206715231283
304|305	False	False	both_AF_coil;hexamer_coil_fraction_ge_0.8;AF_rSASA_ge_0.25;hexamer_rSASA_ge_0.25	False	False	both_AF_coil;hexamer_coil_fraction_ge_0.8;AF_rSASA_ge_0.25;hexamer_rSASA_ge_0.25	consistent	0.2067	0.04286883771419525	0.2391	0.03466518434886619	0.0	0.0	9.0469	8.17680393943342
305|306	False	False	both_AF_coil;hexamer_coil_fraction_ge_0.8;AF_rSASA_ge_0.25;hexamer_rSASA_ge_0.25	False	False	both_AF_coil;hexamer_coil_fraction_ge_0.8;AF_rSASA_ge_0.25;hexamer_rSASA_ge_0.25	consistent	0.2114	0.04286883771419525	0.2492	0.03466518434886619	0.0	0.0	9.0469	8.17680393943342
306|307	False	False	both_AF_coil;hexamer_coil_fraction_ge_0.8;AF_rSASA_ge_0.25;hexamer_rSASA_ge_0.25	False	False	both_AF_coil;hexamer_coil_fraction_ge_0.8;AF_rSASA_ge_0.25;hexamer_rSASA_ge_0.25	consistent	0.2114	0.11754021793603897	0.2492	0.0527274402723823	0.0	0.0	8.3315	9.713344590197789
307|308	False	False	both_AF_coil;hexamer_coil_fraction_ge_0.8;AF_rSASA_ge_0.25;hexamer_rSASA_ge_0.25	False	False	both_AF_coil;hexamer_coil_fraction_ge_0.8	consistent	0.2075	0.5479483604431152	0.2404	0.5586115983280823	0.0	0.027956144812566353	8.3315	6.163120580413118
308|309	False	False	both_AF_coil;hexamer_coil_fraction_ge_0.8;AF_rSASA_ge_0.25;hexamer_rSASA_ge_0.25	False	False	both_AF_coil;hexamer_coil_fraction_ge_0.8;AF_rSASA_ge_0.25;hexamer_rSASA_ge_0.25	consistent	0.2014	0.1795460283756256	0.2315	0.1532573746358681	0.0	0.027956144812566353	8.3315	6.163120580413118
309|310	False	False	both_AF_coil;hexamer_coil_fraction_ge_0.8;AF_rSASA_ge_0.25;hexamer_rSASA_ge_0.25	False	False	both_AF_coil;hexamer_coil_fraction_ge_0.8;AF_rSASA_ge_0.25;hexamer_rSASA_ge_0.25	consistent	0.2014	0.1795460283756256	0.2315	0.1532573746358681	0.0	0.005660665282315818	7.6907	6.313164514477313
310|311	False	False	both_AF_coil;hexamer_coil_fraction_ge_0.8;AF_rSASA_ge_0.25	False	False	both_AF_coil;hexamer_coil_fraction_ge_0.8;AF_rSASA_ge_0.25;hexamer_rSASA_ge_0.25	consistent	0.2168	0.226054847240448	0.2525	0.16968516688193044	0.0	0.0	7.6907	5.67807849740379
311|312	False	False	both_AF_coil;hexamer_coil_fraction_ge_0.8;AF_rSASA_ge_0.25	False	False	both_AF_coil;hexamer_coil_fraction_ge_0.8;hexamer_rSASA_ge_0.25;burial_lt_0.10;interprotomer_distance_gt_4.5A	consistent	0.2168	0.37209364771842957	0.2525	0.16763355935266777	0.0	0.6883943990333311	7.6907	4.000018279802316
312|313	False	False	both_AF_coil;hexamer_coil_fraction_ge_0.8;AF_rSASA_ge_0.25;hexamer_rSASA_ge_0.25	False	False	both_AF_coil;hexamer_coil_fraction_ge_0.8;AF_rSASA_ge_0.25;hexamer_rSASA_ge_0.25;burial_lt_0.10;interprotomer_distance_gt_4.5A	consistent	0.1603	0.1666155457496643	0.1829	0.10971156694476303	0.0	0.6883943990333311	7.1308	4.000018279802316
313|314	False	False	both_AF_coil;hexamer_coil_fraction_ge_0.8;AF_rSASA_ge_0.25;hexamer_rSASA_ge_0.25	False	False	both_AF_coil;hexamer_coil_fraction_ge_0.8;AF_rSASA_ge_0.25;hexamer_rSASA_ge_0.25	consistent	0.1603	0.1666155457496643	0.1829	0.10971156694476303	0.0	0.0	7.1308	5.663163601693764
314|315	False	False	both_AF_coil;hexamer_coil_fraction_ge_0.8;AF_rSASA_ge_0.25;hexamer_rSASA_ge_0.25	False	False	both_AF_coil;hexamer_coil_fraction_ge_0.8;burial_lt_0.10;interprotomer_distance_gt_4.5A	consistent	0.1756	0.4383750855922699	0.1986	0.2557414027763583	0.0	0.6651290805170893	6.3942	3.1624560487173543
315|316	False	False	both_AF_coil;hexamer_coil_fraction_ge_0.8;AF_rSASA_ge_0.25;hexamer_rSASA_ge_0.25	False	False	both_AF_coil;hexamer_coil_fraction_ge_0.8;hexamer_rSASA_ge_0.25;burial_lt_0.10;interprotomer_distance_gt_4.5A	consistent	0.1756	0.4383750855922699	0.1986	0.11512412201790582	0.0	0.8244054930623689	6.3942	2.7598024784214052
316|317	False	False	both_AF_coil;hexamer_coil_fraction_ge_0.8;AF_rSASA_ge_0.25;hexamer_rSASA_ge_0.25	False	False	both_AF_coil;hexamer_coil_fraction_ge_0.8;hexamer_rSASA_ge_0.25;burial_lt_0.10;interprotomer_distance_gt_4.5A	consistent	0.1648	0.3065928518772125	0.1814	0.11512412201790582	0.0	0.8244054930623689	6.3942	2.7598024784214052
317|318	False	False	both_AF_coil;hexamer_coil_fraction_ge_0.8;AF_rSASA_ge_0.25;hexamer_rSASA_ge_0.25	False	False	both_AF_coil;hexamer_coil_fraction_ge_0.8;hexamer_rSASA_ge_0.25;interprotomer_distance_gt_4.5A	consistent	0.1648	0.3065928518772125	0.1814	0.20591478390543985	0.0	0.027918431162179992	5.8398	4.06859155884505
318|319	False	False	both_AF_coil;hexamer_coil_fraction_ge_0.8;AF_rSASA_ge_0.25;hexamer_rSASA_ge_0.25	False	False	both_AF_coil;hexamer_coil_fraction_ge_0.8;burial_lt_0.10;interprotomer_distance_gt_4.5A	consistent	0.1368	0.48226284980773926	0.1454	0.28417382667915875	0.0	0.7121850082828299	5.8398	2.9282190636486796
319|320	False	False	both_AF_coil;hexamer_coil_fraction_ge_0.8;AF_rSASA_ge_0.25;hexamer_rSASA_ge_0.25	False	False	both_AF_coil;hexamer_rSASA_ge_0.25;burial_lt_0.10;interprotomer_distance_gt_4.5A	consistent	0.1368	0.6564633250236511	0.1454	0.11728750864664712	0.0	0.8621641606287841	5.1895	2.6849363783383278
320|321	False	False	both_AF_coil;hexamer_coil_fraction_ge_0.8;AF_rSASA_ge_0.25;hexamer_rSASA_ge_0.25	False	False	hexamer_rSASA_ge_0.25;burial_lt_0.10;interprotomer_distance_gt_4.5A	consistent	0.1667	0.7241981625556946	0.1689	0.11728750864664712	0.0	0.8621641606287841	5.1895	2.5539594026673686
