junction	left_resid	right_resid	functional_tier	functional_reasons	both_AF_coil	min_hex_coil_fraction	min_AF_rSASA	min_hexamer_mean_rSASA	max_any_chain_burial_fraction	min_interprotomer_heavy_atom_A	min_mean_pore_radial_A	min_AF_CA_pLDDT	strict_structural_pass	hrvA_primary_left_identity	hrvA_primary_right_identity	hrvA_primary_left_entropy	hrvA_primary_right_entropy	hrvA_primary_left_gap_frequency	hrvA_primary_right_gap_frequency	hrvA_primary_window_mean_entropy	hrvA_primary_window_max_entropy	hrvA_primary_window_mean_identity	hrvA_primary_window_min_identity	hrvA_primary_window_mean_gap_frequency	hrvA_primary_window_max_gap_frequency	hrvA_primary_natural_insertion_count	hrvA_primary_natural_insertion_frequency	hrvA_primary_natural_insertion_lengths	hrvA_expanded_window_mean_entropy	hrvA_expanded_window_max_entropy	hrvA_expanded_window_mean_identity	hrvA_expanded_window_min_identity	hrvA_expanded_window_mean_gap_frequency	hrvA_expanded_window_max_gap_frequency	hrvA_expanded_natural_insertion_count	hrvA_expanded_natural_insertion_frequency	hrvA_expanded_natural_insertion_lengths	hrvA_expanded_local_deletion_count	hrvA_expanded_local_deletion_frequency	hrvA_type_weighted_window_mean_entropy	hrvA_type_weighted_window_max_entropy	hrvA_type_weighted_window_mean_identity	hrvA_type_weighted_window_min_identity	hrvA_type_weighted_window_mean_gap_frequency	hrvA_type_weighted_window_max_gap_frequency	hrvA_primary_natural_insertion_type_count	hrvA_primary_natural_insertion_types	hrvA_expanded_natural_insertion_type_count	hrvA_expanded_natural_insertion_types	hrvA_expanded_local_deletion_type_count	hrvA_expanded_local_deletion_types	hrvA_expanded_indel_category	hrvA_expanded_indel_category_basis	structural_track	failed_gate_count	failed_gate_names	literature_rescue_status	literature_rescue_source	hrvA_conservation_class_v2	evolutionary_layer_effect_v2	exact_boundary_sensitivity	focal_junction	priority_interpretation_v2	a89_junction	a89_left_residue	a89_left_aa	a89_right_residue	a89_right_aa	eva71_source_junctions	eva71_source_left_positions	mapping_class	mapping_confidence	mapping_note	a89_local_context	eva71_local_context	eva71_alignment_flank_left_same_column	eva71_alignment_flank_right_same_column	eva71_alignment_residues_between_a89_flanks	insertion_design	insertion_length_aa	insertion_raw_log2_enrich2	insertion_relative_fitness_2pow_score	insertion_all_raw_log2_enrich2_for_mapped_sources	insertion_direct_class	deletion_1aa_left_raw_log2_enrich2	deletion_1aa_right_raw_log2_enrich2	deletion_2aa_spanning_raw_log2_enrich2	deletion_3aa_spanning_raw_log2_enrich2_values	deletion_context_best_design	deletion_context_best_raw_log2_enrich2	deletion_context_class	substitution_flank_mean_raw_log2_enrich2	source_identifier	direct_indel_integration_class	direct_indel_final_state_contribution
223|224	223	224	CORE_CAUTION	A89_SF3_helicase_domain_by_PROSITE	True	1.0	0.3913344442844391	0.3593920996022778	0.1508818335767789	5.346008486982729	19.5885843042815	68.27999877929688	False	1.0	1.0	0.0	0.0	0.0	0.0	0.694327	1.874758	0.630055	0.064935	0.0	0.0	0	0.0	0	0.678349	1.808259	0.645341	0.075269	0.0	0.0	0	0.0	0	0	0.0	0.697617	1.874758	0.630055	0.064935	0.0	0.0	0	none	0	none	0	none	none	max(insertion_type_count,local_deletion_type_count)	structural near-miss	1	burial_lt_0.10	False		variable	supports	unresolved_exact_subset_too_small	True	outside_strict_review_only; near-miss plus V2 evolutionary support	223|224	223	P	224	T	230|231	230	exact_aligned	high	A89 flanking residues align directly to adjacent EV-A71 2C residues	218:TLLTPP|TVSSLP:229	225:SNIIVP|TVSDSD:236	230	231	230-231	insertional_handle_SGRPGSLS	8	-5.978036	0.015865	-5.978036	direct_insert_strongly_deleterious	-4.809236	-4.857117	-4.814671	-4.836119;-5.092138	1AAdel_left_residue	-4.809236	deletion_context_strongly_deleterious	-2.597339	Bakhache_2024_NatMicrobiol_Dryad_10.5061_dryad.866t1g1xm_QVEU_eva71_dimple_c99331a6	experimental_conflict	experimental_conflict
245|246	245	246	CORE_CAUTION	A89_SF3_helicase_domain_by_PROSITE	False	0.0	0.5973514318466187	0.5631054648725797	0.0	10.99343020582886	47.87554035010754	91.1500015258789	False	0.065789	0.065789	1.424981	2.115316	0.0	0.0	1.107013	2.985528	0.449348	0.051948	0.0	0.0	0	0.0	0	1.112537	2.955724	0.453157	0.05914	0.0	0.0	0	0.0	0	0	0.0	1.11186	2.991497	0.4493	0.051948	0.0	0.0	0	none	0	none	0	none	none	max(insertion_type_count,local_deletion_type_count)	structural near-miss	2	AF_coil;hexamer_coil_fraction_ge_0.8	False		variable	supports	unresolved_exact_subset_too_small	True	outside_strict_review_only; near-miss plus V2 evolutionary support	245|246	245	K	246	E	252|253	252	exact_aligned	high	A89 flanking residues align directly to adjacent EV-A71 2C residues	240:DIQVKK|EYLLDG:251	247:DIEVTD|SYKTEL:258	252	253	252-253	insertional_handle_SGRPGSLS	8	-5.769187	0.018336	-5.769187	direct_insert_strongly_deleterious	-5.032924	-5.136322	-4.825452	-4.965331;-5.092138	2AAdel_spanning_junction	-4.825452	deletion_context_strongly_deleterious	-2.760900	Bakhache_2024_NatMicrobiol_Dryad_10.5061_dryad.866t1g1xm_QVEU_eva71_dimple_c99331a6	experimental_conflict	experimental_conflict
248|249	248	249	CORE_CAUTION	A89_SF3_helicase_domain_by_PROSITE	False	0.0	0.368442177772522	0.29565283868641	0.2367455152955054	2.7159268599018893	42.10064530286291	88.72000122070312	False	0.077922	0.051948	0.796726	2.985528	0.0	0.0	1.052118	2.985528	0.464727	0.051948	0.0	0.0	70	0.909091	1:70	1.060066	2.955724	0.470849	0.05914	0.0	0.0	168	0.903226	1:168	0	0.0	1.056316	2.991497	0.465337	0.051948	0.0	0.0	70	A1;A10;A100;A101;A102;A103;A104;A105;A11;A12;A13;A15;A16;A18;A19;A1B;A2;A20;A21;A22;A23;A24;A25;A28;A29;A30;A31;A32;A33;A34;A38;A39;A40;A41;A43;A46;A47;A49;A50;A51;A53;A54;A55;A56;A57;A59;A60;A61;A62;A63;A64;A65;A66;A67;A68;A71;A73;A74;A75;A76;A77;A78;A80;A81;A82;A85;A9;A90;A94;A96	70	A1;A10;A100;A101;A102;A103;A104;A105;A11;A12;A13;A15;A16;A18;A19;A1B;A2;A20;A21;A22;A23;A24;A25;A28;A29;A30;A31;A32;A33;A34;A38;A39;A40;A41;A43;A46;A47;A49;A50;A51;A53;A54;A55;A56;A57;A59;A60;A61;A62;A63;A64;A65;A66;A67;A68;A71;A73;A74;A75;A76;A77;A78;A80;A81;A82;A85;A9;A90;A94;A96	0	none	broader_lineage_supported	max(insertion_type_count,local_deletion_type_count)	literature-rescue	4	AF_coil;hexamer_coil_fraction_ge_0.8;burial_lt_0.10;interprotomer_distance_gt_4.5A	True	Li/Baltimore PV insertion after 2C residue 255; A89 mapped literature-rescue track	lineage_indel_supported	supports	unresolved_exact_subset_too_small	True	literature-rescue retained; V2 conservation lineage_indel_supported; not promoted	248|249	248	L	249	L	255|256	255	exact_aligned	high	A89 flanking residues align directly to adjacent EV-A71 2C residues	243:VKKEYL|LDGKLD:254	250:VTDSYK|TELGRL:261	255	256	255-256	insertional_handle_SGRPGSLS	8	-5.693258	0.019327	-5.693258	direct_insert_strongly_deleterious	-5.151917	-0.288053	-5.050203	-4.997444;-5.159624	1AAdel_right_residue	-0.288053	deletion_context_partly_deleterious	-2.114803	Bakhache_2024_NatMicrobiol_Dryad_10.5061_dryad.866t1g1xm_QVEU_eva71_dimple_c99331a6	experimental_conflict	experimental_conflict
250|251	250	251	CORE_CAUTION	A89_SF3_helicase_domain_by_PROSITE	True	1.0	0.5505656599998474	0.5990533339671599	0.2355446974060905	2.853570583660673	39.77898646023905	87.87999725341797	False	0.051948	0.987013	0.956007	0.100001	0.0	0.0	1.150206	2.985528	0.38464	0.051948	0.0	0.0	0	0.0	0	1.154204	2.955724	0.39334	0.05914	0.0	0.0	0	0.0	0	0	0.0	1.155238	2.991497	0.385251	0.051948	0.0	0.0	0	none	0	none	0	none	none	max(insertion_type_count,local_deletion_type_count)	structural near-miss	2	burial_lt_0.10;interprotomer_distance_gt_4.5A	False		variable	supports	unresolved_exact_subset_too_small	True	outside_strict_review_only; near-miss plus V2 evolutionary support	250|251	250	D	251	G	257|258;258|259	257-258	ambiguous	low	A89 junction spans multiple EV-A71 residues/junctions in the sequence alignment	245:KEYLLD|GKLDIA:256		257	259	257-259	insertional_handle_SGRPGSLS	8	-5.711649	0.019082	-5.924259;-5.711649	direct_insert_strongly_deleterious							no_direct_deletion_context		Bakhache_2024_NatMicrobiol_Dryad_10.5061_dryad.866t1g1xm_QVEU_eva71_dimple_c99331a6	mapping_uncertain	mapping_uncertain
256|257	256	257	HIGH_RISK	ATPase-to-Zn/Cys-rich_transition	False	0.0	0.3409981429576874	0.285983482380554	0.611650765508655	3.151837512121498	42.93484163230429	91.04000091552734	False	0.181818	0.311688	2.336522	1.726316	0.0	0.0	0.836568	2.336522	0.578221	0.064935	0.0	0.0	0	0.0	0	0.832623	2.271761	0.591237	0.075269	0.0	0.0	0	0.0	0	0	0.0	0.837357	2.346533	0.577689	0.064935	0.0	0.0	0	none	0	none	0	none	none	max(insertion_type_count,local_deletion_type_count)	literature-rescue	4	AF_coil;hexamer_coil_fraction_ge_0.8;burial_lt_0.10;interprotomer_distance_gt_4.5A	True	Li/Baltimore PV insertion after 2C residue 263; A89 mapped literature-rescue track	variable	supports	unresolved_exact_subset_too_small	True	literature-rescue retained; V2 conservation variable; not promoted	256|257	256	A	257	K	264|265	264	exact_aligned	high	A89 flanking residues align directly to adjacent EV-A71 2C residues	251:GKLDIA|KSFRPC:262	259:GRLDAG|RAARLC:270	264	265	264-265	insertional_handle_SGRPGSLS	8	-5.527047	0.021687	-5.527047	direct_insert_strongly_deleterious	-5.204660	-5.067189	-5.112464	-5.186141;-5.208323	1AAdel_right_residue	-5.067189	deletion_context_strongly_deleterious	-1.344341	Bakhache_2024_NatMicrobiol_Dryad_10.5061_dryad.866t1g1xm_QVEU_eva71_dimple_c99331a6	experimental_conflict	experimental_conflict
287|288	287	288	HIGH_RISK	ATPase-to-Zn/Cys-rich_transition	True	1.0	0.2670468091964721	0.2731286348217595	0.0	7.97857785863854	35.35488900968324	88.62000274658203	True	1.0	0.922078	0.0	0.492344	0.0	0.0	1.131641	2.860506	0.58352	0.053333	0.0	0.0	0	0.0	0	1.097397	2.828852	0.594263	0.06044	0.0	0.0	0	0.0	0	0	0.0	1.128816	2.861861	0.58352	0.053333	0.0	0.0	0	none	0	none	0	none	none	max(insertion_type_count,local_deletion_type_count)	strict structural pass	0	none	False		variable	supports	unresolved_exact_subset_too_small	True	reviewable_after_QC; structural pass plus V2 evolutionary support, functional context still required	287|288	287	R	288	N	295|296	295	exact_aligned	high	A89 flanking residues align directly to adjacent EV-A71 2C residues	282:VEFKDR|NSCTTL:293	290:IQLRDR|KSKVRY:301	295	296	295-296	insertional_handle_SGRPGSLS	8	-5.521553	0.021769	-5.521553	direct_insert_strongly_deleterious	-4.983807	-4.781610	-5.363778	-5.163455;-5.348005	1AAdel_right_residue	-4.781610	deletion_context_strongly_deleterious	-2.386101	Bakhache_2024_NatMicrobiol_Dryad_10.5061_dryad.866t1g1xm_QVEU_eva71_dimple_c99331a6	experimental_conflict	experimental_conflict
288|289	288	289	HIGH_RISK	ATPase-to-Zn/Cys-rich_transition	True	1.0	0.3961829841136932	0.4603922361968666	0.0	7.97857785863854	40.4833248371507	88.62000274658203	True	0.922078	0.103896	0.492344	0.981816	0.0	0.0	1.190865	2.860506	0.546723	0.053333	0.0	0.0	0	0.0	0	1.159078	2.828852	0.555284	0.06044	0.0	0.0	0	0.0	0	0	0.0	1.190328	2.861861	0.546363	0.053333	0.0	0.0	0	none	0	none	0	none	none	max(insertion_type_count,local_deletion_type_count)	strict structural pass	0	none	False		variable	supports	unresolved_exact_subset_too_small	True	reviewable_after_QC; structural pass plus V2 evolutionary support, functional context still required	288|289	288	N	289	S	296|297	296	exact_aligned	high	A89 flanking residues align directly to adjacent EV-A71 2C residues	283:EFKDRN|SCTTLS:294	291:QLRDRK|SKVRYS:302	296	297	296-297	insertional_handle_SGRPGSLS	8	-5.152603	0.028113	-5.152603	direct_insert_strongly_deleterious	-4.781610	-5.054477	-5.124464	-5.348005;-5.295791	1AAdel_left_residue	-4.781610	deletion_context_strongly_deleterious	-1.919754	Bakhache_2024_NatMicrobiol_Dryad_10.5061_dryad.866t1g1xm_QVEU_eva71_dimple_c99331a6	experimental_conflict	experimental_conflict
289|290	289	290	HIGH_RISK	ATPase-to-Zn/Cys-rich_transition	True	1.0	0.3961829841136932	0.4603922361968666	0.0	11.411383751320844	45.21923965005797	89.61000061035156	True	0.103896	0.805195	0.981816	0.852051	0.0	0.0	0.95249	2.678681	0.624574	0.053333	0.0	0.0	0	0.0	0	0.92334	2.634514	0.632277	0.06044	0.0	0.0	0	0.0	0	0	0.0	0.95184	2.678681	0.624214	0.053333	0.0	0.0	0	none	0	none	0	none	none	max(insertion_type_count,local_deletion_type_count)	strict structural pass	0	none	False		variable	supports	unresolved_exact_subset_too_small	True	reviewable_after_QC; structural pass plus V2 evolutionary support, functional context still required	289|290	289	S	290	C	297|298	297	exact_aligned	high	A89 flanking residues align directly to adjacent EV-A71 2C residues	284:FKDRNS|CTTLSL:295	292:LRDRKS|KVRYSV:303	297	298	297-298	insertional_handle_SGRPGSLS	8	-3.518970	0.087234	-3.518970	direct_insert_strongly_deleterious	-5.054477	-4.922467	-5.124464	-5.295791;-4.892835	3AAdel_spanning_option_2	-4.892835	deletion_context_strongly_deleterious	-1.840999	Bakhache_2024_NatMicrobiol_Dryad_10.5061_dryad.866t1g1xm_QVEU_eva71_dimple_c99331a6	experimental_conflict	experimental_conflict
290|291	290	291	HIGH_RISK	ATPase-to-Zn/Cys-rich_transition;C-terminal_bundle/RNA-binding_transition	True	1.0	0.3655236661434173	0.3893583393836206	0.0	14.076977854444886	46.08773248666802	91.20999908447266	True	0.805195	0.053333	0.852051	2.610762	0.0	0.0	1.061338	2.678681	0.574791	0.053333	0.0	0.0	0	0.0	0	1.034142	2.634514	0.582994	0.06044	0.0	0.0	0	0.0	0	0	0.0	1.060688	2.678681	0.57443	0.053333	0.0	0.0	0	none	0	none	0	none	none	max(insertion_type_count,local_deletion_type_count)	strict structural pass	0	none	False		variable	supports	unresolved_exact_subset_too_small	True	reviewable_after_QC; structural pass plus V2 evolutionary support, functional context still required	290|291	290	C	291	T	298|299	298	exact_aligned	high	A89 flanking residues align directly to adjacent EV-A71 2C residues	285:KDRNSC|TTLSLS:296	293:RDRKSK|VRYSVD:304	298	299	298-299	insertional_handle_SGRPGSLS	8	-5.214399	0.026935	-5.214399	direct_insert_strongly_deleterious	-4.922467	-4.337596	-4.862299	-4.892835;-5.275486	1AAdel_right_residue	-4.337596	deletion_context_strongly_deleterious	-2.027002	Bakhache_2024_NatMicrobiol_Dryad_10.5061_dryad.866t1g1xm_QVEU_eva71_dimple_c99331a6	experimental_conflict	experimental_conflict
