construct_id	junction	tag_form	tag_sequence	tag_length	left_resid	site_region	model_file	rank	seed	mean_ca_plddt_from_pdb	input_finite_coordinates	input_severe_overlap_pairs_lt1p2A	openmm_status	openmm_pre_clashes_2A	openmm_post_clashes_2A	openmm_native_ca_rmsd_pre_post_A	openmm_local_ca_rmsd_pre_post_A
A89_2C_224_225_AGIA	224|225	AGIA	EEAAGIARP	9	224	224 neighborhood / non-C-terminal core	results/broad_dynamics_009/exploratory_colabfold/A89_2C_224_225_AGIA_unrelaxed_rank_001_alphafold2_ptm_model_1_seed_041.pdb	001	041	40.1460909090909	True	0	not_run_timeout_preserved_for_later_checkpoint	NA	NA	NA	NA
A89_2C_224_225_AGIA	224|225	AGIA	EEAAGIARP	9	224	224 neighborhood / non-C-terminal core	results/broad_dynamics_009/exploratory_colabfold/A89_2C_224_225_AGIA_unrelaxed_rank_002_alphafold2_ptm_model_1_seed_042.pdb	002	042	36.643878787878805	True	1	not_run_timeout_preserved_for_later_checkpoint	NA	NA	NA	NA
A89_2C_224_225_PA14	224|225	PA14	EGGVAMPGAEDDVV	14	224	224 neighborhood / non-C-terminal core	results/broad_dynamics_009/exploratory_colabfold/A89_2C_224_225_PA14_unrelaxed_rank_001_alphafold2_ptm_model_1_seed_041.pdb	001	041	39.39346268656719	True	10	not_run_timeout_preserved_for_later_checkpoint	NA	NA	NA	NA
A89_2C_224_225_PA14	224|225	PA14	EGGVAMPGAEDDVV	14	224	224 neighborhood / non-C-terminal core	results/broad_dynamics_009/exploratory_colabfold/A89_2C_224_225_PA14_unrelaxed_rank_002_alphafold2_ptm_model_1_seed_042.pdb	002	042	36.27313432835822	True	2	not_run_timeout_preserved_for_later_checkpoint	NA	NA	NA	NA
A89_2C_248_249_AGIA	248|249	AGIA	EEAAGIARP	9	248	248-249 historical insertion region	results/broad_dynamics_009/exploratory_colabfold/A89_2C_248_249_AGIA_unrelaxed_rank_001_alphafold2_ptm_model_1_seed_041.pdb	001	041	39.383787878787864	True	0	not_run_timeout_preserved_for_later_checkpoint	NA	NA	NA	NA
A89_2C_248_249_AGIA	248|249	AGIA	EEAAGIARP	9	248	248-249 historical insertion region	results/broad_dynamics_009/exploratory_colabfold/A89_2C_248_249_AGIA_unrelaxed_rank_002_alphafold2_ptm_model_1_seed_042.pdb	002	042	30.208666666666684	True	0	not_run_timeout_preserved_for_later_checkpoint	NA	NA	NA	NA
A89_2C_248_249_PA14	248|249	PA14	EGGVAMPGAEDDVV	14	248	248-249 historical insertion region	results/broad_dynamics_009/exploratory_colabfold/A89_2C_248_249_PA14_unrelaxed_rank_001_alphafold2_ptm_model_1_seed_041.pdb	001	041	39.615223880596986	True	0	not_run_timeout_preserved_for_later_checkpoint	NA	NA	NA	NA
A89_2C_248_249_PA14	248|249	PA14	EGGVAMPGAEDDVV	14	248	248-249 historical insertion region	results/broad_dynamics_009/exploratory_colabfold/A89_2C_248_249_PA14_unrelaxed_rank_002_alphafold2_ptm_model_1_seed_042.pdb	002	042	36.345313432835816	True	1	not_run_timeout_preserved_for_later_checkpoint	NA	NA	NA	NA
A89_2C_288_289_AGIA	288|289	AGIA	EEAAGIARP	9	288	C-terminal 287-291 cluster	results/broad_dynamics_009/exploratory_colabfold/A89_2C_288_289_AGIA_unrelaxed_rank_001_alphafold2_ptm_model_1_seed_041.pdb	001	041	38.61954545454546	True	0	not_run_timeout_preserved_for_later_checkpoint	NA	NA	NA	NA
A89_2C_288_289_AGIA	288|289	AGIA	EEAAGIARP	9	288	C-terminal 287-291 cluster	results/broad_dynamics_009/exploratory_colabfold/A89_2C_288_289_AGIA_unrelaxed_rank_002_alphafold2_ptm_model_1_seed_042.pdb	002	042	35.1573333333333	True	0	not_run_timeout_preserved_for_later_checkpoint	NA	NA	NA	NA
A89_2C_288_289_PA14	288|289	PA14	EGGVAMPGAEDDVV	14	288	C-terminal 287-291 cluster	results/broad_dynamics_009/exploratory_colabfold/A89_2C_288_289_PA14_unrelaxed_rank_001_alphafold2_ptm_model_1_seed_041.pdb	001	041	40.11892537313433	True	0	not_run_timeout_preserved_for_later_checkpoint	NA	NA	NA	NA
A89_2C_288_289_PA14	288|289	PA14	EGGVAMPGAEDDVV	14	288	C-terminal 287-291 cluster	results/broad_dynamics_009/exploratory_colabfold/A89_2C_288_289_PA14_unrelaxed_rank_002_alphafold2_ptm_model_1_seed_042.pdb	002	042	35.04026865671642	True	1	not_run_timeout_preserved_for_later_checkpoint	NA	NA	NA	NA
A89_2C_289_290_AGIA	289|290	AGIA	EEAAGIARP	9	289	C-terminal 287-291 cluster	results/broad_dynamics_009/exploratory_colabfold/A89_2C_289_290_AGIA_unrelaxed_rank_001_alphafold2_ptm_model_1_seed_041.pdb	001	041	40.56442424242425	True	0	not_run_timeout_preserved_for_later_checkpoint	NA	NA	NA	NA
A89_2C_289_290_AGIA	289|290	AGIA	EEAAGIARP	9	289	C-terminal 287-291 cluster	results/broad_dynamics_009/exploratory_colabfold/A89_2C_289_290_AGIA_unrelaxed_rank_002_alphafold2_ptm_model_1_seed_042.pdb	002	042	35.2958787878788	True	1	not_run_timeout_preserved_for_later_checkpoint	NA	NA	NA	NA
A89_2C_289_290_PA14	289|290	PA14	EGGVAMPGAEDDVV	14	289	C-terminal 287-291 cluster	results/broad_dynamics_009/exploratory_colabfold/A89_2C_289_290_PA14_unrelaxed_rank_001_alphafold2_ptm_model_1_seed_041.pdb	001	041	39.282656716417925	True	1	not_run_timeout_preserved_for_later_checkpoint	NA	NA	NA	NA
A89_2C_289_290_PA14	289|290	PA14	EGGVAMPGAEDDVV	14	289	C-terminal 287-291 cluster	results/broad_dynamics_009/exploratory_colabfold/A89_2C_289_290_PA14_unrelaxed_rank_002_alphafold2_ptm_model_1_seed_042.pdb	002	042	34.379641791044776	True	1	not_run_timeout_preserved_for_later_checkpoint	NA	NA	NA	NA
